id,category,name,unit,price,note
board-ldsp-18,board,"ЛДСП кухни складская программа, кромка 1 мм",m2,2520,"Ренессанс · ЛДСП складская программа"
board-hdf,board,"ХДФ",m2,800,"Ренессанс · Прочие материалы"
facade-film,facade,"МДФ Плёнка (ВДМ) 16мм 1 группа, 2 стороны",m2,8290,"Ренессанс · Группы Плёнка МДФ"
facade-enamel,facade,"МДФ Эмаль матовая 16мм (мыло)",m2,11850,"Ренессанс · МДФ ЭМАЛЬ 16мм"
facade-veneer,facade,"Кромка/ориентир шпон (ставка кромки НШ 1гр; фасад уточнять)",lm,290,"В прайсе шпон часто как кромка/спецзаказ — проверять категорию фасада"
facade-frame,facade,"Алюмин. профиль на фасады (узкий)",lm,210,"Ренессанс · АЛЮМИНИЕВЫЙ ПРОФИЛЬ ДЛЯ ФАСАДОВ"
edge-04,edge,"Кромка 0,8х19 (ближайший тонкий аналог; 0,4 в прайсе нет)",lm,80,"Ренессанс · КРОМКА"
edge-2,edge,"Кромка ПВХ 2х19 мм",lm,100,"Ренессанс · КРОМКА"
hinge,hardware,"Петля Boyard накладная с доводчиком",pcs,190,"Ренессанс · ПЕТЛИ"
runner,hardware,"Направляющие Boyard ПВШ DB 3501 на 450 мм",set,260,"Ренессанс · НАПРАВЛЯЮЩИЕ ДЛЯ ЯЩИКОВ ПВШ"
tandem,hardware,"Movento Blum c BLUMOTION S 40кг гл.450",set,7510,"Ренессанс · TANDEM BLUM MOVENTO"
handle,hardware,"Ручка-скоба в тон",pcs,10,"Ренессанс · РУЧКИ (мин. ставка; каталог огромный)"
tip-on,hardware,"Толкатель Push-to-Open Boyard AMF13",pcs,160,"Ренессанс · ПЕТЛИ И КОМПЛЕКТУЮЩИЕ"
leg,hardware,"Опора h22 мм",pcs,60,"Ренессанс · НОЖКИ"
countertop-hpl,countertop,"Столешница Egger 38 мм 1 группа",lm,6880,"Ренессанс · СТОЛЕШНИЦЫ EGGER"
backsplash,countertop,"Стеновая панель Arpa 1 группа",m2,6730,"Ренессанс · ARPA (без кромки); в смете единица м²"
plinth,other,"Цоколь ПВХ №1–4 прямой (Ренессанс)",lm,1290,"Ренессанс · МДФ БАГЕТ/БАЛЮСТРАДА"
false-panel,other,"МДФ Плёнка 16мм 1 группа (как фальшпанель)",m2,8290,"Та же ставка, что facade-film"
led,other,"Профиль + рассеиватель под LED (ориентир комплекта)",lm,210,"Ренессанс · паз под подсветку 210; полный комплект дороже — уточнять"
glass-corrugated,facade,"Стекло/наполнение — уточнять по разделу СТЁКЛА",m2,3000,"Консервативный ориентир; сверять конкретный артикул"
labor-cut,labor,"Раскрой (в прайсе нет явной ставки — внутреннее допущение)",m2,450,"requires_confirmation · нет прямой строки в master_price"
labor-edge,labor,"Кромление работа (допущение)",lm,80,"requires_confirmation · нет прямой строки"
labor-assembly,labor,"Сборка корпусов (допущение)",lm,3500,"requires_confirmation"
labor-delivery,labor,"Доставка (допущение)",job,8000,"requires_confirmation"
labor-install,labor,"Монтаж (допущение)",lm,4500,"requires_confirmation"
labor-measure,labor,"Замер (допущение)",job,5000,"requires_confirmation"
risk-buffer,other,"Запас на риски объекта",job,15000,"Внутреннее консервативное допущение Mebel-LAB"
tall-surcharge,other,"Доплата за пенал (допущение)",pcs,25000,"requires_confirmation"
ren-avira-loft-лофт-заглушка-пластиковая-под-отверстие-черный-0,other,"AVIRA LOFT: Лофт Заглушка пластиковая под отверстие черный",lm,30,"официальная цена · AVIRA LOFT.pdf"
ren-avira-loft-лофт-коннектор-1-черный-1,other,"AVIRA LOFT: Лофт Коннектор 1 черный",pcs,130,"официальная цена · AVIRA LOFT.pdf"
ren-avira-loft-лофт-коннектор-2-черный-2,other,"AVIRA LOFT: Лофт Коннектор 2 черный",pcs,440,"официальная цена · AVIRA LOFT.pdf"
ren-avira-loft-лофт-коннектор-3-с-регулируемой-опорой-черный-3,hardware,"AVIRA LOFT: Лофт Коннектор 3 с регулируемой опорой черный",pcs,520,"официальная цена · AVIRA LOFT.pdf"
ren-avira-loft-лофт-коннектор-3-черный-4,other,"AVIRA LOFT: Лофт Коннектор 3 черный",pcs,490,"официальная цена · AVIRA LOFT.pdf"
ren-avira-loft-лофт-коннектор-4-с-регулируемой-опорой-черный-5,hardware,"AVIRA LOFT: Лофт Коннектор 4 с регулируемой опорой черный",pcs,570,"официальная цена · AVIRA LOFT.pdf"
ren-avira-loft-лофт-коннектор-4-черный-6,other,"AVIRA LOFT: Лофт Коннектор 4 черный",pcs,550,"официальная цена · AVIRA LOFT.pdf"
ren-avira-loft-лофт-коннектор-5-черный-7,other,"AVIRA LOFT: Лофт Коннектор 5 черный",pcs,620,"официальная цена · AVIRA LOFT.pdf"
ren-avira-loft-лофт-шаблон-для-разметки-отверстий-серый-8,other,"AVIRA LOFT: Лофт Шаблон для разметки отверстий серый",set,780,"официальная цена · AVIRA LOFT.pdf"
ren-avira-loft-профиль-для-полок-loft-avira-черный-9,other,"AVIRA LOFT: Профиль для полок LOFT AVIRA черный",lm,1180,"официальная цена · AVIRA LOFT.pdf"
ren-avira-loft-профиль-основной-avira-loft-черный-10,other,"AVIRA LOFT: Профиль основной AVIRA LOFT черный",lm,940,"официальная цена · AVIRA LOFT.pdf"
ren-наценка-за-доп-работы-покраска-алюминиевого-профиля-11,labor,"НАЦЕНКА ЗА ДОП. РАБОТЫ: Покраска алюминиевого профиля",lm,3190,"официальная цена · АЛЮМИНИЕВЫЙ ПРОФИЛЬ.pdf"
ren-алюминиевый-профиль-ручка-комплект-заглушек-для-профиля-с-и-г-2-шт-6-12,hardware,"АЛЮМИНИЕВЫЙ ПРОФИЛЬ РУЧКА: Комплект заглушек для профиля С и Г (2 шт.) №6",set,390,"официальная цена · АЛЮМИНИЕВЫЙ ПРОФИЛЬ.pdf"
ren-алюминиевый-профиль-ручка-комплект-пластиковых-креплений-для-профиля-г-и-с-под-с-13,hardware,"АЛЮМИНИЕВЫЙ ПРОФИЛЬ РУЧКА: Комплект пластиковых креплений для профиля Г и С под саморез (2 шт.)",set,150,"официальная цена · АЛЮМИНИЕВЫЙ ПРОФИЛЬ.pdf"
ren-алюминиевый-профиль-ручка-металлическое-крепление-под-саморез-для-профиля-г-и-с--14,hardware,"АЛЮМИНИЕВЫЙ ПРОФИЛЬ РУЧКА: Металлическое крепление под саморез для профиля Г и С (1шт.)",pcs,130,"официальная цена · АЛЮМИНИЕВЫЙ ПРОФИЛЬ.pdf"
ren-алюминиевый-профиль-ручка-профиль-г-образный-черный-крашеный-матовый-15,hardware,"АЛЮМИНИЕВЫЙ ПРОФИЛЬ РУЧКА: Профиль Г-образный черный крашеный матовый",lm,1200,"официальная цена · АЛЮМИНИЕВЫЙ ПРОФИЛЬ.pdf"
ren-алюминиевый-профиль-ручка-профиль-г-образный-алюминий-анод-16,hardware,"АЛЮМИНИЕВЫЙ ПРОФИЛЬ РУЧКА: Профиль Г-образный, алюминий анод.",lm,1050,"официальная цена · АЛЮМИНИЕВЫЙ ПРОФИЛЬ.pdf"
ren-алюминиевый-профиль-ручка-профиль-г-образный-белый-крашеный-матовый-17,hardware,"АЛЮМИНИЕВЫЙ ПРОФИЛЬ РУЧКА: Профиль Г-образный, белый крашеный матовый",lm,1110,"официальная цена · АЛЮМИНИЕВЫЙ ПРОФИЛЬ.pdf"
ren-алюминиевый-профиль-ручка-профиль-г-образный-золото-анод-18,hardware,"АЛЮМИНИЕВЫЙ ПРОФИЛЬ РУЧКА: Профиль Г-образный, золото анод.",lm,1060,"официальная цена · АЛЮМИНИЕВЫЙ ПРОФИЛЬ.pdf"
ren-алюминиевый-профиль-ручка-профиль-г-образный-шампань-анод-19,hardware,"АЛЮМИНИЕВЫЙ ПРОФИЛЬ РУЧКА: Профиль Г-образный, шампань анод.",lm,1290,"официальная цена · АЛЮМИНИЕВЫЙ ПРОФИЛЬ.pdf"
ren-алюминиевый-профиль-ручка-профиль-н-образный-асимметричный-алюминий-анод-20,hardware,"АЛЮМИНИЕВЫЙ ПРОФИЛЬ РУЧКА: Профиль Н-образный асимметричный, алюминий анод.",lm,1530,"официальная цена · АЛЮМИНИЕВЫЙ ПРОФИЛЬ.pdf"
ren-алюминиевый-профиль-ручка-профиль-н-образный-асимметричный-золото-анод-21,hardware,"АЛЮМИНИЕВЫЙ ПРОФИЛЬ РУЧКА: Профиль Н-образный асимметричный, золото анод.",lm,1610,"официальная цена · АЛЮМИНИЕВЫЙ ПРОФИЛЬ.pdf"
ren-алюминиевый-профиль-ручка-профиль-н-образный-асимметричный-шампань-анод-22,hardware,"АЛЮМИНИЕВЫЙ ПРОФИЛЬ РУЧКА: Профиль Н-образный асимметричный, шампань анод.",lm,1910,"официальная цена · АЛЮМИНИЕВЫЙ ПРОФИЛЬ.pdf"
ren-алюминиевый-профиль-ручка-профиль-н-образный-симметричный-алюминий-анод-23,hardware,"АЛЮМИНИЕВЫЙ ПРОФИЛЬ РУЧКА: Профиль Н-образный симметричный, алюминий анод.",lm,2010,"официальная цена · АЛЮМИНИЕВЫЙ ПРОФИЛЬ.pdf"
ren-алюминиевый-профиль-ручка-профиль-н-образный-симметричный-белый-крашеный-матовый-24,hardware,"АЛЮМИНИЕВЫЙ ПРОФИЛЬ РУЧКА: Профиль Н-образный симметричный, белый крашеный матовый",lm,1850,"официальная цена · АЛЮМИНИЕВЫЙ ПРОФИЛЬ.pdf"
ren-алюминиевый-профиль-ручка-профиль-н-образный-симметричный-золото-анод-25,hardware,"АЛЮМИНИЕВЫЙ ПРОФИЛЬ РУЧКА: Профиль Н-образный симметричный, золото анод.",lm,1850,"официальная цена · АЛЮМИНИЕВЫЙ ПРОФИЛЬ.pdf"
ren-алюминиевый-профиль-ручка-профиль-с-образный-черный-крашеный-матовый-26,hardware,"АЛЮМИНИЕВЫЙ ПРОФИЛЬ РУЧКА: Профиль С-образный черный крашеный матовый",lm,1410,"официальная цена · АЛЮМИНИЕВЫЙ ПРОФИЛЬ.pdf"
ren-алюминиевый-профиль-ручка-профиль-с-образный-алюминий-анод-27,hardware,"АЛЮМИНИЕВЫЙ ПРОФИЛЬ РУЧКА: Профиль С-образный, алюминий анод.",lm,1230,"официальная цена · АЛЮМИНИЕВЫЙ ПРОФИЛЬ.pdf"
ren-алюминиевый-профиль-ручка-профиль-с-образный-белый-крашеный-матовый-28,hardware,"АЛЮМИНИЕВЫЙ ПРОФИЛЬ РУЧКА: Профиль С-образный, белый крашеный матовый",lm,1290,"официальная цена · АЛЮМИНИЕВЫЙ ПРОФИЛЬ.pdf"
ren-алюминиевый-профиль-ручка-профиль-с-образный-золото-анод-29,hardware,"АЛЮМИНИЕВЫЙ ПРОФИЛЬ РУЧКА: Профиль С-образный, золото анод.",lm,1500,"официальная цена · АЛЮМИНИЕВЫЙ ПРОФИЛЬ.pdf"
ren-алюминиевый-профиль-ручка-профиль-с-образный-шампань-анод-30,hardware,"АЛЮМИНИЕВЫЙ ПРОФИЛЬ РУЧКА: Профиль С-образный, шампань анод.",lm,1870,"официальная цена · АЛЮМИНИЕВЫЙ ПРОФИЛЬ.pdf"
ren-алюминиевый-профиль-ручка-ручка-в-верхнюю-базу-под-светодиодную-ленту-алюминий-а-31,hardware,"АЛЮМИНИЕВЫЙ ПРОФИЛЬ РУЧКА: Ручка в верхнюю базу под светодиодную ленту, алюминий анод.",lm,2380,"официальная цена · АЛЮМИНИЕВЫЙ ПРОФИЛЬ.pdf"
ren-алюминиевый-профиль-ручка-ручка-в-верхнюю-базу-под-светодиодную-ленту-белый-краш-32,hardware,"АЛЮМИНИЕВЫЙ ПРОФИЛЬ РУЧКА: Ручка в верхнюю базу под светодиодную ленту, белый крашеный матовый",lm,2060,"официальная цена · АЛЮМИНИЕВЫЙ ПРОФИЛЬ.pdf"
ren-алюминиевый-профиль-ручка-ручка-в-верхнюю-базу-под-светодиодную-ленту-черный-кра-33,hardware,"АЛЮМИНИЕВЫЙ ПРОФИЛЬ РУЧКА: Ручка в верхнюю базу под светодиодную ленту, черный крашеный матовый",lm,2550,"официальная цена · АЛЮМИНИЕВЫЙ ПРОФИЛЬ.pdf"
ren-алюминиевый-профиль-ручка-ручка-в-верхнюю-базу-черный-крашеный-матовый-34,hardware,"АЛЮМИНИЕВЫЙ ПРОФИЛЬ РУЧКА: Ручка в верхнюю базу черный крашеный матовый",lm,1210,"официальная цена · АЛЮМИНИЕВЫЙ ПРОФИЛЬ.pdf"
ren-алюминиевый-профиль-ручка-ручка-в-верхнюю-базу-алюминий-анод-35,hardware,"АЛЮМИНИЕВЫЙ ПРОФИЛЬ РУЧКА: Ручка в верхнюю базу, алюминий анод.",lm,970,"официальная цена · АЛЮМИНИЕВЫЙ ПРОФИЛЬ.pdf"
ren-алюминиевый-профиль-ручка-ручка-в-верхнюю-базу-белый-крашеный-матовый-36,hardware,"АЛЮМИНИЕВЫЙ ПРОФИЛЬ РУЧКА: Ручка в верхнюю базу, белый крашеный матовый",lm,1000,"официальная цена · АЛЮМИНИЕВЫЙ ПРОФИЛЬ.pdf"
ren-алюминиевый-профиль-ручка-ручка-в-верхнюю-базу-золото-анод-37,hardware,"АЛЮМИНИЕВЫЙ ПРОФИЛЬ РУЧКА: Ручка в верхнюю базу, золото анод.",lm,1000,"официальная цена · АЛЮМИНИЕВЫЙ ПРОФИЛЬ.pdf"
ren-алюминиевый-профиль-ручка-ручка-в-верхнюю-базу-черный-крашеный-матовый-38,hardware,"АЛЮМИНИЕВЫЙ ПРОФИЛЬ РУЧКА: Ручка в верхнюю базу, черный крашеный матовый",lm,1160,"официальная цена · АЛЮМИНИЕВЫЙ ПРОФИЛЬ.pdf"
ren-алюминиевый-профиль-ручка-ручка-в-верхнюю-базу-шампань-анод-39,hardware,"АЛЮМИНИЕВЫЙ ПРОФИЛЬ РУЧКА: Ручка в верхнюю базу, шампань анод.",lm,1000,"официальная цена · АЛЮМИНИЕВЫЙ ПРОФИЛЬ.pdf"
ren-алюминиевый-профиль-ручка-уголок-внутренний-для-г-образного-профиля-2-черный-40,hardware,"АЛЮМИНИЕВЫЙ ПРОФИЛЬ РУЧКА: Уголок внутренний для Г-образного профиля №2 черный",pcs,190,"официальная цена · АЛЮМИНИЕВЫЙ ПРОФИЛЬ.pdf"
ren-ручки-системы-gola-крепление-для-ручки-gola-2-комплекта-на-одну-секцию-41,hardware,"РУЧКИ СИСТЕМЫ GOLA: Крепление для ручки Gola, 2 комплекта на одну секцию",pcs,550,"официальная цена · АЛЮМИНИЕВЫЙ ПРОФИЛЬ.pdf"
ren-ручки-системы-gola-профиль-вертикальный-средний-боковой-42,hardware,"РУЧКИ СИСТЕМЫ GOLA: Профиль вертикальный средний, боковой",lm,3320,"официальная цена · АЛЮМИНИЕВЫЙ ПРОФИЛЬ.pdf"
ren-ручки-системы-gola-профиль-верхний-для-нижних-баз-43,hardware,"РУЧКИ СИСТЕМЫ GOLA: Профиль верхний для нижних баз",lm,2220,"официальная цена · АЛЮМИНИЕВЫЙ ПРОФИЛЬ.pdf"
ren-ручки-системы-gola-профиль-для-верхних-баз-44,hardware,"РУЧКИ СИСТЕМЫ GOLA: Профиль для верхних баз",lm,2620,"официальная цена · АЛЮМИНИЕВЫЙ ПРОФИЛЬ.pdf"
ren-ручки-системы-gola-профиль-для-верхних-баз-под-подсветку-45,hardware,"РУЧКИ СИСТЕМЫ GOLA: Профиль для верхних баз под подсветку",lm,1570,"официальная цена · АЛЮМИНИЕВЫЙ ПРОФИЛЬ.pdf"
ren-ручки-системы-gola-профиль-средний-для-нижних-баз-46,hardware,"РУЧКИ СИСТЕМЫ GOLA: Профиль средний для нижних баз",lm,2560,"официальная цена · АЛЮМИНИЕВЫЙ ПРОФИЛЬ.pdf"
ren-алюминиевый-профиль-для-стекла-aristo-профиль-для-полки-с-подсветкой-черный-мато-47,other,"АЛЮМИНИЕВЫЙ ПРОФИЛЬ ДЛЯ СТЕКЛА: ARISTO Профиль для полки с подсветкой, черный матовый",lm,480,"официальная цена · АЛЮМИНИЕВЫЙ ПРОФИЛЬ.pdf"
ren-алюминиевый-профиль-для-стекла-aristo-профиль-крышка-для-полки-с-подсветкой-черн-48,other,"АЛЮМИНИЕВЫЙ ПРОФИЛЬ ДЛЯ СТЕКЛА: ARISTO Профиль-крышка для полки с подсветкой, черный матовый",lm,320,"официальная цена · АЛЮМИНИЕВЫЙ ПРОФИЛЬ.pdf"
ren-алюминиевый-профиль-для-стекла-aristo-рассеиватель-для-полки-с-подсветкой-черный-49,other,"АЛЮМИНИЕВЫЙ ПРОФИЛЬ ДЛЯ СТЕКЛА: ARISTO Рассеиватель для полки с подсветкой, черный матовый",lm,460,"официальная цена · АЛЮМИНИЕВЫЙ ПРОФИЛЬ.pdf"
ren-алюминиевый-профиль-для-стекла-f1-33-3-чм-профиль-рамочный-широкий-45х20х8мм-чер-50,other,"АЛЮМИНИЕВЫЙ ПРОФИЛЬ ДЛЯ СТЕКЛА: F1-33-3 ЧМ Профиль рамочный широкий, 45х20х8мм, черный матовый",lm,1660,"официальная цена · АЛЮМИНИЕВЫЙ ПРОФИЛЬ.pdf"
ren-алюминиевый-профиль-для-стекла-алюмин-профиль-для-стекла-широкий-51,other,"АЛЮМИНИЕВЫЙ ПРОФИЛЬ ДЛЯ СТЕКЛА: Алюмин профиль для стекла (широкий)",lm,1640,"официальная цена · АЛЮМИНИЕВЫЙ ПРОФИЛЬ.pdf"
ren-алюминиевый-профиль-для-стекла-алюмин-профиль-для-стекла-широкий-белый-крашеный-52,other,"АЛЮМИНИЕВЫЙ ПРОФИЛЬ ДЛЯ СТЕКЛА: Алюмин профиль для стекла (широкий, белый крашеный)",lm,1560,"официальная цена · АЛЮМИНИЕВЫЙ ПРОФИЛЬ.pdf"
ren-алюминиевый-профиль-для-стекла-алюмин-профиль-для-стекла-широкий-золото-матовый-53,other,"АЛЮМИНИЕВЫЙ ПРОФИЛЬ ДЛЯ СТЕКЛА: Алюмин профиль для стекла (широкий, золото матовый)",lm,1560,"официальная цена · АЛЮМИНИЕВЫЙ ПРОФИЛЬ.pdf"
ren-алюминиевый-профиль-для-стекла-алюмин-профиль-для-стекла-широкий-серебро-матовый-54,other,"АЛЮМИНИЕВЫЙ ПРОФИЛЬ ДЛЯ СТЕКЛА: Алюмин профиль для стекла (широкий, серебро матовый)",lm,1500,"официальная цена · АЛЮМИНИЕВЫЙ ПРОФИЛЬ.pdf"
ren-алюминиевый-профиль-для-стекла-алюмин-профиль-для-стекла-бронза-широкий-55,other,"АЛЮМИНИЕВЫЙ ПРОФИЛЬ ДЛЯ СТЕКЛА: Алюмин профиль для стекла бронза (широкий)",lm,2120,"официальная цена · АЛЮМИНИЕВЫЙ ПРОФИЛЬ.pdf"
ren-алюминиевый-профиль-для-стекла-алюмин-профиль-для-стекла-узкий-белый-крашеный-56,other,"АЛЮМИНИЕВЫЙ ПРОФИЛЬ ДЛЯ СТЕКЛА: Алюмин профиль для стекла узкий белый крашеный",lm,1030,"официальная цена · АЛЮМИНИЕВЫЙ ПРОФИЛЬ.pdf"
ren-алюминиевый-профиль-для-стекла-алюмин-профиль-для-стекла-узкий-золото-матовый-57,other,"АЛЮМИНИЕВЫЙ ПРОФИЛЬ ДЛЯ СТЕКЛА: Алюмин профиль для стекла узкий золото матовый",lm,1030,"официальная цена · АЛЮМИНИЕВЫЙ ПРОФИЛЬ.pdf"
ren-алюминиевый-профиль-для-стекла-алюмин-профиль-для-стекла-узкий-коньяк-матовый-58,other,"АЛЮМИНИЕВЫЙ ПРОФИЛЬ ДЛЯ СТЕКЛА: Алюмин профиль для стекла узкий коньяк матовый",lm,1030,"официальная цена · АЛЮМИНИЕВЫЙ ПРОФИЛЬ.pdf"
ren-алюминиевый-профиль-для-стекла-алюмин-профиль-для-стекла-узкий-серебро-матовый-59,other,"АЛЮМИНИЕВЫЙ ПРОФИЛЬ ДЛЯ СТЕКЛА: Алюмин профиль для стекла узкий серебро матовый",lm,1000,"официальная цена · АЛЮМИНИЕВЫЙ ПРОФИЛЬ.pdf"
ren-алюминиевый-профиль-для-стекла-алюмин-профиль-для-стекла-узкий-ч-рный-shuco-60,other,"АЛЮМИНИЕВЫЙ ПРОФИЛЬ ДЛЯ СТЕКЛА: Алюмин профиль для стекла узкий чёрный Shuco",lm,3890,"официальная цена · АЛЮМИНИЕВЫЙ ПРОФИЛЬ.pdf"
ren-алюминиевый-профиль-для-стекла-алюмин-профиль-для-стекла-узкий-черный-матовый-61,other,"АЛЮМИНИЕВЫЙ ПРОФИЛЬ ДЛЯ СТЕКЛА: Алюмин профиль для стекла узкий черный матовый",lm,1190,"официальная цена · АЛЮМИНИЕВЫЙ ПРОФИЛЬ.pdf"
ren-алюминиевый-профиль-для-стекла-алюмин-профиль-для-стекла-узкий-шампань-матовый-62,other,"АЛЮМИНИЕВЫЙ ПРОФИЛЬ ДЛЯ СТЕКЛА: Алюмин профиль для стекла узкий шампань матовый",lm,1030,"официальная цена · АЛЮМИНИЕВЫЙ ПРОФИЛЬ.pdf"
ren-алюминиевый-профиль-для-стекла-алюмин-профиль-для-стекла-ч-рный-анодир-широкий-63,other,"АЛЮМИНИЕВЫЙ ПРОФИЛЬ ДЛЯ СТЕКЛА: Алюмин профиль для стекла чёрный анодир. (широкий)",lm,2020,"официальная цена · АЛЮМИНИЕВЫЙ ПРОФИЛЬ.pdf"
ren-алюминиевый-профиль-для-стекла-алюмин-профиль-для-стекла-ч-рный-глянец-широкий-64,other,"АЛЮМИНИЕВЫЙ ПРОФИЛЬ ДЛЯ СТЕКЛА: Алюмин профиль для стекла чёрный глянец (широкий)",lm,2020,"официальная цена · АЛЮМИНИЕВЫЙ ПРОФИЛЬ.pdf"
ren-алюминиевый-профиль-для-стекла-алюмин-профиль-для-стекла-шампань-анодир-широкий-65,other,"АЛЮМИНИЕВЫЙ ПРОФИЛЬ ДЛЯ СТЕКЛА: Алюмин профиль для стекла шампань анодир. (широкий)",lm,1660,"официальная цена · АЛЮМИНИЕВЫЙ ПРОФИЛЬ.pdf"
ren-алюминиевый-профиль-для-стекла-профиль-matrix-вертикальный-v021-9393-l3000мм-цве-66,other,"АЛЮМИНИЕВЫЙ ПРОФИЛЬ ДЛЯ СТЕКЛА: Профиль MATRIX вертикальный V021-9393 L3000мм, цвет золото (Макмарт)",lm,1900,"официальная цена · АЛЮМИНИЕВЫЙ ПРОФИЛЬ.pdf"
ren-алюминиевый-профиль-для-стекла-профиль-matrix-вертикальный-v021-9393-l3000мм-цве-67,other,"АЛЮМИНИЕВЫЙ ПРОФИЛЬ ДЛЯ СТЕКЛА: Профиль MATRIX вертикальный V021-9393 L3000мм, цвет черный (Макмарт)",lm,1900,"официальная цена · АЛЮМИНИЕВЫЙ ПРОФИЛЬ.pdf"
ren-алюминиевый-профиль-для-стекла-профиль-matrix-горизонт-l447мм-золото-с-присадкой-68,other,"АЛЮМИНИЕВЫЙ ПРОФИЛЬ ДЛЯ СТЕКЛА: Профиль MATRIX горизонт, L447мм золото с присадкой под винты (Макмарт)",pcs,1420,"официальная цена · АЛЮМИНИЕВЫЙ ПРОФИЛЬ.pdf"
ren-алюминиевый-профиль-для-стекла-профиль-matrix-горизонт-l447мм-черный-с-присадкой-69,other,"АЛЮМИНИЕВЫЙ ПРОФИЛЬ ДЛЯ СТЕКЛА: Профиль MATRIX горизонт, L447мм черный с присадкой под винты (Макмарт)",pcs,1420,"официальная цена · АЛЮМИНИЕВЫЙ ПРОФИЛЬ.pdf"
ren-алюминиевый-профиль-для-стекла-профиль-matrix-горизонт-l597мм-золото-с-присадкой-70,other,"АЛЮМИНИЕВЫЙ ПРОФИЛЬ ДЛЯ СТЕКЛА: Профиль MATRIX горизонт, L597мм золото с присадкой под винты (Макмарт)",pcs,1560,"официальная цена · АЛЮМИНИЕВЫЙ ПРОФИЛЬ.pdf"
ren-алюминиевый-профиль-для-стекла-профиль-matrix-горизонт-l597мм-черный-с-присадкой-71,other,"АЛЮМИНИЕВЫЙ ПРОФИЛЬ ДЛЯ СТЕКЛА: Профиль MATRIX горизонт, L597мм черный с присадкой под винты (Макмарт)",pcs,1560,"официальная цена · АЛЮМИНИЕВЫЙ ПРОФИЛЬ.pdf"
ren-алюминиевый-профиль-для-стекла-профиль-matrix-горизонт-c-фрез-ручкой-l447мм-золо-72,hardware,"АЛЮМИНИЕВЫЙ ПРОФИЛЬ ДЛЯ СТЕКЛА: Профиль MATRIX горизонт.c фрез.ручкой, L447мм золото с присадкой под винты (Макмарт)",pcs,2460,"официальная цена · АЛЮМИНИЕВЫЙ ПРОФИЛЬ.pdf"
ren-алюминиевый-профиль-для-стекла-профиль-matrix-горизонт-c-фрез-ручкой-l447мм-черн-73,hardware,"АЛЮМИНИЕВЫЙ ПРОФИЛЬ ДЛЯ СТЕКЛА: Профиль MATRIX горизонт.c фрез.ручкой, L447мм черный с присадкой под винты (Макмарт)",pcs,2460,"официальная цена · АЛЮМИНИЕВЫЙ ПРОФИЛЬ.pdf"
ren-алюминиевый-профиль-для-стекла-профиль-matrix-горизонт-c-фрез-ручкой-l597мм-золо-74,hardware,"АЛЮМИНИЕВЫЙ ПРОФИЛЬ ДЛЯ СТЕКЛА: Профиль MATRIX горизонт.c фрез.ручкой, L597мм золото с присадкой под винты (Макмарт)",pcs,2650,"официальная цена · АЛЮМИНИЕВЫЙ ПРОФИЛЬ.pdf"
ren-алюминиевый-профиль-для-стекла-профиль-matrix-горизонт-c-фрез-ручкой-l597мм-черн-75,hardware,"АЛЮМИНИЕВЫЙ ПРОФИЛЬ ДЛЯ СТЕКЛА: Профиль MATRIX горизонт.c фрез.ручкой, L597мм черный с присадкой под винты (Макмарт)",pcs,2650,"официальная цена · АЛЮМИНИЕВЫЙ ПРОФИЛЬ.pdf"
ren-алюминиевый-профиль-для-стекла-профиль-mf30-черный-а26-76,other,"АЛЮМИНИЕВЫЙ ПРОФИЛЬ ДЛЯ СТЕКЛА: Профиль MF30 ЧЕРНЫЙ (А26)",lm,1440,"официальная цена · АЛЮМИНИЕВЫЙ ПРОФИЛЬ.pdf"
ren-алюминиевый-профиль-для-стекла-профиль-mf31-черный-а26-77,other,"АЛЮМИНИЕВЫЙ ПРОФИЛЬ ДЛЯ СТЕКЛА: Профиль MF31 ЧЕРНЫЙ (А26)",pcs,7580,"официальная цена · АЛЮМИНИЕВЫЙ ПРОФИЛЬ.pdf"
ren-алюминиевый-профиль-для-стекла-профиль-для-установки-стекла-в-пластиковые-витрин-78,other,"АЛЮМИНИЕВЫЙ ПРОФИЛЬ ДЛЯ СТЕКЛА: Профиль для установки стекла в пластиковые витрины",lm,710,"официальная цена · АЛЮМИНИЕВЫЙ ПРОФИЛЬ.pdf"
ren-фасадный-профиль-модус-фасадный-профиль-т18-05-модус-латунь-а21-5м-79,facade,"ФАСАДНЫЙ ПРОФИЛЬ МОДУС: Фасадный профиль Т18-05 _МОДУС_ Латунь (А21) (5м)",lm,770,"официальная цена · АЛЮМИНИЕВЫЙ ПРОФИЛЬ.pdf"
ren-фасадный-профиль-модус-фасадный-профиль-т18-05-модус-черный-браш-а25-5м-80,facade,"ФАСАДНЫЙ ПРОФИЛЬ МОДУС: Фасадный профиль Т18-05 _МОДУС_ Черный браш (А25) (5м)",lm,710,"официальная цена · АЛЮМИНИЕВЫЙ ПРОФИЛЬ.pdf"
ren-алюминиевый-профиль-для-фасадов-алюмин-профиль-на-фасады-узкий-81,facade,"АЛЮМИНИЕВЫЙ ПРОФИЛЬ ДЛЯ ФАСАДОВ: Алюмин профиль на фасады (узкий)",lm,210,"официальная цена · АЛЮМИНИЕВЫЙ ПРОФИЛЬ.pdf"
ren-система-aristo-grace-aristo-grace-1000-82,other,"СИСТЕМА ARISTO GRACE: Aristo Grace 1000",pcs,23240,"официальная цена · ДВЕРИ-КУПЕ ARISTO.pdf"
ren-система-aristo-grace-aristo-grace-1100-83,other,"СИСТЕМА ARISTO GRACE: Aristo Grace 1100",pcs,23630,"официальная цена · ДВЕРИ-КУПЕ ARISTO.pdf"
ren-система-aristo-grace-aristo-grace-1200-84,other,"СИСТЕМА ARISTO GRACE: Aristo Grace 1200",pcs,24030,"официальная цена · ДВЕРИ-КУПЕ ARISTO.pdf"
ren-система-aristo-grace-aristo-grace-500-85,other,"СИСТЕМА ARISTO GRACE: Aristo Grace 500",pcs,21300,"официальная цена · ДВЕРИ-КУПЕ ARISTO.pdf"
ren-система-aristo-grace-aristo-grace-600-86,other,"СИСТЕМА ARISTO GRACE: Aristo Grace 600",pcs,21690,"официальная цена · ДВЕРИ-КУПЕ ARISTO.pdf"
ren-система-aristo-grace-aristo-grace-700-87,other,"СИСТЕМА ARISTO GRACE: Aristo Grace 700",pcs,22080,"официальная цена · ДВЕРИ-КУПЕ ARISTO.pdf"
ren-система-aristo-grace-aristo-grace-800-88,other,"СИСТЕМА ARISTO GRACE: Aristo Grace 800",pcs,22460,"официальная цена · ДВЕРИ-КУПЕ ARISTO.pdf"
ren-система-aristo-grace-aristo-grace-900-89,other,"СИСТЕМА ARISTO GRACE: Aristo Grace 900",pcs,22850,"официальная цена · ДВЕРИ-КУПЕ ARISTO.pdf"
ren-система-aristo-grace-aristo-grace-верхняя-направляющая-декоративная-накладка-90,hardware,"СИСТЕМА ARISTO GRACE: Aristo Grace верхняя направляющая + декоративная накладка",lm,2460,"официальная цена · ДВЕРИ-КУПЕ ARISTO.pdf"
ren-система-aristo-grace-aristo-grace-доводчик-двери-91,other,"СИСТЕМА ARISTO GRACE: Aristo Grace доводчик двери",pcs,7350,"официальная цена · ДВЕРИ-КУПЕ ARISTO.pdf"
ren-система-aristo-grace-межсекционный-разделитель-для-дверей-aristo-grace-92,other,"СИСТЕМА ARISTO GRACE: Межсекционный разделитель для дверей ARISTO GRACE",lm,1400,"официальная цена · ДВЕРИ-КУПЕ ARISTO.pdf"
ren-система-aristo-grace-разделитель-для-дверей-aristo-grace-для-наклеивания-93,other,"СИСТЕМА ARISTO GRACE: Разделитель для дверей ARISTO GRACE для наклеивания",lm,450,"официальная цена · ДВЕРИ-КУПЕ ARISTO.pdf"
ren-система-aristo-slim-line-белый-гл-дверь-купе-1000-slim-line-белый-глянец-94,other,"СИСТЕМА ARISTO SLIM LINE БЕЛЫЙ ГЛ: Дверь-купе 1000 Slim Line белый глянец",pcs,12020,"официальная цена · ДВЕРИ-КУПЕ ARISTO.pdf"
ren-система-aristo-slim-line-белый-гл-дверь-купе-500-slim-line-белый-глянец-95,other,"СИСТЕМА ARISTO SLIM LINE БЕЛЫЙ ГЛ: Дверь-купе 500 Slim Line белый глянец",pcs,8880,"официальная цена · ДВЕРИ-КУПЕ ARISTO.pdf"
ren-система-aristo-slim-line-белый-гл-дверь-купе-600-slim-line-белый-глянец-96,other,"СИСТЕМА ARISTO SLIM LINE БЕЛЫЙ ГЛ: Дверь-купе 600 Slim Line белый глянец",pcs,9510,"официальная цена · ДВЕРИ-КУПЕ ARISTO.pdf"
ren-система-aristo-slim-line-белый-гл-дверь-купе-700-slim-line-белый-глянец-97,other,"СИСТЕМА ARISTO SLIM LINE БЕЛЫЙ ГЛ: Дверь-купе 700 Slim Line белый глянец",pcs,10130,"официальная цена · ДВЕРИ-КУПЕ ARISTO.pdf"
ren-система-aristo-slim-line-белый-гл-дверь-купе-800-slim-line-белый-глянец-98,other,"СИСТЕМА ARISTO SLIM LINE БЕЛЫЙ ГЛ: Дверь-купе 800 Slim Line белый глянец",pcs,10760,"официальная цена · ДВЕРИ-КУПЕ ARISTO.pdf"
ren-система-aristo-slim-line-белый-гл-дверь-купе-900-slim-line-белый-глянец-99,other,"СИСТЕМА ARISTO SLIM LINE БЕЛЫЙ ГЛ: Дверь-купе 900 Slim Line белый глянец",pcs,11390,"официальная цена · ДВЕРИ-КУПЕ ARISTO.pdf"
ren-система-aristo-slim-line-белый-гл-межсекционный-профиль-aristo-slim-line-100,other,"СИСТЕМА ARISTO SLIM LINE БЕЛЫЙ ГЛ: Межсекционный профиль Aristo Slim Line",pcs,990,"официальная цена · ДВЕРИ-КУПЕ ARISTO.pdf"
ren-подвесная-система-aristo-4-в-1-4-в-1-доводчик-для-подвесной-системы-arpp10-хром--101,other,"ПОДВЕСНАЯ СИСТЕМА ARISTO 4 В 1: 4 в 1 Доводчик для подвесной системы ARPP10 хром матовый ARISTO",pcs,5440,"официальная цена · ДВЕРИ-КУПЕ ARISTO.pdf"
ren-подвесная-система-aristo-4-в-1-aristo-4-в-1-подвесная-1000-102,other,"ПОДВЕСНАЯ СИСТЕМА ARISTO 4 В 1: Aristo 4 в 1 подвесная 1000",pcs,20740,"официальная цена · ДВЕРИ-КУПЕ ARISTO.pdf"
ren-подвесная-система-aristo-4-в-1-aristo-4-в-1-подвесная-1100-103,other,"ПОДВЕСНАЯ СИСТЕМА ARISTO 4 В 1: Aristo 4 в 1 подвесная 1100",pcs,21040,"официальная цена · ДВЕРИ-КУПЕ ARISTO.pdf"
ren-подвесная-система-aristo-4-в-1-aristo-4-в-1-подвесная-1200-104,other,"ПОДВЕСНАЯ СИСТЕМА ARISTO 4 В 1: Aristo 4 в 1 подвесная 1200",pcs,21330,"официальная цена · ДВЕРИ-КУПЕ ARISTO.pdf"
ren-подвесная-система-aristo-4-в-1-aristo-4-в-1-подвесная-700-105,other,"ПОДВЕСНАЯ СИСТЕМА ARISTO 4 В 1: Aristo 4 в 1 подвесная 700",pcs,19860,"официальная цена · ДВЕРИ-КУПЕ ARISTO.pdf"
ren-подвесная-система-aristo-4-в-1-aristo-4-в-1-подвесная-800-106,other,"ПОДВЕСНАЯ СИСТЕМА ARISTO 4 В 1: Aristo 4 в 1 подвесная 800",pcs,20150,"официальная цена · ДВЕРИ-КУПЕ ARISTO.pdf"
ren-подвесная-система-aristo-4-в-1-aristo-4-в-1-подвесная-900-107,other,"ПОДВЕСНАЯ СИСТЕМА ARISTO 4 В 1: Aristo 4 в 1 подвесная 900",pcs,20450,"официальная цена · ДВЕРИ-КУПЕ ARISTO.pdf"
ren-подвесная-система-aristo-4-в-1-aristo-4-в-1-рейлинг-профиль-3-держателя-2-заглуш-108,other,"ПОДВЕСНАЯ СИСТЕМА ARISTO 4 В 1: Aristo 4 в 1 рейлинг(профиль+3 держателя+2 заглушки)",set,3170,"официальная цена · ДВЕРИ-КУПЕ ARISTO.pdf"
ren-подвесная-система-aristo-4-в-1-верхняя-направляющая-декоративная-накладка-aristo-109,hardware,"ПОДВЕСНАЯ СИСТЕМА ARISTO 4 В 1: Верхняя направляющая + декоративная накладка Aristo 4 в 1",lm,3310,"официальная цена · ДВЕРИ-КУПЕ ARISTO.pdf"
ren-подвесная-система-aristo-4-в-1-межсекционный-профиль-aristo-4-в-1-110,other,"ПОДВЕСНАЯ СИСТЕМА ARISTO 4 В 1: Межсекционный профиль Aristo 4 в 1",lm,1730,"официальная цена · ДВЕРИ-КУПЕ ARISTO.pdf"
ren-система-aristo-стандарт-aristo-aa0250-vr000-zn0ep-co-доводчик-универсальный-для--111,other,"СИСТЕМА ARISTO СТАНДАРТ: ARISTO AA0250.VR000.ZN0EP.CO Доводчик универсальный для дверей 30-50 кг",pcs,7160,"официальная цена · ДВЕРИ-КУПЕ ARISTO.pdf"
ren-система-aristo-стандарт-aristo-aa0270-vr000-zn0ep-co-доводчик-универсальный-для--112,other,"СИСТЕМА ARISTO СТАНДАРТ: ARISTO AA0270.VR000.ZN0EP.CO Доводчик универсальный для дверей 50-70 кг",set,7160,"официальная цена · ДВЕРИ-КУПЕ ARISTO.pdf"
ren-система-aristo-стандарт-aristo-стандарт-fusion-1000-113,other,"СИСТЕМА ARISTO СТАНДАРТ: Aristo стандарт Fusion 1000",pcs,16490,"официальная цена · ДВЕРИ-КУПЕ ARISTO.pdf"
ren-система-aristo-стандарт-aristo-стандарт-fusion-500-114,other,"СИСТЕМА ARISTO СТАНДАРТ: Aristo стандарт Fusion 500",pcs,14060,"официальная цена · ДВЕРИ-КУПЕ ARISTO.pdf"
ren-система-aristo-стандарт-aristo-стандарт-fusion-600-115,other,"СИСТЕМА ARISTO СТАНДАРТ: Aristo стандарт Fusion 600",pcs,14550,"официальная цена · ДВЕРИ-КУПЕ ARISTO.pdf"
ren-система-aristo-стандарт-aristo-стандарт-fusion-700-116,other,"СИСТЕМА ARISTO СТАНДАРТ: Aristo стандарт Fusion 700",pcs,15040,"официальная цена · ДВЕРИ-КУПЕ ARISTO.pdf"
ren-система-aristo-стандарт-aristo-стандарт-fusion-800-117,other,"СИСТЕМА ARISTO СТАНДАРТ: Aristo стандарт Fusion 800",pcs,15520,"официальная цена · ДВЕРИ-КУПЕ ARISTO.pdf"
ren-система-aristo-стандарт-aristo-стандарт-fusion-900-118,other,"СИСТЕМА ARISTO СТАНДАРТ: Aristo стандарт Fusion 900",pcs,16010,"официальная цена · ДВЕРИ-КУПЕ ARISTO.pdf"
ren-система-aristo-стандарт-aristo-стандарт-fusion-черный-матовый-1000-119,other,"СИСТЕМА ARISTO СТАНДАРТ: Aristo стандарт Fusion черный матовый 1000",pcs,16490,"официальная цена · ДВЕРИ-КУПЕ ARISTO.pdf"
ren-система-aristo-стандарт-aristo-стандарт-fusion-черный-матовый-500-120,other,"СИСТЕМА ARISTO СТАНДАРТ: Aristo стандарт Fusion черный матовый 500",pcs,14060,"официальная цена · ДВЕРИ-КУПЕ ARISTO.pdf"
ren-система-aristo-стандарт-aristo-стандарт-fusion-черный-матовый-600-121,other,"СИСТЕМА ARISTO СТАНДАРТ: Aristo стандарт Fusion черный матовый 600",pcs,14550,"официальная цена · ДВЕРИ-КУПЕ ARISTO.pdf"
ren-система-aristo-стандарт-aristo-стандарт-fusion-черный-матовый-700-122,other,"СИСТЕМА ARISTO СТАНДАРТ: Aristo стандарт Fusion черный матовый 700",pcs,15040,"официальная цена · ДВЕРИ-КУПЕ ARISTO.pdf"
ren-система-aristo-стандарт-aristo-стандарт-fusion-черный-матовый-800-123,other,"СИСТЕМА ARISTO СТАНДАРТ: Aristo стандарт Fusion черный матовый 800",pcs,15520,"официальная цена · ДВЕРИ-КУПЕ ARISTO.pdf"
ren-система-aristo-стандарт-aristo-стандарт-fusion-черный-матовый-900-124,other,"СИСТЕМА ARISTO СТАНДАРТ: Aristo стандарт Fusion черный матовый 900",pcs,16010,"официальная цена · ДВЕРИ-КУПЕ ARISTO.pdf"
ren-система-aristo-стандарт-дверь-купе-aristo-стандарт-1000-125,other,"СИСТЕМА ARISTO СТАНДАРТ: Дверь-купе Aristo Стандарт 1000",pcs,11620,"официальная цена · ДВЕРИ-КУПЕ ARISTO.pdf"
ren-система-aristo-стандарт-дверь-купе-aristo-стандарт-500-126,other,"СИСТЕМА ARISTO СТАНДАРТ: Дверь-купе Aristo Стандарт 500",pcs,9190,"официальная цена · ДВЕРИ-КУПЕ ARISTO.pdf"
ren-система-aristo-стандарт-дверь-купе-aristo-стандарт-600-127,other,"СИСТЕМА ARISTO СТАНДАРТ: Дверь-купе Aristo Стандарт 600",pcs,9680,"официальная цена · ДВЕРИ-КУПЕ ARISTO.pdf"
ren-система-aristo-стандарт-дверь-купе-aristo-стандарт-700-128,other,"СИСТЕМА ARISTO СТАНДАРТ: Дверь-купе Aristo Стандарт 700",pcs,10160,"официальная цена · ДВЕРИ-КУПЕ ARISTO.pdf"
ren-система-aristo-стандарт-дверь-купе-aristo-стандарт-800-129,other,"СИСТЕМА ARISTO СТАНДАРТ: Дверь-купе Aristo Стандарт 800",pcs,10650,"официальная цена · ДВЕРИ-КУПЕ ARISTO.pdf"
ren-система-aristo-стандарт-дверь-купе-aristo-стандарт-900-130,other,"СИСТЕМА ARISTO СТАНДАРТ: Дверь-купе Aristo Стандарт 900",pcs,11130,"официальная цена · ДВЕРИ-КУПЕ ARISTO.pdf"
ren-система-aristo-стандарт-межсекционный-профиль-aristo-стандарт-131,other,"СИСТЕМА ARISTO СТАНДАРТ: Межсекционный профиль Aristo Стандарт",lm,860,"официальная цена · ДВЕРИ-КУПЕ ARISTO.pdf"
ren-система-aristo-эконом-дверь-купе-aristo-эконом-1000-132,other,"СИСТЕМА ARISTO ЭКОНОМ: Дверь-купе Aristo Эконом 1000",pcs,7510,"официальная цена · ДВЕРИ-КУПЕ ARISTO.pdf"
ren-система-aristo-эконом-дверь-купе-aristo-эконом-500-133,other,"СИСТЕМА ARISTO ЭКОНОМ: Дверь-купе Aristo Эконом 500",pcs,5900,"официальная цена · ДВЕРИ-КУПЕ ARISTO.pdf"
ren-система-aristo-эконом-дверь-купе-aristo-эконом-600-134,other,"СИСТЕМА ARISTO ЭКОНОМ: Дверь-купе Aristo Эконом 600",pcs,6230,"официальная цена · ДВЕРИ-КУПЕ ARISTO.pdf"
ren-система-aristo-эконом-дверь-купе-aristo-эконом-700-135,other,"СИСТЕМА ARISTO ЭКОНОМ: Дверь-купе Aristo Эконом 700",pcs,6550,"официальная цена · ДВЕРИ-КУПЕ ARISTO.pdf"
ren-система-aristo-эконом-дверь-купе-aristo-эконом-800-136,other,"СИСТЕМА ARISTO ЭКОНОМ: Дверь-купе Aristo Эконом 800",pcs,6870,"официальная цена · ДВЕРИ-КУПЕ ARISTO.pdf"
ren-система-aristo-эконом-дверь-купе-aristo-эконом-900-137,other,"СИСТЕМА ARISTO ЭКОНОМ: Дверь-купе Aristo Эконом 900",pcs,7190,"официальная цена · ДВЕРИ-КУПЕ ARISTO.pdf"
ren-система-aristo-эконом-межсекционный-профиль-aristo-эконом-138,other,"СИСТЕМА ARISTO ЭКОНОМ: Межсекционный профиль Aristo Эконом",lm,370,"официальная цена · ДВЕРИ-КУПЕ ARISTO.pdf"
ren-система-aristo-4-в-1-складная-aristo-4-в-1-складная-1000-139,other,"СИСТЕМА ARISTO 4 В 1 СКЛАДНАЯ: Aristo 4 в 1 складная 1000",pcs,31070,"официальная цена · ДВЕРИ-КУПЕ ARISTO.pdf"
ren-система-aristo-4-в-1-складная-aristo-4-в-1-складная-1100-140,other,"СИСТЕМА ARISTO 4 В 1 СКЛАДНАЯ: Aristo 4 в 1 складная 1100",pcs,31360,"официальная цена · ДВЕРИ-КУПЕ ARISTO.pdf"
ren-система-aristo-4-в-1-складная-aristo-4-в-1-складная-1200-141,other,"СИСТЕМА ARISTO 4 В 1 СКЛАДНАЯ: Aristo 4 в 1 складная 1200",pcs,31650,"официальная цена · ДВЕРИ-КУПЕ ARISTO.pdf"
ren-система-aristo-4-в-1-складная-aristo-4-в-1-складная-700-142,other,"СИСТЕМА ARISTO 4 В 1 СКЛАДНАЯ: Aristo 4 в 1 складная 700",pcs,30180,"официальная цена · ДВЕРИ-КУПЕ ARISTO.pdf"
ren-система-aristo-4-в-1-складная-aristo-4-в-1-складная-800-143,other,"СИСТЕМА ARISTO 4 В 1 СКЛАДНАЯ: Aristo 4 в 1 складная 800",pcs,30480,"официальная цена · ДВЕРИ-КУПЕ ARISTO.pdf"
ren-система-aristo-4-в-1-складная-aristo-4-в-1-складная-900-144,other,"СИСТЕМА ARISTO 4 В 1 СКЛАДНАЯ: Aristo 4 в 1 складная 900",pcs,30770,"официальная цена · ДВЕРИ-КУПЕ ARISTO.pdf"
ren-система-aristo-nova-aristo-nova-дверь-145,other,"СИСТЕМА ARISTO NOVA: Aristo NOVA дверь",pcs,17970,"официальная цена · ДВЕРИ-КУПЕ ARISTO.pdf"
ren-система-aristo-nova-верхняя-направляющая-aristo-nova-146,hardware,"СИСТЕМА ARISTO NOVA: Верхняя направляющая Aristo NOVA",lm,2070,"официальная цена · ДВЕРИ-КУПЕ ARISTO.pdf"
ren-система-aristo-nova-межсекционный-профиль-aristo-nova-147,other,"СИСТЕМА ARISTO NOVA: Межсекционный профиль ARISTO NOVA",lm,270,"официальная цена · ДВЕРИ-КУПЕ ARISTO.pdf"
ren-система-aristo-nova-нижняя-направляющая-aristo-nova-148,hardware,"СИСТЕМА ARISTO NOVA: Нижняя направляющая Aristo Nova",lm,1160,"официальная цена · ДВЕРИ-КУПЕ ARISTO.pdf"
ren-система-aristo-slim-line-серебро-aristo-slim-line-1000-149,other,"СИСТЕМА ARISTO SLIM LINE СЕРЕБРО: Aristo Slim Line 1000",pcs,9910,"официальная цена · ДВЕРИ-КУПЕ ARISTO.pdf"
ren-система-aristo-slim-line-серебро-aristo-slim-line-500-150,other,"СИСТЕМА ARISTO SLIM LINE СЕРЕБРО: Aristo Slim Line 500",pcs,7450,"официальная цена · ДВЕРИ-КУПЕ ARISTO.pdf"
ren-система-aristo-slim-line-серебро-aristo-slim-line-600-151,other,"СИСТЕМА ARISTO SLIM LINE СЕРЕБРО: Aristo Slim Line 600",pcs,7940,"официальная цена · ДВЕРИ-КУПЕ ARISTO.pdf"
ren-система-aristo-slim-line-серебро-aristo-slim-line-700-152,other,"СИСТЕМА ARISTO SLIM LINE СЕРЕБРО: Aristo Slim Line 700",pcs,8430,"официальная цена · ДВЕРИ-КУПЕ ARISTO.pdf"
ren-система-aristo-slim-line-серебро-aristo-slim-line-800-153,other,"СИСТЕМА ARISTO SLIM LINE СЕРЕБРО: Aristo Slim Line 800",pcs,8920,"официальная цена · ДВЕРИ-КУПЕ ARISTO.pdf"
ren-система-aristo-slim-line-серебро-aristo-slim-line-900-154,other,"СИСТЕМА ARISTO SLIM LINE СЕРЕБРО: Aristo Slim Line 900",pcs,9420,"официальная цена · ДВЕРИ-КУПЕ ARISTO.pdf"
ren-система-aristo-slim-line-серебро-разделитель-для-дверей-купе-slim-line-155,other,"СИСТЕМА ARISTO SLIM LINE СЕРЕБРО: Разделитель для дверей купе Slim Line",lm,990,"официальная цена · ДВЕРИ-КУПЕ ARISTO.pdf"
ren-двери-купе-opk-modus-s62-opk-направляющая-верхняя-нижняя-серебро-156,hardware,"ДВЕРИ-КУПЕ OPK: MODUS S62 OPK Направляющая верхняя + нижняя Серебро",lm,2720,"официальная цена · ДВЕРИ-КУПЕ OPK.pdf"
ren-двери-купе-opk-белый-разделитель-наполнения-157,other,"ДВЕРИ-КУПЕ OPK: Белый Разделитель наполнения",lm,880,"официальная цена · ДВЕРИ-КУПЕ OPK.pdf"
ren-двери-купе-opk-белый-створка-на-1000мм-158,other,"ДВЕРИ-КУПЕ OPK: Белый Створка на 1000мм",pcs,6960,"официальная цена · ДВЕРИ-КУПЕ OPK.pdf"
ren-двери-купе-opk-белый-створка-на-1100мм-159,other,"ДВЕРИ-КУПЕ OPK: Белый Створка на 1100мм",pcs,7170,"официальная цена · ДВЕРИ-КУПЕ OPK.pdf"
ren-двери-купе-opk-белый-створка-на-1200мм-160,other,"ДВЕРИ-КУПЕ OPK: Белый Створка на 1200мм",pcs,7380,"официальная цена · ДВЕРИ-КУПЕ OPK.pdf"
ren-двери-купе-opk-белый-створка-на-500мм-161,other,"ДВЕРИ-КУПЕ OPK: Белый Створка на 500мм",pcs,5900,"официальная цена · ДВЕРИ-КУПЕ OPK.pdf"
ren-двери-купе-opk-белый-створка-на-600мм-162,other,"ДВЕРИ-КУПЕ OPK: Белый Створка на 600мм",pcs,6110,"официальная цена · ДВЕРИ-КУПЕ OPK.pdf"
ren-двери-купе-opk-белый-створка-на-700мм-163,other,"ДВЕРИ-КУПЕ OPK: Белый Створка на 700мм",pcs,6320,"официальная цена · ДВЕРИ-КУПЕ OPK.pdf"
ren-двери-купе-opk-белый-створка-на-800мм-164,other,"ДВЕРИ-КУПЕ OPK: Белый Створка на 800мм",pcs,6530,"официальная цена · ДВЕРИ-КУПЕ OPK.pdf"
ren-двери-купе-opk-белый-створка-на-900мм-165,other,"ДВЕРИ-КУПЕ OPK: Белый Створка на 900мм",pcs,6750,"официальная цена · ДВЕРИ-КУПЕ OPK.pdf"
ren-двери-купе-opk-комплект-роликов-для-2-ух-дверей-166,other,"ДВЕРИ-КУПЕ OPK: Комплект роликов для 2-ух дверей",set,20800,"официальная цена · ДВЕРИ-КУПЕ OPK.pdf"
ren-двери-купе-opk-серебро-разделитель-наполнения-167,other,"ДВЕРИ-КУПЕ OPK: Серебро Разделитель наполнения",lm,660,"официальная цена · ДВЕРИ-КУПЕ OPK.pdf"
ren-двери-купе-opk-серебро-створка-на-1000мм-168,other,"ДВЕРИ-КУПЕ OPK: Серебро Створка на 1000мм",pcs,6740,"официальная цена · ДВЕРИ-КУПЕ OPK.pdf"
ren-двери-купе-opk-серебро-створка-на-1100мм-169,other,"ДВЕРИ-КУПЕ OPK: Серебро Створка на 1100мм",pcs,6960,"официальная цена · ДВЕРИ-КУПЕ OPK.pdf"
ren-двери-купе-opk-серебро-створка-на-1200мм-170,other,"ДВЕРИ-КУПЕ OPK: Серебро Створка на 1200мм",pcs,7170,"официальная цена · ДВЕРИ-КУПЕ OPK.pdf"
ren-двери-купе-opk-серебро-створка-на-500мм-171,other,"ДВЕРИ-КУПЕ OPK: Серебро Створка на 500мм",pcs,5690,"официальная цена · ДВЕРИ-КУПЕ OPK.pdf"
ren-двери-купе-opk-серебро-створка-на-600мм-172,other,"ДВЕРИ-КУПЕ OPK: Серебро Створка на 600мм",pcs,5900,"официальная цена · ДВЕРИ-КУПЕ OPK.pdf"
ren-двери-купе-opk-серебро-створка-на-700мм-173,other,"ДВЕРИ-КУПЕ OPK: Серебро Створка на 700мм",pcs,6110,"официальная цена · ДВЕРИ-КУПЕ OPK.pdf"
ren-двери-купе-opk-серебро-створка-на-800мм-174,other,"ДВЕРИ-КУПЕ OPK: Серебро Створка на 800мм",pcs,6320,"официальная цена · ДВЕРИ-КУПЕ OPK.pdf"
ren-двери-купе-opk-серебро-створка-на-900мм-175,other,"ДВЕРИ-КУПЕ OPK: Серебро Створка на 900мм",pcs,6530,"официальная цена · ДВЕРИ-КУПЕ OPK.pdf"
ren-двери-купе-opk-черный-браш-разделитель-наполнения-176,other,"ДВЕРИ-КУПЕ OPK: Черный Браш Разделитель наполнения",lm,780,"официальная цена · ДВЕРИ-КУПЕ OPK.pdf"
ren-двери-купе-opk-черный-браш-створка-на-1000мм-177,other,"ДВЕРИ-КУПЕ OPK: Черный Браш Створка на 1000мм",pcs,7920,"официальная цена · ДВЕРИ-КУПЕ OPK.pdf"
ren-двери-купе-opk-черный-браш-створка-на-1100мм-178,other,"ДВЕРИ-КУПЕ OPK: Черный Браш Створка на 1100мм",pcs,8170,"официальная цена · ДВЕРИ-КУПЕ OPK.pdf"
ren-двери-купе-opk-черный-браш-створка-на-1200мм-179,other,"ДВЕРИ-КУПЕ OPK: Черный Браш Створка на 1200мм",pcs,8420,"официальная цена · ДВЕРИ-КУПЕ OPK.pdf"
ren-двери-купе-opk-черный-браш-створка-на-500мм-180,other,"ДВЕРИ-КУПЕ OPK: Черный Браш Створка на 500мм",pcs,6640,"официальная цена · ДВЕРИ-КУПЕ OPK.pdf"
ren-двери-купе-opk-черный-браш-створка-на-600мм-181,other,"ДВЕРИ-КУПЕ OPK: Черный Браш Створка на 600мм",pcs,6900,"официальная цена · ДВЕРИ-КУПЕ OPK.pdf"
ren-двери-купе-opk-черный-браш-створка-на-700мм-182,other,"ДВЕРИ-КУПЕ OPK: Черный Браш Створка на 700мм",pcs,7150,"официальная цена · ДВЕРИ-КУПЕ OPK.pdf"
ren-двери-купе-opk-черный-браш-створка-на-800мм-183,other,"ДВЕРИ-КУПЕ OPK: Черный Браш Створка на 800мм",pcs,7410,"официальная цена · ДВЕРИ-КУПЕ OPK.pdf"
ren-двери-купе-opk-черный-браш-створка-на-900мм-184,other,"ДВЕРИ-КУПЕ OPK: Черный Браш Створка на 900мм",pcs,7660,"официальная цена · ДВЕРИ-КУПЕ OPK.pdf"
ren-система-one-pulse-доводчик-для-средней-двери-185,other,"СИСТЕМА ONE PULSE: Доводчик для средней двери",set,2830,"официальная цена · ДВЕРИ-КУПЕ ПРОЧЕЕ.pdf"
ren-система-one-pulse-комплект-направляющих-верх-и-низ-l-3000-мм-186,hardware,"СИСТЕМА ONE PULSE: Комплект направляющих (верх и низ), L 3000 мм",lm,2250,"официальная цена · ДВЕРИ-КУПЕ ПРОЧЕЕ.pdf"
ren-система-one-pulse-комплект-роликов-и-доводчиков-на-2-двери-187,other,"СИСТЕМА ONE PULSE: Комплект роликов и доводчиков на 2 двери",set,9760,"официальная цена · ДВЕРИ-КУПЕ ПРОЧЕЕ.pdf"
ren-система-one-pulse-комплект-роликов-и-доводчиков-на-3-двери-188,other,"СИСТЕМА ONE PULSE: Комплект роликов и доводчиков на 3 двери",set,12260,"официальная цена · ДВЕРИ-КУПЕ ПРОЧЕЕ.pdf"
ren-система-hettich-top-line-l-top-line-l-комплект-направляющих-189,hardware,"СИСТЕМА HETTICH TOP LINE L: Top line L комплект направляющих",set,10630,"официальная цена · ДВЕРИ-КУПЕ ПРОЧЕЕ.pdf"
ren-система-hettich-top-line-l-top-line-xl-комплект-направляющих-190,hardware,"СИСТЕМА HETTICH TOP LINE L: Top line XL комплект направляющих",set,22030,"официальная цена · ДВЕРИ-КУПЕ ПРОЧЕЕ.pdf"
ren-система-hettich-top-line-l-topline-l-для-2-х-дверей-191,other,"СИСТЕМА HETTICH TOP LINE L: TopLine L для 2-х дверей",set,37350,"официальная цена · ДВЕРИ-КУПЕ ПРОЧЕЕ.pdf"
ren-система-hettich-top-line-l-topline-l-для-3-х-дверей-192,other,"СИСТЕМА HETTICH TOP LINE L: TopLine L для 3-х дверей",set,63680,"официальная цена · ДВЕРИ-КУПЕ ПРОЧЕЕ.pdf"
ren-система-hettich-top-line-l-topline-xl-для-2-дверей-193,other,"СИСТЕМА HETTICH TOP LINE L: TopLine XL для 2 дверей",set,41940,"официальная цена · ДВЕРИ-КУПЕ ПРОЧЕЕ.pdf"
ren-механизм-hettich-wingline-wingline-230-для-1-складной-двери-комплект-профилей-24-194,other,"МЕХАНИЗМ HETTICH WINGLINE: WINGLINE 230 для 1 складной двери+комплект профилей(2400)",set,72850,"официальная цена · ДВЕРИ-КУПЕ ПРОЧЕЕ.pdf"
ren-механизм-hettich-wingline-wingline-l-механизм-комплект-профилей-1200-195,other,"МЕХАНИЗМ HETTICH WINGLINE: WingLine L механизм+комплект профилей(1200)",set,14870,"официальная цена · ДВЕРИ-КУПЕ ПРОЧЕЕ.pdf"
ren-направляющие-для-пивотных-дверей-пивотные-направляющие-196,hardware,"НАПРАВЛЯЮЩИЕ ДЛЯ ПИВОТНЫХ ДВЕРЕЙ: Пивотные направляющие",lm,830,"официальная цена · ДВЕРИ-КУПЕ ПРОЧЕЕ.pdf"
ren-юнислайд-вставка-толщина-16-18мм-доводчик-юнислайд-197,other,"ЮНИСЛАЙД (ВСТАВКА ТОЛЩИНА 16-18ММ): Доводчик Юнислайд",pcs,5200,"официальная цена · ДВЕРИ-КУПЕ ПРОЧЕЕ.pdf"
ren-юнислайд-вставка-толщина-16-18мм-юнислайд-1000-198,other,"ЮНИСЛАЙД (ВСТАВКА ТОЛЩИНА 16-18ММ): Юнислайд 1000",pcs,5330,"официальная цена · ДВЕРИ-КУПЕ ПРОЧЕЕ.pdf"
ren-юнислайд-вставка-толщина-16-18мм-юнислайд-500-199,other,"ЮНИСЛАЙД (ВСТАВКА ТОЛЩИНА 16-18ММ): Юнислайд 500",pcs,3810,"официальная цена · ДВЕРИ-КУПЕ ПРОЧЕЕ.pdf"
ren-юнислайд-вставка-толщина-16-18мм-юнислайд-600-200,other,"ЮНИСЛАЙД (ВСТАВКА ТОЛЩИНА 16-18ММ): Юнислайд 600",pcs,4110,"официальная цена · ДВЕРИ-КУПЕ ПРОЧЕЕ.pdf"
ren-юнислайд-вставка-толщина-16-18мм-юнислайд-700-201,other,"ЮНИСЛАЙД (ВСТАВКА ТОЛЩИНА 16-18ММ): Юнислайд 700",pcs,4420,"официальная цена · ДВЕРИ-КУПЕ ПРОЧЕЕ.pdf"
ren-юнислайд-вставка-толщина-16-18мм-юнислайд-800-202,other,"ЮНИСЛАЙД (ВСТАВКА ТОЛЩИНА 16-18ММ): Юнислайд 800",pcs,4720,"официальная цена · ДВЕРИ-КУПЕ ПРОЧЕЕ.pdf"
ren-юнислайд-вставка-толщина-16-18мм-юнислайд-900-203,other,"ЮНИСЛАЙД (ВСТАВКА ТОЛЩИНА 16-18ММ): Юнислайд 900",pcs,5030,"официальная цена · ДВЕРИ-КУПЕ ПРОЧЕЕ.pdf"
ren-рамир-klipper-дверь-купе-1000-шампань-klipper-204,other,"РАМИР KLIPPER: Дверь-купе 1000 шампань Klipper",pcs,7350,"официальная цена · ДВЕРИ-КУПЕ РАМИР KLIPPER.pdf"
ren-рамир-klipper-дверь-купе-500-шампань-klipper-205,other,"РАМИР KLIPPER: Дверь-купе 500 шампань Klipper",pcs,6010,"официальная цена · ДВЕРИ-КУПЕ РАМИР KLIPPER.pdf"
ren-рамир-klipper-дверь-купе-600-шампань-klipper-206,other,"РАМИР KLIPPER: Дверь-купе 600 шампань Klipper",pcs,6280,"официальная цена · ДВЕРИ-КУПЕ РАМИР KLIPPER.pdf"
ren-рамир-klipper-дверь-купе-700-шампань-klipper-207,other,"РАМИР KLIPPER: Дверь-купе 700 шампань Klipper",pcs,6550,"официальная цена · ДВЕРИ-КУПЕ РАМИР KLIPPER.pdf"
ren-рамир-klipper-дверь-купе-800-шампань-klipper-208,other,"РАМИР KLIPPER: Дверь-купе 800 шампань Klipper",pcs,6820,"официальная цена · ДВЕРИ-КУПЕ РАМИР KLIPPER.pdf"
ren-рамир-klipper-дверь-купе-900-шампань-klipper-209,other,"РАМИР KLIPPER: Дверь-купе 900 шампань Klipper",pcs,7080,"официальная цена · ДВЕРИ-КУПЕ РАМИР KLIPPER.pdf"
ren-рамир-klipper-браш-дверь-купе-1000-браш-хром-klipper-210,other,"РАМИР KLIPPER БРАШ: Дверь-купе 1000 браш хром Klipper",pcs,7930,"официальная цена · ДВЕРИ-КУПЕ РАМИР KLIPPER.pdf"
ren-рамир-klipper-браш-дверь-купе-500-браш-хром-klipper-211,other,"РАМИР KLIPPER БРАШ: Дверь-купе 500 браш хром Klipper",pcs,6460,"официальная цена · ДВЕРИ-КУПЕ РАМИР KLIPPER.pdf"
ren-рамир-klipper-браш-дверь-купе-600-браш-хром-klipper-212,other,"РАМИР KLIPPER БРАШ: Дверь-купе 600 браш хром Klipper",pcs,6760,"официальная цена · ДВЕРИ-КУПЕ РАМИР KLIPPER.pdf"
ren-рамир-klipper-браш-дверь-купе-700-браш-хром-klipper-213,other,"РАМИР KLIPPER БРАШ: Дверь-купе 700 браш хром Klipper",pcs,7050,"официальная цена · ДВЕРИ-КУПЕ РАМИР KLIPPER.pdf"
ren-рамир-klipper-браш-дверь-купе-800-браш-хром-klipper-214,other,"РАМИР KLIPPER БРАШ: Дверь-купе 800 браш хром Klipper",pcs,7350,"официальная цена · ДВЕРИ-КУПЕ РАМИР KLIPPER.pdf"
ren-рамир-klipper-браш-дверь-купе-900-браш-хром-klipper-215,other,"РАМИР KLIPPER БРАШ: Дверь-купе 900 браш хром Klipper",pcs,7640,"официальная цена · ДВЕРИ-КУПЕ РАМИР KLIPPER.pdf"
ren-рамир-praim-хром-дверь-купе-1000-хром-praim-216,other,"РАМИР PRAIM ХРОМ: Дверь-купе 1000 хром PRAIM",pcs,6210,"официальная цена · ДВЕРИ-КУПЕ РАМИР PRAIM.pdf"
ren-рамир-praim-хром-дверь-купе-500-хром-praim-217,other,"РАМИР PRAIM ХРОМ: Дверь-купе 500 хром PRAIM",pcs,5250,"официальная цена · ДВЕРИ-КУПЕ РАМИР PRAIM.pdf"
ren-рамир-praim-хром-дверь-купе-600-хром-praim-218,other,"РАМИР PRAIM ХРОМ: Дверь-купе 600 хром PRAIM",pcs,5440,"официальная цена · ДВЕРИ-КУПЕ РАМИР PRAIM.pdf"
ren-рамир-praim-хром-дверь-купе-700-хром-praim-219,other,"РАМИР PRAIM ХРОМ: Дверь-купе 700 хром PRAIM",pcs,5640,"официальная цена · ДВЕРИ-КУПЕ РАМИР PRAIM.pdf"
ren-рамир-praim-хром-дверь-купе-800-хром-praim-220,other,"РАМИР PRAIM ХРОМ: Дверь-купе 800 хром PRAIM",pcs,5830,"официальная цена · ДВЕРИ-КУПЕ РАМИР PRAIM.pdf"
ren-рамир-praim-хром-дверь-купе-900-хром-praim-221,other,"РАМИР PRAIM ХРОМ: Дверь-купе 900 хром PRAIM",pcs,6020,"официальная цена · ДВЕРИ-КУПЕ РАМИР PRAIM.pdf"
ren-рамир-praim-ферара-дверь-купе-1000-ферара-т-мный-praim-222,other,"РАМИР PRAIM ФЕРАРА: Дверь-купе 1000 ферара тёмный PRAIM",pcs,8570,"официальная цена · ДВЕРИ-КУПЕ РАМИР PRAIM.pdf"
ren-рамир-praim-ферара-дверь-купе-500-ферара-т-мный-praim-223,other,"РАМИР PRAIM ФЕРАРА: Дверь-купе 500 ферара тёмный PRAIM",pcs,7240,"официальная цена · ДВЕРИ-КУПЕ РАМИР PRAIM.pdf"
ren-рамир-praim-ферара-дверь-купе-600-ферара-т-мный-praim-224,other,"РАМИР PRAIM ФЕРАРА: Дверь-купе 600 ферара тёмный PRAIM",pcs,7510,"официальная цена · ДВЕРИ-КУПЕ РАМИР PRAIM.pdf"
ren-рамир-praim-ферара-дверь-купе-700-ферара-т-мный-praim-225,other,"РАМИР PRAIM ФЕРАРА: Дверь-купе 700 ферара тёмный PRAIM",pcs,7770,"официальная цена · ДВЕРИ-КУПЕ РАМИР PRAIM.pdf"
ren-рамир-praim-ферара-дверь-купе-800-ферара-т-мный-praim-226,other,"РАМИР PRAIM ФЕРАРА: Дверь-купе 800 ферара тёмный PRAIM",pcs,8040,"официальная цена · ДВЕРИ-КУПЕ РАМИР PRAIM.pdf"
ren-рамир-praim-ферара-дверь-купе-900-ферара-т-мный-praim-227,other,"РАМИР PRAIM ФЕРАРА: Дверь-купе 900 ферара тёмный PRAIM",pcs,8310,"официальная цена · ДВЕРИ-КУПЕ РАМИР PRAIM.pdf"
ren-рамир-узкий-профиль-modus-дверь-купе-1000-узкий-профиль-modus-серебро-228,other,"РАМИР УЗКИЙ ПРОФИЛЬ MODUS: Дверь-купе 1000 узкий профиль Modus серебро",pcs,11330,"официальная цена · ДВЕРИ-КУПЕ РАМИР УЗКИЙ ПРОФИЛЬ.pdf"
ren-рамир-узкий-профиль-modus-дверь-купе-500-узкий-профиль-modus-серебро-229,other,"РАМИР УЗКИЙ ПРОФИЛЬ MODUS: Дверь-купе 500 узкий профиль Modus серебро",pcs,9110,"официальная цена · ДВЕРИ-КУПЕ РАМИР УЗКИЙ ПРОФИЛЬ.pdf"
ren-рамир-узкий-профиль-modus-дверь-купе-600-узкий-профиль-modus-серебро-230,other,"РАМИР УЗКИЙ ПРОФИЛЬ MODUS: Дверь-купе 600 узкий профиль Modus серебро",pcs,9550,"официальная цена · ДВЕРИ-КУПЕ РАМИР УЗКИЙ ПРОФИЛЬ.pdf"
ren-рамир-узкий-профиль-modus-дверь-купе-700-узкий-профиль-modus-серебро-231,other,"РАМИР УЗКИЙ ПРОФИЛЬ MODUS: Дверь-купе 700 узкий профиль Modus серебро",pcs,10000,"официальная цена · ДВЕРИ-КУПЕ РАМИР УЗКИЙ ПРОФИЛЬ.pdf"
ren-рамир-узкий-профиль-modus-дверь-купе-800-узкий-профиль-modus-серебро-232,other,"РАМИР УЗКИЙ ПРОФИЛЬ MODUS: Дверь-купе 800 узкий профиль Modus серебро",pcs,10440,"официальная цена · ДВЕРИ-КУПЕ РАМИР УЗКИЙ ПРОФИЛЬ.pdf"
ren-рамир-узкий-профиль-modus-дверь-купе-900-узкий-профиль-modus-серебро-233,other,"РАМИР УЗКИЙ ПРОФИЛЬ MODUS: Дверь-купе 900 узкий профиль Modus серебро",pcs,10890,"официальная цена · ДВЕРИ-КУПЕ РАМИР УЗКИЙ ПРОФИЛЬ.pdf"
ren-рамир-узкий-профиль-modus-разделитель-для-дверей-купе-modus-234,other,"РАМИР УЗКИЙ ПРОФИЛЬ MODUS: Разделитель для дверей купе Modus",lm,660,"официальная цена · ДВЕРИ-КУПЕ РАМИР УЗКИЙ ПРОФИЛЬ.pdf"
ren-рамир-узкий-профиль-серебро-дверь-купе-1000-узкий-профиль-doksal-серебро-235,other,"РАМИР УЗКИЙ ПРОФИЛЬ СЕРЕБРО: Дверь-купе 1000 узкий профиль Doksal серебро",pcs,6490,"официальная цена · ДВЕРИ-КУПЕ РАМИР УЗКИЙ ПРОФИЛЬ.pdf"
ren-рамир-узкий-профиль-серебро-дверь-купе-500-узкий-профиль-doksal-серебро-236,other,"РАМИР УЗКИЙ ПРОФИЛЬ СЕРЕБРО: Дверь-купе 500 узкий профиль Doksal серебро",pcs,5430,"официальная цена · ДВЕРИ-КУПЕ РАМИР УЗКИЙ ПРОФИЛЬ.pdf"
ren-рамир-узкий-профиль-серебро-дверь-купе-600-узкий-профиль-doksal-серебро-237,other,"РАМИР УЗКИЙ ПРОФИЛЬ СЕРЕБРО: Дверь-купе 600 узкий профиль Doksal серебро",pcs,5640,"официальная цена · ДВЕРИ-КУПЕ РАМИР УЗКИЙ ПРОФИЛЬ.pdf"
ren-рамир-узкий-профиль-серебро-дверь-купе-700-узкий-профиль-doksal-серебро-238,other,"РАМИР УЗКИЙ ПРОФИЛЬ СЕРЕБРО: Дверь-купе 700 узкий профиль Doksal серебро",pcs,5860,"официальная цена · ДВЕРИ-КУПЕ РАМИР УЗКИЙ ПРОФИЛЬ.pdf"
ren-рамир-узкий-профиль-серебро-дверь-купе-800-узкий-профиль-doksal-серебро-239,other,"РАМИР УЗКИЙ ПРОФИЛЬ СЕРЕБРО: Дверь-купе 800 узкий профиль Doksal серебро",pcs,6070,"официальная цена · ДВЕРИ-КУПЕ РАМИР УЗКИЙ ПРОФИЛЬ.pdf"
ren-рамир-узкий-профиль-серебро-дверь-купе-900-узкий-профиль-doksal-серебро-240,other,"РАМИР УЗКИЙ ПРОФИЛЬ СЕРЕБРО: Дверь-купе 900 узкий профиль Doksal серебро",pcs,6280,"официальная цена · ДВЕРИ-КУПЕ РАМИР УЗКИЙ ПРОФИЛЬ.pdf"
ren-рамир-узкий-профиль-modus-черный-браш-дверь-купе-1000-узкий-профиль-modus-черный-241,other,"РАМИР УЗКИЙ ПРОФИЛЬ MODUS ЧЕРНЫЙ БРАШ: Дверь-купе 1000 узкий профиль Modus ЧЕРНЫЙ БРАШ (164)",pcs,12800,"официальная цена · ДВЕРИ-КУПЕ РАМИР УЗКИЙ ПРОФИЛЬ.pdf"
ren-рамир-узкий-профиль-modus-черный-браш-дверь-купе-500-узкий-профиль-modus-черный--242,other,"РАМИР УЗКИЙ ПРОФИЛЬ MODUS ЧЕРНЫЙ БРАШ: Дверь-купе 500 узкий профиль Modus ЧЕРНЫЙ БРАШ (164)",pcs,10100,"официальная цена · ДВЕРИ-КУПЕ РАМИР УЗКИЙ ПРОФИЛЬ.pdf"
ren-рамир-узкий-профиль-modus-черный-браш-дверь-купе-600-узкий-профиль-modus-черный--243,other,"РАМИР УЗКИЙ ПРОФИЛЬ MODUS ЧЕРНЫЙ БРАШ: Дверь-купе 600 узкий профиль Modus ЧЕРНЫЙ БРАШ (164)",pcs,10640,"официальная цена · ДВЕРИ-КУПЕ РАМИР УЗКИЙ ПРОФИЛЬ.pdf"
ren-рамир-узкий-профиль-modus-черный-браш-дверь-купе-700-узкий-профиль-modus-черный--244,other,"РАМИР УЗКИЙ ПРОФИЛЬ MODUS ЧЕРНЫЙ БРАШ: Дверь-купе 700 узкий профиль Modus ЧЕРНЫЙ БРАШ (164)",pcs,11180,"официальная цена · ДВЕРИ-КУПЕ РАМИР УЗКИЙ ПРОФИЛЬ.pdf"
ren-рамир-узкий-профиль-modus-черный-браш-дверь-купе-800-узкий-профиль-modus-черный--245,other,"РАМИР УЗКИЙ ПРОФИЛЬ MODUS ЧЕРНЫЙ БРАШ: Дверь-купе 800 узкий профиль Modus ЧЕРНЫЙ БРАШ (164)",pcs,11720,"официальная цена · ДВЕРИ-КУПЕ РАМИР УЗКИЙ ПРОФИЛЬ.pdf"
ren-рамир-узкий-профиль-modus-черный-браш-дверь-купе-900-узкий-профиль-modus-черный--246,other,"РАМИР УЗКИЙ ПРОФИЛЬ MODUS ЧЕРНЫЙ БРАШ: Дверь-купе 900 узкий профиль Modus ЧЕРНЫЙ БРАШ (164)",pcs,12260,"официальная цена · ДВЕРИ-КУПЕ РАМИР УЗКИЙ ПРОФИЛЬ.pdf"
ren-рамир-узкий-профиль-modus-черный-браш-разделитель-для-дверей-купе-modus-черный-б-247,other,"РАМИР УЗКИЙ ПРОФИЛЬ MODUS ЧЕРНЫЙ БРАШ: Разделитель для дверей купе Modus ЧЕРНЫЙ БРАШ",lm,780,"официальная цена · ДВЕРИ-КУПЕ РАМИР УЗКИЙ ПРОФИЛЬ.pdf"
ren-рамир-узкий-профиль-modus-серебро-браш-дверь-купе-1000-узкий-профиль-modus-сереб-248,other,"РАМИР УЗКИЙ ПРОФИЛЬ MODUS СЕРЕБРО БРАШ: Дверь-купе 1000 узкий профиль Modus серебро Браш",pcs,14840,"официальная цена · ДВЕРИ-КУПЕ РАМИР УЗКИЙ ПРОФИЛЬ.pdf"
ren-рамир-узкий-профиль-modus-серебро-браш-дверь-купе-500-узкий-профиль-modus-серебр-249,other,"РАМИР УЗКИЙ ПРОФИЛЬ MODUS СЕРЕБРО БРАШ: Дверь-купе 500 узкий профиль Modus серебро Браш",pcs,11490,"официальная цена · ДВЕРИ-КУПЕ РАМИР УЗКИЙ ПРОФИЛЬ.pdf"
ren-рамир-узкий-профиль-modus-серебро-браш-дверь-купе-600-узкий-профиль-modus-серебр-250,other,"РАМИР УЗКИЙ ПРОФИЛЬ MODUS СЕРЕБРО БРАШ: Дверь-купе 600 узкий профиль Modus серебро Браш",pcs,12160,"официальная цена · ДВЕРИ-КУПЕ РАМИР УЗКИЙ ПРОФИЛЬ.pdf"
ren-рамир-узкий-профиль-modus-серебро-браш-дверь-купе-700-узкий-профиль-modus-серебр-251,other,"РАМИР УЗКИЙ ПРОФИЛЬ MODUS СЕРЕБРО БРАШ: Дверь-купе 700 узкий профиль Modus серебро Браш",pcs,12830,"официальная цена · ДВЕРИ-КУПЕ РАМИР УЗКИЙ ПРОФИЛЬ.pdf"
ren-рамир-узкий-профиль-modus-серебро-браш-дверь-купе-800-узкий-профиль-modus-серебр-252,other,"РАМИР УЗКИЙ ПРОФИЛЬ MODUS СЕРЕБРО БРАШ: Дверь-купе 800 узкий профиль Modus серебро Браш",pcs,13500,"официальная цена · ДВЕРИ-КУПЕ РАМИР УЗКИЙ ПРОФИЛЬ.pdf"
ren-рамир-узкий-профиль-modus-серебро-браш-дверь-купе-900-узкий-профиль-modus-серебр-253,other,"РАМИР УЗКИЙ ПРОФИЛЬ MODUS СЕРЕБРО БРАШ: Дверь-купе 900 узкий профиль Modus серебро Браш",pcs,14170,"официальная цена · ДВЕРИ-КУПЕ РАМИР УЗКИЙ ПРОФИЛЬ.pdf"
ren-рамир-узкий-профиль-modus-серебро-браш-разделитель-для-дверей-купе-серебро-браш--254,other,"РАМИР УЗКИЙ ПРОФИЛЬ MODUS СЕРЕБРО БРАШ: Разделитель для дверей купе Серебро Браш узкий",lm,370,"официальная цена · ДВЕРИ-КУПЕ РАМИР УЗКИЙ ПРОФИЛЬ.pdf"
ren-дверь-купе-yashina-серебро-дверь-купе-yashina-серебро-1000-255,other,"ДВЕРЬ КУПЕ YASHINA СЕРЕБРО: Дверь купе Yashina серебро 1000",pcs,5360,"официальная цена · ДВЕРИ-КУПЕ РАМИР УЗКИЙ ПРОФИЛЬ.pdf"
ren-дверь-купе-yashina-серебро-дверь-купе-yashina-серебро-500-256,other,"ДВЕРЬ КУПЕ YASHINA СЕРЕБРО: Дверь купе Yashina серебро 500",pcs,4400,"официальная цена · ДВЕРИ-КУПЕ РАМИР УЗКИЙ ПРОФИЛЬ.pdf"
ren-дверь-купе-yashina-серебро-дверь-купе-yashina-серебро-600-257,other,"ДВЕРЬ КУПЕ YASHINA СЕРЕБРО: Дверь купе Yashina серебро 600",pcs,4600,"официальная цена · ДВЕРИ-КУПЕ РАМИР УЗКИЙ ПРОФИЛЬ.pdf"
ren-дверь-купе-yashina-серебро-дверь-купе-yashina-серебро-700-258,other,"ДВЕРЬ КУПЕ YASHINA СЕРЕБРО: Дверь купе Yashina серебро 700",pcs,4790,"официальная цена · ДВЕРИ-КУПЕ РАМИР УЗКИЙ ПРОФИЛЬ.pdf"
ren-дверь-купе-yashina-серебро-дверь-купе-yashina-серебро-800-259,other,"ДВЕРЬ КУПЕ YASHINA СЕРЕБРО: Дверь купе Yashina серебро 800",pcs,4980,"официальная цена · ДВЕРИ-КУПЕ РАМИР УЗКИЙ ПРОФИЛЬ.pdf"
ren-дверь-купе-yashina-серебро-дверь-купе-yashina-серебро-900-260,other,"ДВЕРЬ КУПЕ YASHINA СЕРЕБРО: Дверь купе Yashina серебро 900",pcs,5170,"официальная цена · ДВЕРИ-КУПЕ РАМИР УЗКИЙ ПРОФИЛЬ.pdf"
ren-дверь-купе-yashina-серебро-разделитель-для-дверей-купе-yashina-серебро-261,other,"ДВЕРЬ КУПЕ YASHINA СЕРЕБРО: Разделитель для дверей купе Yashina Серебро",lm,400,"официальная цена · ДВЕРИ-КУПЕ РАМИР УЗКИЙ ПРОФИЛЬ.pdf"
ren-дверь-купе-yashina-браш-дверь-купе-yashina-браш-золот-браш-серебро-браш-графит-1-262,other,"ДВЕРЬ КУПЕ YASHINA БРАШ: Дверь купе Yashina Браш Золот,Браш Серебро, Браш Графит 1000",pcs,7460,"официальная цена · ДВЕРИ-КУПЕ РАМИР УЗКИЙ ПРОФИЛЬ.pdf"
ren-дверь-купе-yashina-браш-дверь-купе-yashina-браш-золот-браш-серебро-браш-графит-5-263,other,"ДВЕРЬ КУПЕ YASHINA БРАШ: Дверь купе Yashina Браш Золот,Браш Серебро, Браш Графит 500",pcs,5990,"официальная цена · ДВЕРИ-КУПЕ РАМИР УЗКИЙ ПРОФИЛЬ.pdf"
ren-дверь-купе-yashina-браш-дверь-купе-yashina-браш-золот-браш-серебро-браш-графит-6-264,other,"ДВЕРЬ КУПЕ YASHINA БРАШ: Дверь купе Yashina Браш Золот,Браш Серебро, Браш Графит 600",pcs,6280,"официальная цена · ДВЕРИ-КУПЕ РАМИР УЗКИЙ ПРОФИЛЬ.pdf"
ren-дверь-купе-yashina-браш-дверь-купе-yashina-браш-золот-браш-серебро-браш-графит-7-265,other,"ДВЕРЬ КУПЕ YASHINA БРАШ: Дверь купе Yashina Браш Золот,Браш Серебро, Браш Графит 700",pcs,6570,"официальная цена · ДВЕРИ-КУПЕ РАМИР УЗКИЙ ПРОФИЛЬ.pdf"
ren-дверь-купе-yashina-браш-дверь-купе-yashina-браш-золот-браш-серебро-браш-графит-8-266,other,"ДВЕРЬ КУПЕ YASHINA БРАШ: Дверь купе Yashina Браш Золот,Браш Серебро, Браш Графит 800",pcs,6870,"официальная цена · ДВЕРИ-КУПЕ РАМИР УЗКИЙ ПРОФИЛЬ.pdf"
ren-дверь-купе-yashina-браш-дверь-купе-yashina-браш-золот-браш-серебро-браш-графит-9-267,other,"ДВЕРЬ КУПЕ YASHINA БРАШ: Дверь купе Yashina Браш Золот,Браш Серебро, Браш Графит 900",pcs,7160,"официальная цена · ДВЕРИ-КУПЕ РАМИР УЗКИЙ ПРОФИЛЬ.pdf"
ren-дверь-купе-yashina-браш-разделитель-для-дверей-купе-yashina-браш-268,other,"ДВЕРЬ КУПЕ YASHINA БРАШ: Разделитель для дверей купе Yashina Браш",lm,400,"официальная цена · ДВЕРИ-КУПЕ РАМИР УЗКИЙ ПРОФИЛЬ.pdf"
ren-дверь-купе-yashina-глянец-дверь-купе-yashina-черный-глянец-белый-глянец-1000-269,other,"ДВЕРЬ КУПЕ YASHINA ГЛЯНЕЦ: Дверь купе Yashina Черный глянец,Белый глянец 1000",pcs,8520,"официальная цена · ДВЕРИ-КУПЕ РАМИР УЗКИЙ ПРОФИЛЬ.pdf"
ren-дверь-купе-yashina-глянец-дверь-купе-yashina-черный-глянец-белый-глянец-500-270,other,"ДВЕРЬ КУПЕ YASHINA ГЛЯНЕЦ: Дверь купе Yashina Черный глянец,Белый глянец 500",pcs,7240,"официальная цена · ДВЕРИ-КУПЕ РАМИР УЗКИЙ ПРОФИЛЬ.pdf"
ren-дверь-купе-yashina-глянец-дверь-купе-yashina-черный-глянец-белый-глянец-600-271,other,"ДВЕРЬ КУПЕ YASHINA ГЛЯНЕЦ: Дверь купе Yashina Черный глянец,Белый глянец 600",pcs,7490,"официальная цена · ДВЕРИ-КУПЕ РАМИР УЗКИЙ ПРОФИЛЬ.pdf"
ren-дверь-купе-yashina-глянец-дверь-купе-yashina-черный-глянец-белый-глянец-700-272,other,"ДВЕРЬ КУПЕ YASHINA ГЛЯНЕЦ: Дверь купе Yashina Черный глянец,Белый глянец 700",pcs,7750,"официальная цена · ДВЕРИ-КУПЕ РАМИР УЗКИЙ ПРОФИЛЬ.pdf"
ren-дверь-купе-yashina-глянец-дверь-купе-yashina-черный-глянец-белый-глянец-800-273,other,"ДВЕРЬ КУПЕ YASHINA ГЛЯНЕЦ: Дверь купе Yashina Черный глянец,Белый глянец 800",pcs,8010,"официальная цена · ДВЕРИ-КУПЕ РАМИР УЗКИЙ ПРОФИЛЬ.pdf"
ren-дверь-купе-yashina-глянец-дверь-купе-yashina-черный-глянец-белый-глянец-900-274,other,"ДВЕРЬ КУПЕ YASHINA ГЛЯНЕЦ: Дверь купе Yashina Черный глянец,Белый глянец 900",pcs,8270,"официальная цена · ДВЕРИ-КУПЕ РАМИР УЗКИЙ ПРОФИЛЬ.pdf"
ren-дверь-купе-yashina-глянец-разделитель-для-дверей-купе-yashina-глянец-275,other,"ДВЕРЬ КУПЕ YASHINA ГЛЯНЕЦ: Разделитель для дверей купе Yashina Глянец",lm,400,"официальная цена · ДВЕРИ-КУПЕ РАМИР УЗКИЙ ПРОФИЛЬ.pdf"
ren-дверь-купе-yashinа-золото-шампань-дверь-купе-yashina-шампань-золото-1000-276,other,"ДВЕРЬ КУПЕ YASHINА ЗОЛОТО, ШАМПАНЬ: Дверь купе Yashina Шампань,Золото 1000",pcs,7300,"официальная цена · ДВЕРИ-КУПЕ РАМИР УЗКИЙ ПРОФИЛЬ.pdf"
ren-дверь-купе-yashinа-золото-шампань-дверь-купе-yashina-шампань-золото-500-277,other,"ДВЕРЬ КУПЕ YASHINА ЗОЛОТО, ШАМПАНЬ: Дверь купе Yashina Шампань,Золото 500",pcs,5960,"официальная цена · ДВЕРИ-КУПЕ РАМИР УЗКИЙ ПРОФИЛЬ.pdf"
ren-дверь-купе-yashinа-золото-шампань-дверь-купе-yashina-шампань-золото-600-278,other,"ДВЕРЬ КУПЕ YASHINА ЗОЛОТО, ШАМПАНЬ: Дверь купе Yashina Шампань,Золото 600",pcs,6230,"официальная цена · ДВЕРИ-КУПЕ РАМИР УЗКИЙ ПРОФИЛЬ.pdf"
ren-дверь-купе-yashinа-золото-шампань-дверь-купе-yashina-шампань-золото-700-279,other,"ДВЕРЬ КУПЕ YASHINА ЗОЛОТО, ШАМПАНЬ: Дверь купе Yashina Шампань,Золото 700",pcs,6500,"официальная цена · ДВЕРИ-КУПЕ РАМИР УЗКИЙ ПРОФИЛЬ.pdf"
ren-дверь-купе-yashinа-золото-шампань-дверь-купе-yashina-шампань-золото-800-280,other,"ДВЕРЬ КУПЕ YASHINА ЗОЛОТО, ШАМПАНЬ: Дверь купе Yashina Шампань,Золото 800",pcs,6770,"официальная цена · ДВЕРИ-КУПЕ РАМИР УЗКИЙ ПРОФИЛЬ.pdf"
ren-дверь-купе-yashinа-золото-шампань-дверь-купе-yashina-шампань-золото-900-281,other,"ДВЕРЬ КУПЕ YASHINА ЗОЛОТО, ШАМПАНЬ: Дверь купе Yashina Шампань,Золото 900",pcs,7030,"официальная цена · ДВЕРИ-КУПЕ РАМИР УЗКИЙ ПРОФИЛЬ.pdf"
ren-дверь-купе-yashinа-золото-шампань-разделитель-для-дверей-купе-yashina-золото-шам-282,other,"ДВЕРЬ КУПЕ YASHINА ЗОЛОТО, ШАМПАНЬ: Разделитель для дверей купе Yashina золото, шампань",lm,400,"официальная цена · ДВЕРИ-КУПЕ РАМИР УЗКИЙ ПРОФИЛЬ.pdf"
ren-рамир-узкий-профиль-modus-золото-браш-дверь-купе-1000-узкий-профиль-modus-золото-283,other,"РАМИР УЗКИЙ ПРОФИЛЬ MODUS ЗОЛОТО БРАШ: Дверь-купе 1000 узкий профиль Modus золото Браш",pcs,14310,"официальная цена · ДВЕРИ-КУПЕ РАМИР УЗКИЙ ПРОФИЛЬ.pdf"
ren-рамир-узкий-профиль-modus-золото-браш-дверь-купе-500-узкий-профиль-modus-золото--284,other,"РАМИР УЗКИЙ ПРОФИЛЬ MODUS ЗОЛОТО БРАШ: Дверь-купе 500 узкий профиль Modus золото Браш",pcs,11350,"официальная цена · ДВЕРИ-КУПЕ РАМИР УЗКИЙ ПРОФИЛЬ.pdf"
ren-рамир-узкий-профиль-modus-золото-браш-дверь-купе-600-узкий-профиль-modus-золото--285,other,"РАМИР УЗКИЙ ПРОФИЛЬ MODUS ЗОЛОТО БРАШ: Дверь-купе 600 узкий профиль Modus золото Браш",pcs,11940,"официальная цена · ДВЕРИ-КУПЕ РАМИР УЗКИЙ ПРОФИЛЬ.pdf"
ren-рамир-узкий-профиль-modus-золото-браш-дверь-купе-700-узкий-профиль-modus-золото--286,other,"РАМИР УЗКИЙ ПРОФИЛЬ MODUS ЗОЛОТО БРАШ: Дверь-купе 700 узкий профиль Modus золото Браш",pcs,12540,"официальная цена · ДВЕРИ-КУПЕ РАМИР УЗКИЙ ПРОФИЛЬ.pdf"
ren-рамир-узкий-профиль-modus-золото-браш-дверь-купе-800-узкий-профиль-modus-золото--287,other,"РАМИР УЗКИЙ ПРОФИЛЬ MODUS ЗОЛОТО БРАШ: Дверь-купе 800 узкий профиль Modus золото Браш",pcs,13130,"официальная цена · ДВЕРИ-КУПЕ РАМИР УЗКИЙ ПРОФИЛЬ.pdf"
ren-рамир-узкий-профиль-modus-золото-браш-дверь-купе-900-узкий-профиль-modus-золото--288,other,"РАМИР УЗКИЙ ПРОФИЛЬ MODUS ЗОЛОТО БРАШ: Дверь-купе 900 узкий профиль Modus золото Браш",pcs,13720,"официальная цена · ДВЕРИ-КУПЕ РАМИР УЗКИЙ ПРОФИЛЬ.pdf"
ren-рамир-узкий-профиль-modus-золото-браш-межсекционный-профиль-modus-золото-браш-289,other,"РАМИР УЗКИЙ ПРОФИЛЬ MODUS ЗОЛОТО БРАШ: Межсекционный профиль Modus золото браш",lm,930,"официальная цена · ДВЕРИ-КУПЕ РАМИР УЗКИЙ ПРОФИЛЬ.pdf"
ren-двери-купе-рамир-ручка-н-дверь-купе-1000-ручка-н-290,hardware,"ДВЕРИ-КУПЕ РАМИР РУЧКА Н: Дверь-купе 1000 ручка Н",pcs,6570,"официальная цена · ДВЕРИ-КУПЕ РАМИР.pdf"
ren-двери-купе-рамир-ручка-н-дверь-купе-1000-ручка-н-черный-муар-291,hardware,"ДВЕРИ-КУПЕ РАМИР РУЧКА Н: Дверь-купе 1000 ручка Н черный муар",pcs,10880,"официальная цена · ДВЕРИ-КУПЕ РАМИР.pdf"
ren-двери-купе-рамир-ручка-н-дверь-купе-500-ручка-н-292,hardware,"ДВЕРИ-КУПЕ РАМИР РУЧКА Н: Дверь-купе 500 ручка Н",pcs,5690,"официальная цена · ДВЕРИ-КУПЕ РАМИР.pdf"
ren-двери-купе-рамир-ручка-н-дверь-купе-500-ручка-н-черный-муар-293,hardware,"ДВЕРИ-КУПЕ РАМИР РУЧКА Н: Дверь-купе 500 ручка Н черный муар",pcs,9600,"официальная цена · ДВЕРИ-КУПЕ РАМИР.pdf"
ren-двери-купе-рамир-ручка-н-дверь-купе-600-ручка-н-294,hardware,"ДВЕРИ-КУПЕ РАМИР РУЧКА Н: Дверь-купе 600 ручка Н",pcs,5860,"официальная цена · ДВЕРИ-КУПЕ РАМИР.pdf"
ren-двери-купе-рамир-ручка-н-дверь-купе-600-ручка-н-черный-муар-295,hardware,"ДВЕРИ-КУПЕ РАМИР РУЧКА Н: Дверь-купе 600 ручка Н черный муар",pcs,9850,"официальная цена · ДВЕРИ-КУПЕ РАМИР.pdf"
ren-двери-купе-рамир-ручка-н-дверь-купе-700-ручка-н-296,hardware,"ДВЕРИ-КУПЕ РАМИР РУЧКА Н: Дверь-купе 700 ручка Н",pcs,6040,"официальная цена · ДВЕРИ-КУПЕ РАМИР.pdf"
ren-двери-купе-рамир-ручка-н-дверь-купе-700-ручка-н-черный-муар-297,hardware,"ДВЕРИ-КУПЕ РАМИР РУЧКА Н: Дверь-купе 700 ручка Н черный муар",pcs,10110,"официальная цена · ДВЕРИ-КУПЕ РАМИР.pdf"
ren-двери-купе-рамир-ручка-н-дверь-купе-800-ручка-н-298,hardware,"ДВЕРИ-КУПЕ РАМИР РУЧКА Н: Дверь-купе 800 ручка Н",pcs,6220,"официальная цена · ДВЕРИ-КУПЕ РАМИР.pdf"
ren-двери-купе-рамир-ручка-н-дверь-купе-800-ручка-н-черный-муар-299,hardware,"ДВЕРИ-КУПЕ РАМИР РУЧКА Н: Дверь-купе 800 ручка Н черный муар",pcs,10370,"официальная цена · ДВЕРИ-КУПЕ РАМИР.pdf"
ren-двери-купе-рамир-ручка-н-дверь-купе-900-ручка-н-300,hardware,"ДВЕРИ-КУПЕ РАМИР РУЧКА Н: Дверь-купе 900 ручка Н",pcs,6390,"официальная цена · ДВЕРИ-КУПЕ РАМИР.pdf"
ren-двери-купе-рамир-ручка-н-дверь-купе-900-ручка-н-черный-муар-301,hardware,"ДВЕРИ-КУПЕ РАМИР РУЧКА Н: Дверь-купе 900 ручка Н черный муар",pcs,6410,"официальная цена · ДВЕРИ-КУПЕ РАМИР.pdf"
ren-рамир-хром-дверь-купе-1000-302,other,"РАМИР ХРОМ: Дверь-купе 1000",pcs,5230,"официальная цена · ДВЕРИ-КУПЕ РАМИР.pdf"
ren-рамир-хром-дверь-купе-500-303,other,"РАМИР ХРОМ: Дверь-купе 500",pcs,4280,"официальная цена · ДВЕРИ-КУПЕ РАМИР.pdf"
ren-рамир-хром-дверь-купе-600-304,other,"РАМИР ХРОМ: Дверь-купе 600",pcs,4470,"официальная цена · ДВЕРИ-КУПЕ РАМИР.pdf"
ren-рамир-хром-дверь-купе-700-305,other,"РАМИР ХРОМ: Дверь-купе 700",pcs,5780,"официальная цена · ДВЕРИ-КУПЕ РАМИР.pdf"
ren-рамир-хром-дверь-купе-800-306,other,"РАМИР ХРОМ: Дверь-купе 800",pcs,4850,"официальная цена · ДВЕРИ-КУПЕ РАМИР.pdf"
ren-рамир-хром-дверь-купе-900-307,other,"РАМИР ХРОМ: Дверь-купе 900",pcs,5040,"официальная цена · ДВЕРИ-КУПЕ РАМИР.pdf"
ren-рамир-хром-доводчик-для-двери-купе-308,other,"РАМИР ХРОМ: Доводчик для двери-купе",pcs,1540,"официальная цена · ДВЕРИ-КУПЕ РАМИР.pdf"
ren-рамир-хром-разделитель-для-дверей-купе-309,other,"РАМИР ХРОМ: Разделитель для дверей купе",lm,400,"официальная цена · ДВЕРИ-КУПЕ РАМИР.pdf"
ren-рамир-золото-дверь-купе-1000-золото-310,other,"РАМИР ЗОЛОТО: Дверь-купе 1000 золото",pcs,6690,"официальная цена · ДВЕРИ-КУПЕ РАМИР.pdf"
ren-рамир-золото-дверь-купе-500-золото-311,other,"РАМИР ЗОЛОТО: Дверь-купе 500 золото",pcs,5370,"официальная цена · ДВЕРИ-КУПЕ РАМИР.pdf"
ren-рамир-золото-дверь-купе-600-золото-312,other,"РАМИР ЗОЛОТО: Дверь-купе 600 золото",pcs,5640,"официальная цена · ДВЕРИ-КУПЕ РАМИР.pdf"
ren-рамир-золото-дверь-купе-700-золото-313,other,"РАМИР ЗОЛОТО: Дверь-купе 700 золото",pcs,5900,"официальная цена · ДВЕРИ-КУПЕ РАМИР.pdf"
ren-рамир-золото-дверь-купе-800-золото-314,other,"РАМИР ЗОЛОТО: Дверь-купе 800 золото",pcs,6160,"официальная цена · ДВЕРИ-КУПЕ РАМИР.pdf"
ren-рамир-золото-дверь-купе-900-золото-315,other,"РАМИР ЗОЛОТО: Дверь-купе 900 золото",pcs,6430,"официальная цена · ДВЕРИ-КУПЕ РАМИР.pdf"
ren-рамир-золото-разделитель-для-дверей-купе-золото-316,other,"РАМИР ЗОЛОТО: Разделитель для дверей купе золото",lm,520,"официальная цена · ДВЕРИ-КУПЕ РАМИР.pdf"
ren-рамир-бронза-шампань-дверь-купе-1000-бронза-317,other,"РАМИР БРОНЗА/ШАМПАНЬ: Дверь-купе 1000 бронза",pcs,7020,"официальная цена · ДВЕРИ-КУПЕ РАМИР.pdf"
ren-рамир-бронза-шампань-дверь-купе-500-бронза-318,other,"РАМИР БРОНЗА/ШАМПАНЬ: Дверь-купе 500 бронза",pcs,5670,"официальная цена · ДВЕРИ-КУПЕ РАМИР.pdf"
ren-рамир-бронза-шампань-дверь-купе-600-бронза-319,other,"РАМИР БРОНЗА/ШАМПАНЬ: Дверь-купе 600 бронза",pcs,5940,"официальная цена · ДВЕРИ-КУПЕ РАМИР.pdf"
ren-рамир-бронза-шампань-дверь-купе-700-бронза-320,other,"РАМИР БРОНЗА/ШАМПАНЬ: Дверь-купе 700 бронза",pcs,6210,"официальная цена · ДВЕРИ-КУПЕ РАМИР.pdf"
ren-рамир-бронза-шампань-дверь-купе-800-бронза-321,other,"РАМИР БРОНЗА/ШАМПАНЬ: Дверь-купе 800 бронза",pcs,6480,"официальная цена · ДВЕРИ-КУПЕ РАМИР.pdf"
ren-рамир-бронза-шампань-дверь-купе-900-бронза-322,other,"РАМИР БРОНЗА/ШАМПАНЬ: Дверь-купе 900 бронза",pcs,6750,"официальная цена · ДВЕРИ-КУПЕ РАМИР.pdf"
ren-рамир-бронза-шампань-разделитель-для-дверей-купе-бронза-323,other,"РАМИР БРОНЗА/ШАМПАНЬ: Разделитель для дверей купе бронза",lm,640,"официальная цена · ДВЕРИ-КУПЕ РАМИР.pdf"
ren-рамир-глянец-белый-черный-муар-дверь-купе-1000-бел-гл-324,other,"РАМИР ГЛЯНЕЦ БЕЛЫЙ/ЧЕРНЫЙ, МУАР: Дверь-купе 1000 бел.гл",pcs,6550,"официальная цена · ДВЕРИ-КУПЕ РАМИР.pdf"
ren-рамир-глянец-белый-черный-муар-дверь-купе-500-бел-гл-325,other,"РАМИР ГЛЯНЕЦ БЕЛЫЙ/ЧЕРНЫЙ, МУАР: Дверь-купе 500 бел. гл",pcs,5270,"официальная цена · ДВЕРИ-КУПЕ РАМИР.pdf"
ren-рамир-глянец-белый-черный-муар-дверь-купе-600-бел-гл-326,other,"РАМИР ГЛЯНЕЦ БЕЛЫЙ/ЧЕРНЫЙ, МУАР: Дверь-купе 600 бел.гл",pcs,5530,"официальная цена · ДВЕРИ-КУПЕ РАМИР.pdf"
ren-рамир-глянец-белый-черный-муар-дверь-купе-700-бел-гл-327,other,"РАМИР ГЛЯНЕЦ БЕЛЫЙ/ЧЕРНЫЙ, МУАР: Дверь-купе 700 бел.гл",pcs,5780,"официальная цена · ДВЕРИ-КУПЕ РАМИР.pdf"
ren-рамир-глянец-белый-черный-муар-дверь-купе-800-бел-гл-328,other,"РАМИР ГЛЯНЕЦ БЕЛЫЙ/ЧЕРНЫЙ, МУАР: Дверь-купе 800 бел.гл",pcs,6040,"официальная цена · ДВЕРИ-КУПЕ РАМИР.pdf"
ren-рамир-глянец-белый-черный-муар-дверь-купе-900-бел-гл-329,other,"РАМИР ГЛЯНЕЦ БЕЛЫЙ/ЧЕРНЫЙ, МУАР: Дверь-купе 900 бел.гл",pcs,6300,"официальная цена · ДВЕРИ-КУПЕ РАМИР.pdf"
ren-рамир-глянец-белый-черный-муар-разделитель-для-дверей-купе-бел-гл-330,other,"РАМИР ГЛЯНЕЦ БЕЛЫЙ/ЧЕРНЫЙ, МУАР: Разделитель для дверей купе бел.гл",lm,630,"официальная цена · ДВЕРИ-КУПЕ РАМИР.pdf"
ren-рамир-текстурный-дверь-купе-1000-текстурный-331,other,"РАМИР ТЕКСТУРНЫЙ: Дверь-купе 1000 текстурный",pcs,6860,"официальная цена · ДВЕРИ-КУПЕ РАМИР.pdf"
ren-рамир-текстурный-дверь-купе-500-текстурный-332,other,"РАМИР ТЕКСТУРНЫЙ: Дверь-купе 500 текстурный",pcs,5530,"официальная цена · ДВЕРИ-КУПЕ РАМИР.pdf"
ren-рамир-текстурный-дверь-купе-600-текстурный-333,other,"РАМИР ТЕКСТУРНЫЙ: Дверь-купе 600 текстурный",pcs,5800,"официальная цена · ДВЕРИ-КУПЕ РАМИР.pdf"
ren-рамир-текстурный-дверь-купе-700-текстурный-334,other,"РАМИР ТЕКСТУРНЫЙ: Дверь-купе 700 текстурный",pcs,6060,"официальная цена · ДВЕРИ-КУПЕ РАМИР.pdf"
ren-рамир-текстурный-дверь-купе-800-текстурный-335,other,"РАМИР ТЕКСТУРНЫЙ: Дверь-купе 800 текстурный",pcs,6330,"официальная цена · ДВЕРИ-КУПЕ РАМИР.pdf"
ren-рамир-текстурный-дверь-купе-900-текстурный-336,other,"РАМИР ТЕКСТУРНЫЙ: Дверь-купе 900 текстурный",pcs,6590,"официальная цена · ДВЕРИ-КУПЕ РАМИР.pdf"
ren-рамир-текстурный-разделитель-для-дверей-купе-текстурный-337,other,"РАМИР ТЕКСТУРНЫЙ: Разделитель для дверей купе текстурный",lm,590,"официальная цена · ДВЕРИ-КУПЕ РАМИР.pdf"
ren-рамир-шелк-дверь-купе-1000-шелк-338,other,"РАМИР ШЕЛК: Дверь-купе 1000 шелк",pcs,6820,"официальная цена · ДВЕРИ-КУПЕ РАМИР.pdf"
ren-рамир-шелк-дверь-купе-500-шелк-339,other,"РАМИР ШЕЛК: Дверь-купе 500 шелк",pcs,5330,"официальная цена · ДВЕРИ-КУПЕ РАМИР.pdf"
ren-рамир-шелк-дверь-купе-600-шелк-340,other,"РАМИР ШЕЛК: Дверь-купе 600 шелк",pcs,5630,"официальная цена · ДВЕРИ-КУПЕ РАМИР.pdf"
ren-рамир-шелк-дверь-купе-700-шелк-341,other,"РАМИР ШЕЛК: Дверь-купе 700 шелк",pcs,5930,"официальная цена · ДВЕРИ-КУПЕ РАМИР.pdf"
ren-рамир-шелк-дверь-купе-800-шелк-342,other,"РАМИР ШЕЛК: Дверь-купе 800 шелк",pcs,6230,"официальная цена · ДВЕРИ-КУПЕ РАМИР.pdf"
ren-рамир-шелк-дверь-купе-900-шелк-343,other,"РАМИР ШЕЛК: Дверь-купе 900 шелк",pcs,6530,"официальная цена · ДВЕРИ-КУПЕ РАМИР.pdf"
ren-рамир-шелк-разделитель-для-дверей-купе-шелк-344,other,"РАМИР ШЕЛК: Разделитель для дверей купе шелк",lm,500,"официальная цена · ДВЕРИ-КУПЕ РАМИР.pdf"
ren-рамир-аркам-дверь-купе-1000-акрам-345,other,"РАМИР АРКАМ: Дверь-купе 1000 Акрам",pcs,10460,"официальная цена · ДВЕРИ-КУПЕ РАМИР.pdf"
ren-рамир-аркам-дверь-купе-500-акрам-346,other,"РАМИР АРКАМ: Дверь-купе 500 Акрам",pcs,8220,"официальная цена · ДВЕРИ-КУПЕ РАМИР.pdf"
ren-рамир-аркам-дверь-купе-600-акрам-347,other,"РАМИР АРКАМ: Дверь-купе 600 Акрам",pcs,8650,"официальная цена · ДВЕРИ-КУПЕ РАМИР.pdf"
ren-рамир-аркам-дверь-купе-700-акрам-348,other,"РАМИР АРКАМ: Дверь-купе 700 Акрам",pcs,9100,"официальная цена · ДВЕРИ-КУПЕ РАМИР.pdf"
ren-рамир-аркам-дверь-купе-800-акрам-349,other,"РАМИР АРКАМ: Дверь-купе 800 Акрам",pcs,9550,"официальная цена · ДВЕРИ-КУПЕ РАМИР.pdf"
ren-рамир-аркам-дверь-купе-900-акрам-350,other,"РАМИР АРКАМ: Дверь-купе 900 Акрам",pcs,10010,"официальная цена · ДВЕРИ-КУПЕ РАМИР.pdf"
ren-рамир-аркам-разделитель-для-дверей-купе-акрам-351,other,"РАМИР АРКАМ: Разделитель для дверей купе Акрам",lm,820,"официальная цена · ДВЕРИ-КУПЕ РАМИР.pdf"
ren-рамир-белый-soft-дверь-купе-1000-белый-soft-352,other,"РАМИР БЕЛЫЙ SOFT: Дверь-купе 1000 белый soft",pcs,8060,"официальная цена · ДВЕРИ-КУПЕ РАМИР.pdf"
ren-рамир-белый-soft-дверь-купе-500-белый-soft-353,other,"РАМИР БЕЛЫЙ SOFT: Дверь-купе 500 - белый soft",pcs,6480,"официальная цена · ДВЕРИ-КУПЕ РАМИР.pdf"
ren-рамир-белый-soft-дверь-купе-600-белый-soft-354,other,"РАМИР БЕЛЫЙ SOFT: Дверь-купе 600 - белый soft",pcs,6800,"официальная цена · ДВЕРИ-КУПЕ РАМИР.pdf"
ren-рамир-белый-soft-дверь-купе-700-белый-soft-355,other,"РАМИР БЕЛЫЙ SOFT: Дверь-купе 700 - белый soft",pcs,7110,"официальная цена · ДВЕРИ-КУПЕ РАМИР.pdf"
ren-рамир-белый-soft-дверь-купе-800-белый-soft-356,other,"РАМИР БЕЛЫЙ SOFT: Дверь-купе 800 - белый soft",pcs,7430,"официальная цена · ДВЕРИ-КУПЕ РАМИР.pdf"
ren-рамир-белый-soft-дверь-купе-900-белый-soft-357,other,"РАМИР БЕЛЫЙ SOFT: Дверь-купе 900 - белый soft",pcs,7740,"официальная цена · ДВЕРИ-КУПЕ РАМИР.pdf"
ren-рамир-белый-soft-разделитель-для-дверей-купе-белый-soft-358,other,"РАМИР БЕЛЫЙ SOFT: Разделитель для дверей купе белый soft",lm,580,"официальная цена · ДВЕРИ-КУПЕ РАМИР.pdf"
ren-наполнение-дверей-купе-дсп-10мм-для-дверей-купе-359,board,"НАПОЛНЕНИЕ ДВЕРЕЙ-КУПЕ: ДСП 10мм для дверей-купе",m2,1990,"официальная цена · ДВЕРИ-КУПЕ РАМИР.pdf"
ren-наполнение-дверей-купе-кожзам-для-дверей-купе-основа-360,other,"НАПОЛНЕНИЕ ДВЕРЕЙ-КУПЕ: Кожзам для дверей-купе + основа",m2,9130,"официальная цена · ДВЕРИ-КУПЕ РАМИР.pdf"
ren-наполнение-дверей-купе-нанесение-фотопечати-на-мдф-лдсп-матовое-без-лака-361,facade,"НАПОЛНЕНИЕ ДВЕРЕЙ-КУПЕ: Нанесение фотопечати на МДФ, ЛДСП матовое, без лака",m2,1200,"официальная цена · ДВЕРИ-КУПЕ РАМИР.pdf"
ren-наполнение-дверей-купе-нанесение-фотопечати-на-мдф-лдсп-с-покрытием-лаком-362,facade,"НАПОЛНЕНИЕ ДВЕРЕЙ-КУПЕ: Нанесение фотопечати на МДФ, ЛДСП с покрытием лаком",m2,3000,"официальная цена · ДВЕРИ-КУПЕ РАМИР.pdf"
ren-наполнение-дверей-купе-фотопечать-для-дверей-купе-shutterstock-363,other,"НАПОЛНЕНИЕ ДВЕРЕЙ-КУПЕ: Фотопечать для дверей-купе(Shutterstock)",m2,8230,"официальная цена · ДВЕРИ-КУПЕ РАМИР.pdf"
ren-рамир-глянец-дверь-купе-1000-глянец-364,other,"РАМИР ГЛЯНЕЦ: Дверь-купе 1000 глянец",pcs,6550,"официальная цена · ДВЕРИ-КУПЕ РАМИР.pdf"
ren-рамир-глянец-дверь-купе-500-глянец-365,other,"РАМИР ГЛЯНЕЦ: Дверь-купе 500 глянец",pcs,5270,"официальная цена · ДВЕРИ-КУПЕ РАМИР.pdf"
ren-рамир-глянец-дверь-купе-600-глянец-366,other,"РАМИР ГЛЯНЕЦ: Дверь-купе 600 глянец",pcs,5530,"официальная цена · ДВЕРИ-КУПЕ РАМИР.pdf"
ren-рамир-глянец-дверь-купе-700-глянец-367,other,"РАМИР ГЛЯНЕЦ: Дверь-купе 700 глянец",pcs,5780,"официальная цена · ДВЕРИ-КУПЕ РАМИР.pdf"
ren-рамир-глянец-дверь-купе-800-глянец-368,other,"РАМИР ГЛЯНЕЦ: Дверь-купе 800 глянец",pcs,6040,"официальная цена · ДВЕРИ-КУПЕ РАМИР.pdf"
ren-рамир-глянец-дверь-купе-900-глянец-369,other,"РАМИР ГЛЯНЕЦ: Дверь-купе 900 глянец",pcs,6300,"официальная цена · ДВЕРИ-КУПЕ РАМИР.pdf"
ren-рамир-глянец-разделитель-для-дверей-купе-глянец-370,other,"РАМИР ГЛЯНЕЦ: Разделитель для дверей купе глянец",lm,730,"официальная цена · ДВЕРИ-КУПЕ РАМИР.pdf"
ren-рамир-лайм-лазер-мандарин-белая-патина-дверь-купе-лайм-лазер-мандарин-белая-пати-371,other,"РАМИР ЛАЙМ, ЛАЗЕР, МАНДАРИН,БЕЛАЯ ПАТИНА: Дверь-купе Лайм, Лазер, Мандарин,Белая патина 1000",pcs,7270,"официальная цена · ДВЕРИ-КУПЕ РАМИР.pdf"
ren-рамир-лайм-лазер-мандарин-белая-патина-дверь-купе-лайм-лазер-мандарин-белая-пати-372,other,"РАМИР ЛАЙМ, ЛАЗЕР, МАНДАРИН,БЕЛАЯ ПАТИНА: Дверь-купе Лайм, Лазер, Мандарин,Белая патина 500",pcs,5780,"официальная цена · ДВЕРИ-КУПЕ РАМИР.pdf"
ren-рамир-лайм-лазер-мандарин-белая-патина-дверь-купе-лайм-лазер-мандарин-белая-пати-373,other,"РАМИР ЛАЙМ, ЛАЗЕР, МАНДАРИН,БЕЛАЯ ПАТИНА: Дверь-купе Лайм, Лазер, Мандарин,Белая патина 600",pcs,6070,"официальная цена · ДВЕРИ-КУПЕ РАМИР.pdf"
ren-рамир-лайм-лазер-мандарин-белая-патина-дверь-купе-лайм-лазер-мандарин-белая-пати-374,other,"РАМИР ЛАЙМ, ЛАЗЕР, МАНДАРИН,БЕЛАЯ ПАТИНА: Дверь-купе Лайм, Лазер, Мандарин,Белая патина 700",pcs,6370,"официальная цена · ДВЕРИ-КУПЕ РАМИР.pdf"
ren-рамир-лайм-лазер-мандарин-белая-патина-дверь-купе-лайм-лазер-мандарин-белая-пати-375,other,"РАМИР ЛАЙМ, ЛАЗЕР, МАНДАРИН,БЕЛАЯ ПАТИНА: Дверь-купе Лайм, Лазер, Мандарин,Белая патина 800",pcs,6670,"официальная цена · ДВЕРИ-КУПЕ РАМИР.pdf"
ren-рамир-лайм-лазер-мандарин-белая-патина-дверь-купе-лайм-лазер-мандарин-белая-пати-376,other,"РАМИР ЛАЙМ, ЛАЗЕР, МАНДАРИН,БЕЛАЯ ПАТИНА: Дверь-купе Лайм, Лазер, Мандарин,Белая патина 900",pcs,6970,"официальная цена · ДВЕРИ-КУПЕ РАМИР.pdf"
ren-рамир-лайм-лазер-мандарин-белая-патина-разделитель-для-дверей-купе-лайм-лазер-ма-377,other,"РАМИР ЛАЙМ, ЛАЗЕР, МАНДАРИН,БЕЛАЯ ПАТИНА: Разделитель для дверей купе Лайм, Лазер, Мандарин, Белая патина",lm,390,"официальная цена · ДВЕРИ-КУПЕ РАМИР.pdf"
ren-рамир-браш-дверь-купе-1000-браш-378,other,"РАМИР БРАШ: Дверь-купе 1000 браш",pcs,7590,"официальная цена · ДВЕРИ-КУПЕ РАМИР.pdf"
ren-рамир-браш-дверь-купе-500-браш-379,other,"РАМИР БРАШ: Дверь-купе 500 браш",pcs,6120,"официальная цена · ДВЕРИ-КУПЕ РАМИР.pdf"
ren-рамир-браш-дверь-купе-600-браш-380,other,"РАМИР БРАШ: Дверь-купе 600 браш",pcs,6420,"официальная цена · ДВЕРИ-КУПЕ РАМИР.pdf"
ren-рамир-браш-дверь-купе-700-браш-381,other,"РАМИР БРАШ: Дверь-купе 700 браш",pcs,6710,"официальная цена · ДВЕРИ-КУПЕ РАМИР.pdf"
ren-рамир-браш-дверь-купе-800-браш-382,other,"РАМИР БРАШ: Дверь-купе 800 браш",pcs,7000,"официальная цена · ДВЕРИ-КУПЕ РАМИР.pdf"
ren-рамир-браш-дверь-купе-900-браш-383,other,"РАМИР БРАШ: Дверь-купе 900 браш",pcs,7300,"официальная цена · ДВЕРИ-КУПЕ РАМИР.pdf"
ren-каретные-стяжки-kаретная-стяжка-1-384,other,"КАРЕТНЫЕ СТЯЖКИ: Kаретная стяжка №1",m2,12600,"официальная цена · КАРЕТНЫЕ СТЯЖКИ.pdf"
ren-каретные-стяжки-kаретная-стяжка-2-385,other,"КАРЕТНЫЕ СТЯЖКИ: Kаретная стяжка №2",m2,12600,"официальная цена · КАРЕТНЫЕ СТЯЖКИ.pdf"
ren-каретные-стяжки-kаретная-стяжка-3-386,other,"КАРЕТНЫЕ СТЯЖКИ: Kаретная стяжка №3",m2,12220,"официальная цена · КАРЕТНЫЕ СТЯЖКИ.pdf"
ren-каретные-стяжки-kаретная-стяжка-4-387,other,"КАРЕТНЫЕ СТЯЖКИ: Kаретная стяжка №4",m2,12220,"официальная цена · КАРЕТНЫЕ СТЯЖКИ.pdf"
ren-каретные-стяжки-kаретная-стяжка-5-388,other,"КАРЕТНЫЕ СТЯЖКИ: Kаретная стяжка №5",m2,10030,"официальная цена · КАРЕТНЫЕ СТЯЖКИ.pdf"
ren-каретные-стяжки-kаретная-стяжка-6-389,other,"КАРЕТНЫЕ СТЯЖКИ: Kаретная стяжка №6",m2,8880,"официальная цена · КАРЕТНЫЕ СТЯЖКИ.pdf"
ren-каретные-стяжки-kаретная-стяжка-7-390,other,"КАРЕТНЫЕ СТЯЖКИ: Kаретная стяжка №7",m2,13380,"официальная цена · КАРЕТНЫЕ СТЯЖКИ.pdf"
ren-каретные-стяжки-kаретная-стяжка-8-391,other,"КАРЕТНЫЕ СТЯЖКИ: Kаретная стяжка №8",m2,12410,"официальная цена · КАРЕТНЫЕ СТЯЖКИ.pdf"
ren-каретные-стяжки-kаретная-стяжка-9-392,other,"КАРЕТНЫЕ СТЯЖКИ: Kаретная стяжка №9",m2,14530,"официальная цена · КАРЕТНЫЕ СТЯЖКИ.pdf"
ren-каретные-стяжки-каретная-стяжка-10-393,other,"КАРЕТНЫЕ СТЯЖКИ: Каретная стяжка №10",m2,9680,"официальная цена · КАРЕТНЫЕ СТЯЖКИ.pdf"
ren-каретные-стяжки-каретная-стяжка-11-394,other,"КАРЕТНЫЕ СТЯЖКИ: Каретная стяжка №11",m2,10100,"официальная цена · КАРЕТНЫЕ СТЯЖКИ.pdf"
ren-каретные-стяжки-каретная-стяжка-12-395,other,"КАРЕТНЫЕ СТЯЖКИ: Каретная стяжка №12",m2,9840,"официальная цена · КАРЕТНЫЕ СТЯЖКИ.pdf"
ren-каретные-стяжки-каретная-стяжка-13-396,other,"КАРЕТНЫЕ СТЯЖКИ: Каретная стяжка №13",m2,10460,"официальная цена · КАРЕТНЫЕ СТЯЖКИ.pdf"
ren-каретные-стяжки-каретная-стяжка-14-397,other,"КАРЕТНЫЕ СТЯЖКИ: Каретная стяжка №14",m2,12860,"официальная цена · КАРЕТНЫЕ СТЯЖКИ.pdf"
ren-каретные-стяжки-каретная-стяжка-15-398,other,"КАРЕТНЫЕ СТЯЖКИ: Каретная стяжка №15",m2,12860,"официальная цена · КАРЕТНЫЕ СТЯЖКИ.pdf"
ren-каретные-стяжки-каретная-стяжка-16-399,other,"КАРЕТНЫЕ СТЯЖКИ: Каретная стяжка №16",m2,12600,"официальная цена · КАРЕТНЫЕ СТЯЖКИ.pdf"
ren-каретные-стяжки-каретная-стяжка-17-400,other,"КАРЕТНЫЕ СТЯЖКИ: Каретная стяжка №17",m2,12600,"официальная цена · КАРЕТНЫЕ СТЯЖКИ.pdf"
ren-каретные-стяжки-каретная-стяжка-18-401,other,"КАРЕТНЫЕ СТЯЖКИ: Каретная стяжка №18",m2,12410,"официальная цена · КАРЕТНЫЕ СТЯЖКИ.pdf"
ren-каретные-стяжки-каретная-стяжка-19-402,other,"КАРЕТНЫЕ СТЯЖКИ: Каретная стяжка №19",m2,12410,"официальная цена · КАРЕТНЫЕ СТЯЖКИ.pdf"
ren-каретные-стяжки-каретная-стяжка-20-403,other,"КАРЕТНЫЕ СТЯЖКИ: Каретная стяжка №20",m2,12500,"официальная цена · КАРЕТНЫЕ СТЯЖКИ.pdf"
ren-каретные-стяжки-каретная-стяжка-21-404,other,"КАРЕТНЫЕ СТЯЖКИ: Каретная стяжка №21",m2,12500,"официальная цена · КАРЕТНЫЕ СТЯЖКИ.pdf"
ren-каретные-стяжки-каретная-стяжка-22-405,other,"КАРЕТНЫЕ СТЯЖКИ: Каретная стяжка №22",m2,12500,"официальная цена · КАРЕТНЫЕ СТЯЖКИ.pdf"
ren-каретные-стяжки-каретная-стяжка-23-406,other,"КАРЕТНЫЕ СТЯЖКИ: Каретная стяжка №23",m2,12500,"официальная цена · КАРЕТНЫЕ СТЯЖКИ.pdf"
ren-каретные-стяжки-каретная-стяжка-24-407,other,"КАРЕТНЫЕ СТЯЖКИ: Каретная стяжка №24",m2,15510,"официальная цена · КАРЕТНЫЕ СТЯЖКИ.pdf"
ren-каретные-стяжки-каретная-стяжка-25-408,other,"КАРЕТНЫЕ СТЯЖКИ: Каретная стяжка №25",m2,10550,"официальная цена · КАРЕТНЫЕ СТЯЖКИ.pdf"
ren-каретные-стяжки-каретная-стяжка-26-409,other,"КАРЕТНЫЕ СТЯЖКИ: Каретная стяжка №26",m2,12600,"официальная цена · КАРЕТНЫЕ СТЯЖКИ.pdf"
ren-каретные-стяжки-каретная-стяжка-27-410,other,"КАРЕТНЫЕ СТЯЖКИ: Каретная стяжка №27",m2,10810,"официальная цена · КАРЕТНЫЕ СТЯЖКИ.pdf"
ren-каретные-стяжки-каретная-стяжка-28-411,other,"КАРЕТНЫЕ СТЯЖКИ: Каретная стяжка №28",m2,10810,"официальная цена · КАРЕТНЫЕ СТЯЖКИ.pdf"
ren-каретные-стяжки-каретная-стяжка-29-412,other,"КАРЕТНЫЕ СТЯЖКИ: Каретная стяжка №29",m2,10810,"официальная цена · КАРЕТНЫЕ СТЯЖКИ.pdf"
ren-каретные-стяжки-каретная-стяжка-30-413,other,"КАРЕТНЫЕ СТЯЖКИ: Каретная стяжка №30",m2,10810,"официальная цена · КАРЕТНЫЕ СТЯЖКИ.pdf"
ren-лдсп-складская-программа-лдсп-кухни-складская-программа-кромка-1-мм-414,edge,"ЛДСП складская программа: ЛДСП КУХНИ складская программа, кромка 1 мм",m2,2520,"официальная цена · КОРПУСНЫЕ МАТЕРИАЛЫ.pdf"
ren-лдсп-складская-программа-лдсп-стенки-складская-программа-кромка-1-мм-415,edge,"ЛДСП складская программа: ЛДСП СТЕНКИ складская программа, кромка 1 мм",m2,2980,"официальная цена · КОРПУСНЫЕ МАТЕРИАЛЫ.pdf"
ren-лдсп-складская-программа-лдсп-шкафы-складская-программа-кромка-1-мм-416,edge,"ЛДСП складская программа: ЛДСП ШКАФЫ складская программа, кромка 1 мм",m2,2510,"официальная цена · КОРПУСНЫЕ МАТЕРИАЛЫ.pdf"
ren-лдсп-заказной-лдсп-кухни-дсп-под-заказ-кромка-1-мм-417,edge,"ЛДСП заказной: ЛДСП КУХНИ Дсп под заказ, кромка 1 мм",m2,4050,"официальная цена · КОРПУСНЫЕ МАТЕРИАЛЫ.pdf"
ren-лдсп-заказной-лдсп-стенки-дсп-под-заказ-кромка-1-мм-418,edge,"ЛДСП заказной: ЛДСП СТЕНКИ Дсп под заказ, кромка 1 мм",m2,4240,"официальная цена · КОРПУСНЫЕ МАТЕРИАЛЫ.pdf"
ren-лдсп-заказной-лдсп-шкафы-дсп-под-заказ-кромка-1-мм-419,edge,"ЛДСП заказной: ЛДСП ШКАФЫ Дсп под заказ, кромка 1 мм",m2,3770,"официальная цена · КОРПУСНЫЕ МАТЕРИАЛЫ.pdf"
ren-лдсп-egger-по-категориям-лдсп-egger-кухни-1-категория-420,board,"ЛДСП EGGER по категориям: ЛДСП EGGER Кухни 1 категория",m2,3200,"официальная цена · КОРПУСНЫЕ МАТЕРИАЛЫ.pdf"
ren-лдсп-egger-по-категориям-лдсп-egger-кухни-2-категория-421,board,"ЛДСП EGGER по категориям: ЛДСП EGGER Кухни 2 категория",m2,3560,"официальная цена · КОРПУСНЫЕ МАТЕРИАЛЫ.pdf"
ren-лдсп-egger-по-категориям-лдсп-egger-кухни-3-категория-422,board,"ЛДСП EGGER по категориям: ЛДСП EGGER Кухни 3 категория",m2,3960,"официальная цена · КОРПУСНЫЕ МАТЕРИАЛЫ.pdf"
ren-лдсп-egger-по-категориям-лдсп-egger-кухни-4-категория-423,board,"ЛДСП EGGER по категориям: ЛДСП EGGER Кухни 4 категория",m2,4390,"официальная цена · КОРПУСНЫЕ МАТЕРИАЛЫ.pdf"
ren-лдсп-egger-по-категориям-лдсп-egger-кухни-5-категория-424,board,"ЛДСП EGGER по категориям: ЛДСП EGGER Кухни 5 категория",m2,4760,"официальная цена · КОРПУСНЫЕ МАТЕРИАЛЫ.pdf"
ren-лдсп-egger-по-категориям-лдсп-egger-кухни-6-категория-425,board,"ЛДСП EGGER по категориям: ЛДСП EGGER Кухни 6 категория",m2,4760,"официальная цена · КОРПУСНЫЕ МАТЕРИАЛЫ.pdf"
ren-лдсп-egger-по-категориям-лдсп-egger-стенки-1-категория-426,board,"ЛДСП EGGER по категориям: ЛДСП EGGER Стенки 1 категория",m2,3390,"официальная цена · КОРПУСНЫЕ МАТЕРИАЛЫ.pdf"
ren-лдсп-egger-по-категориям-лдсп-egger-стенки-2-категория-427,board,"ЛДСП EGGER по категориям: ЛДСП EGGER Стенки 2 категория",m2,3750,"официальная цена · КОРПУСНЫЕ МАТЕРИАЛЫ.pdf"
ren-лдсп-egger-по-категориям-лдсп-egger-стенки-3-категория-428,board,"ЛДСП EGGER по категориям: ЛДСП EGGER Стенки 3 категория",m2,4140,"официальная цена · КОРПУСНЫЕ МАТЕРИАЛЫ.pdf"
ren-лдсп-egger-по-категориям-лдсп-egger-стенки-4-категория-429,board,"ЛДСП EGGER по категориям: ЛДСП EGGER Стенки 4 категория",m2,4570,"официальная цена · КОРПУСНЫЕ МАТЕРИАЛЫ.pdf"
ren-лдсп-egger-по-категориям-лдсп-egger-стенки-5-категория-430,board,"ЛДСП EGGER по категориям: ЛДСП EGGER Стенки 5 категория",m2,4940,"официальная цена · КОРПУСНЫЕ МАТЕРИАЛЫ.pdf"
ren-лдсп-egger-по-категориям-лдсп-egger-стенки-6-категория-431,board,"ЛДСП EGGER по категориям: ЛДСП EGGER Стенки 6 категория",m2,4940,"официальная цена · КОРПУСНЫЕ МАТЕРИАЛЫ.pdf"
ren-лдсп-egger-по-категориям-лдсп-egger-шкафы-1-категория-432,board,"ЛДСП EGGER по категориям: ЛДСП EGGER ШКАФЫ 1 категория",m2,2930,"официальная цена · КОРПУСНЫЕ МАТЕРИАЛЫ.pdf"
ren-лдсп-egger-по-категориям-лдсп-egger-шкафы-2-категория-433,board,"ЛДСП EGGER по категориям: ЛДСП EGGER ШКАФЫ 2 категория",m2,3290,"официальная цена · КОРПУСНЫЕ МАТЕРИАЛЫ.pdf"
ren-лдсп-egger-по-категориям-лдсп-egger-шкафы-3-категория-434,board,"ЛДСП EGGER по категориям: ЛДСП EGGER ШКАФЫ 3 категория",m2,3690,"официальная цена · КОРПУСНЫЕ МАТЕРИАЛЫ.pdf"
ren-лдсп-egger-по-категориям-лдсп-egger-шкафы-4-категория-435,board,"ЛДСП EGGER по категориям: ЛДСП EGGER ШКАФЫ 4 категория",m2,4110,"официальная цена · КОРПУСНЫЕ МАТЕРИАЛЫ.pdf"
ren-лдсп-egger-по-категориям-лдсп-egger-шкафы-5-категория-436,board,"ЛДСП EGGER по категориям: ЛДСП EGGER ШКАФЫ 5 категория",m2,4490,"официальная цена · КОРПУСНЫЕ МАТЕРИАЛЫ.pdf"
ren-лдсп-egger-по-категориям-лдсп-egger-шкафы-6-категория-437,board,"ЛДСП EGGER по категориям: ЛДСП EGGER ШКАФЫ 6 категория",m2,4490,"официальная цена · КОРПУСНЫЕ МАТЕРИАЛЫ.pdf"
ren-фасады-рамочные-дсп-egger-рамочный-тестурный-фасад-лдсп-438,facade,"Фасады рамочные Дсп Egger: Рамочный тестурный фасад ЛДСП",m2,4000,"официальная цена · КОРПУСНЫЕ МАТЕРИАЛЫ.pdf"
ren-лдсп-egger-25-мм-в-кромке-1-лдсп-эггер-25-мм-средний-1-я-категория-цена-в-издели-439,edge,"ЛДСП EGGER, 25 мм,в кромке: 1) Лдсп Эггер 25 мм средний 1-я категория цена в изделии от 0,1 до 5,65 кв.м",job,11720,"официальная цена · КОРПУСНЫЕ МАТЕРИАЛЫ.pdf"
ren-лдсп-egger-25-мм-в-кромке-2-лдсп-эггер-25-мм-средний-1-я-категория-цена-в-издели-440,edge,"ЛДСП EGGER, 25 мм,в кромке: 2) Лдсп Эггер 25 мм средний 1-я категория цена в изделии от 5,65 до 11,3 кв.м",job,23940,"официальная цена · КОРПУСНЫЕ МАТЕРИАЛЫ.pdf"
ren-лдсп-egger-25-мм-в-кромке-3-лдсп-эггер-25-мм-средний-1-я-категория-цена-в-издели-441,edge,"ЛДСП EGGER, 25 мм,в кромке: 3) Лдсп Эггер 25 мм средний 1-я категория цена в изделии от 11,3 до 16,93 кв.м",job,36460,"официальная цена · КОРПУСНЫЕ МАТЕРИАЛЫ.pdf"
ren-лдсп-egger-25-мм-в-кромке-4-лдсп-эггер-25-мм-средний-2-я-категория-цена-в-издели-442,edge,"ЛДСП EGGER, 25 мм,в кромке: 4) Лдсп Эггер 25 мм средний 2-я категория цена в изделии от 0,1 до 5,65 кв.м",job,18400,"официальная цена · КОРПУСНЫЕ МАТЕРИАЛЫ.pdf"
ren-лдсп-egger-25-мм-в-кромке-5-лдсп-эггер-25-мм-средний-2-я-категория-цена-в-издели-443,edge,"ЛДСП EGGER, 25 мм,в кромке: 5) Лдсп Эггер 25 мм средний 2-я категория цена в изделии от 5,65 до 11,3 кв.м",job,37290,"официальная цена · КОРПУСНЫЕ МАТЕРИАЛЫ.pdf"
ren-лдсп-egger-25-мм-в-кромке-6-лдсп-эггер-25-мм-средний-2-я-категория-цена-в-издели-444,edge,"ЛДСП EGGER, 25 мм,в кромке: 6) Лдсп Эггер 25 мм средний 2-я категория цена в изделии от 11,3 до 16,93 кв.м",job,56170,"официальная цена · КОРПУСНЫЕ МАТЕРИАЛЫ.pdf"
ren-дополнительные-работы-паз-под-двп-445,board,"ДОПОЛНИТЕЛЬНЫЕ РАБОТЫ: Паз под двп",lm,40,"официальная цена · КОРПУСНЫЕ МАТЕРИАЛЫ.pdf"
ren-дополнительные-работы-паз-под-подсветку-446,labor,"ДОПОЛНИТЕЛЬНЫЕ РАБОТЫ: Паз под подсветку",lm,210,"официальная цена · КОРПУСНЫЕ МАТЕРИАЛЫ.pdf"
ren-дополнительные-работы-сверловка-отверстий-под-tip-on-менсолодержатель-447,hardware,"ДОПОЛНИТЕЛЬНЫЕ РАБОТЫ: Сверловка отверстий под tip on,менсолодержатель",pcs,50,"официальная цена · КОРПУСНЫЕ МАТЕРИАЛЫ.pdf"
ren-дополнительные-работы-склеивание-фасадов-лсдп-448,facade,"ДОПОЛНИТЕЛЬНЫЕ РАБОТЫ: Склеивание фасадов ЛСДП",pcs,390,"официальная цена · КОРПУСНЫЕ МАТЕРИАЛЫ.pdf"
ren-прочие-материалы-двп-449,board,"Прочие материалы: ДВП",m2,520,"официальная цена · КОРПУСНЫЕ МАТЕРИАЛЫ.pdf"
ren-прочие-материалы-декоративные-рейки-много-мелких-планок-шир-50-100мм-в-одном-зак-450,other,"Прочие материалы: Декоративные рейки (много мелких планок шир.50-100мм в одном заказе)",m2,5870,"официальная цена · КОРПУСНЫЕ МАТЕРИАЛЫ.pdf"
ren-прочие-материалы-дсп-22-мм-белый-без-текстуры-451,board,"Прочие материалы: ДСП 22 мм Белый (без текстуры)",m2,3240,"официальная цена · КОРПУСНЫЕ МАТЕРИАЛЫ.pdf"
ren-прочие-материалы-дсп-22-мм-для-кроватей-452,board,"Прочие материалы: ДСП 22 мм для кроватей",m2,2780,"официальная цена · КОРПУСНЫЕ МАТЕРИАЛЫ.pdf"
ren-прочие-материалы-дсп-33мм-склад-453,board,"Прочие материалы: ДСП 33мм (СКЛАД)",m2,4800,"официальная цена · КОРПУСНЫЕ МАТЕРИАЛЫ.pdf"
ren-прочие-материалы-хдф-454,board,"Прочие материалы: ХДФ",m2,800,"официальная цена · КОРПУСНЫЕ МАТЕРИАЛЫ.pdf"
ren-кромка-вставка-в-цвет-столешницы-28мм-455,edge,"КРОМКА: Вставка в цвет столешницы 28мм",lm,380,"официальная цена · КРОМКА.pdf"
ren-кромка-вставка-в-цвет-столешницы-38мм-456,edge,"КРОМКА: Вставка в цвет столешницы 38мм",lm,380,"официальная цена · КРОМКА.pdf"
ren-кромка-кромка-0-8х19-457,edge,"КРОМКА: Кромка 0,8х19",lm,80,"официальная цена · КРОМКА.pdf"
ren-кромка-кромка-2х45-458,edge,"КРОМКА: Кромка 2х45",lm,200,"официальная цена · КРОМКА.pdf"
ren-кромка-кромка-2х45-forst-459,edge,"КРОМКА: Кромка 2х45(Forst)",lm,850,"официальная цена · КРОМКА.pdf"
ren-кромка-кромка-пвх-2х19-мм-460,edge,"КРОМКА: Кромка ПВХ 2х19 мм",lm,100,"официальная цена · КРОМКА.pdf"
ren-кромка-кромка-пвх-2х35-мм-461,edge,"КРОМКА: Кромка ПВХ 2х35 мм",lm,90,"официальная цена · КРОМКА.pdf"
ren-кромка-кромка-пвх-эггер-2х35-мм-462,edge,"КРОМКА: Кромка ПВХ Эггер 2х35 мм",lm,90,"официальная цена · КРОМКА.pdf"
ren-кромка-кромка-с-подсветкой-463,edge,"КРОМКА: Кромка с подсветкой",lm,400,"официальная цена · КРОМКА.pdf"
ren-кромка-кромка-эггер-2х19-464,edge,"КРОМКА: Кромка Эггер 2х19",lm,100,"официальная цена · КРОМКА.pdf"
ren-кромка-кромка-эггер-2х28-465,edge,"КРОМКА: Кромка Эггер 2х28",lm,90,"официальная цена · КРОМКА.pdf"
ren-кромка-металлизированная-кромка-1х23-466,edge,"КРОМКА: Металлизированная кромка 1х23",lm,430,"официальная цена · КРОМКА.pdf"
ren-кромка-металлизированная-кромка-1х43-467,edge,"КРОМКА: Металлизированная кромка 1х43",lm,700,"официальная цена · КРОМКА.pdf"
ren-баффели-мдф-баффели-3-х-сторонние-в-матовой-пленке-40-х-100мм-468,facade,"Баффели: МДФ-баффели 3-х сторонние в матовой пленке 40 х 100мм",lm,940,"официальная цена · МДФ БАФФЕЛИ.pdf"
ren-баффели-мдф-баффели-3-х-сторонние-в-матовой-пленке-40-х-40мм-469,facade,"Баффели: МДФ-баффели 3-х сторонние в матовой пленке 40 х 40мм",lm,650,"официальная цена · МДФ БАФФЕЛИ.pdf"
ren-баффели-мдф-баффели-3-х-сторонние-в-матовой-пленке-40-х-60мм-470,facade,"Баффели: МДФ-баффели 3-х сторонние в матовой пленке 40 х 60мм",lm,720,"официальная цена · МДФ БАФФЕЛИ.pdf"
ren-баффели-мдф-баффели-3-х-сторонние-в-матовой-пленке-40-х-80мм-471,facade,"Баффели: МДФ-баффели 3-х сторонние в матовой пленке 40 х 80мм",lm,860,"официальная цена · МДФ БАФФЕЛИ.pdf"
ren-баффели-мдф-баффели-4-х-сторонние-в-матовой-пленке-55-х-90мм-472,facade,"Баффели: МДФ-баффели 4-х сторонние в матовой пленке 55 х 90мм",lm,1440,"официальная цена · МДФ БАФФЕЛИ.pdf"
ren-баффели-мдф-баффели-4-х-сторонние-в-матовой-пленке-55мм-на-90мм-473,facade,"Баффели: МДФ-баффели 4-х сторонние в матовой пленке 55мм на 90мм",lm,1440,"официальная цена · МДФ БАФФЕЛИ.pdf"
ren-группы-пл-нка-мдф-вдм-групп-16мм-мдф-пл-нка-вдм-групп-1-группа-474,facade,"Группы Плёнка Мдф (ВДМ Групп): 16мм МДФ Плёнка (ВДМ Групп) 1 группа",m2,6080,"официальная цена · МДФ ПЛЁНКА ВДМ.pdf"
ren-группы-пл-нка-мдф-вдм-групп-16мм-мдф-пл-нка-вдм-групп-1-группа-мыло-475,facade,"Группы Плёнка Мдф (ВДМ Групп): 16мм МДФ Плёнка (ВДМ Групп) 1 группа (МЫЛО)",m2,5180,"официальная цена · МДФ ПЛЁНКА ВДМ.pdf"
ren-группы-пл-нка-мдф-вдм-групп-16мм-мдф-пл-нка-вдм-групп-1-группа-пленка-с-2х-сторо-476,facade,"Группы Плёнка Мдф (ВДМ Групп): 16мм МДФ Плёнка (ВДМ Групп) 1 группа пленка с 2х сторон",m2,8290,"официальная цена · МДФ ПЛЁНКА ВДМ.pdf"
ren-группы-пл-нка-мдф-вдм-групп-16мм-мдф-пл-нка-вдм-групп-2-группа-477,facade,"Группы Плёнка Мдф (ВДМ Групп): 16мм МДФ Плёнка (ВДМ Групп) 2 группа",m2,6660,"официальная цена · МДФ ПЛЁНКА ВДМ.pdf"
ren-группы-пл-нка-мдф-вдм-групп-16мм-мдф-пл-нка-вдм-групп-2-группа-мыло-478,facade,"Группы Плёнка Мдф (ВДМ Групп): 16мм МДФ Плёнка (ВДМ Групп) 2 группа (МЫЛО)",m2,5750,"официальная цена · МДФ ПЛЁНКА ВДМ.pdf"
ren-группы-пл-нка-мдф-вдм-групп-16мм-мдф-пл-нка-вдм-групп-2-группа-пленка-с-2х-сторо-479,facade,"Группы Плёнка Мдф (ВДМ Групп): 16мм МДФ Плёнка (ВДМ Групп) 2 группа пленка с 2х сторон",m2,10410,"официальная цена · МДФ ПЛЁНКА ВДМ.pdf"
ren-группы-пл-нка-мдф-вдм-групп-16мм-мдф-пл-нка-вдм-групп-3-группа-480,facade,"Группы Плёнка Мдф (ВДМ Групп): 16мм МДФ Плёнка (ВДМ Групп) 3 группа",m2,7950,"официальная цена · МДФ ПЛЁНКА ВДМ.pdf"
ren-группы-пл-нка-мдф-вдм-групп-16мм-мдф-пл-нка-вдм-групп-3-группа-мыло-481,facade,"Группы Плёнка Мдф (ВДМ Групп): 16мм МДФ Плёнка (ВДМ Групп) 3 группа (МЫЛО)",m2,7050,"официальная цена · МДФ ПЛЁНКА ВДМ.pdf"
ren-группы-пл-нка-мдф-вдм-групп-16мм-мдф-пл-нка-вдм-групп-3-группа-пленка-с-2х-сторо-482,facade,"Группы Плёнка Мдф (ВДМ Групп): 16мм МДФ Плёнка (ВДМ Групп) 3 группа пленка с 2х сторон",m2,10160,"официальная цена · МДФ ПЛЁНКА ВДМ.pdf"
ren-группы-пл-нка-мдф-вдм-групп-19мм-мдф-пл-нка-вдм-групп-1-группа-483,facade,"Группы Плёнка Мдф (ВДМ Групп): 19мм МДФ Плёнка (ВДМ Групп) 1 группа",m2,6410,"официальная цена · МДФ ПЛЁНКА ВДМ.pdf"
ren-группы-пл-нка-мдф-вдм-групп-19мм-мдф-пл-нка-вдм-групп-1-группа-мыло-484,facade,"Группы Плёнка Мдф (ВДМ Групп): 19мм МДФ Плёнка (ВДМ Групп) 1 группа (МЫЛО)",m2,5500,"официальная цена · МДФ ПЛЁНКА ВДМ.pdf"
ren-группы-пл-нка-мдф-вдм-групп-19мм-мдф-пл-нка-вдм-групп-2-группа-485,facade,"Группы Плёнка Мдф (ВДМ Групп): 19мм МДФ Плёнка (ВДМ Групп) 2 группа",m2,6980,"официальная цена · МДФ ПЛЁНКА ВДМ.pdf"
ren-группы-пл-нка-мдф-вдм-групп-19мм-мдф-пл-нка-вдм-групп-2-группа-мыло-486,facade,"Группы Плёнка Мдф (ВДМ Групп): 19мм МДФ Плёнка (ВДМ Групп) 2 группа (МЫЛО)",m2,6080,"официальная цена · МДФ ПЛЁНКА ВДМ.pdf"
ren-группы-пл-нка-мдф-вдм-групп-19мм-мдф-пл-нка-вдм-групп-3-группа-487,facade,"Группы Плёнка Мдф (ВДМ Групп): 19мм МДФ Плёнка (ВДМ Групп) 3 группа",m2,8280,"официальная цена · МДФ ПЛЁНКА ВДМ.pdf"
ren-группы-пл-нка-мдф-вдм-групп-19мм-мдф-пл-нка-вдм-групп-3-группа-мыло-488,facade,"Группы Плёнка Мдф (ВДМ Групп): 19мм МДФ Плёнка (ВДМ Групп) 3 группа (МЫЛО)",m2,7370,"официальная цена · МДФ ПЛЁНКА ВДМ.pdf"
ren-группы-пл-нка-мдф-вдм-групп-22мм-мдф-пл-нка-вдм-групп-1-группа-489,facade,"Группы Плёнка Мдф (ВДМ Групп): 22мм МДФ Плёнка (ВДМ Групп) 1 группа",m2,6990,"официальная цена · МДФ ПЛЁНКА ВДМ.pdf"
ren-группы-пл-нка-мдф-вдм-групп-22мм-мдф-пл-нка-вдм-групп-1-группа-мыло-490,facade,"Группы Плёнка Мдф (ВДМ Групп): 22мм МДФ Плёнка (ВДМ Групп) 1 группа (МЫЛО)",m2,6080,"официальная цена · МДФ ПЛЁНКА ВДМ.pdf"
ren-группы-пл-нка-мдф-вдм-групп-22мм-мдф-пл-нка-вдм-групп-1-группа-пленка-с-2х-сторо-491,facade,"Группы Плёнка Мдф (ВДМ Групп): 22мм МДФ Плёнка (ВДМ Групп) 1 группа пленка с 2х сторон",m2,9190,"официальная цена · МДФ ПЛЁНКА ВДМ.pdf"
ren-группы-пл-нка-мдф-вдм-групп-22мм-мдф-пл-нка-вдм-групп-2-группа-492,facade,"Группы Плёнка Мдф (ВДМ Групп): 22мм МДФ Плёнка (ВДМ Групп) 2 группа",m2,7570,"официальная цена · МДФ ПЛЁНКА ВДМ.pdf"
ren-группы-пл-нка-мдф-вдм-групп-22мм-мдф-пл-нка-вдм-групп-2-группа-мыло-493,facade,"Группы Плёнка Мдф (ВДМ Групп): 22мм МДФ Плёнка (ВДМ Групп) 2 группа (МЫЛО)",m2,6660,"официальная цена · МДФ ПЛЁНКА ВДМ.pdf"
ren-группы-пл-нка-мдф-вдм-групп-22мм-мдф-пл-нка-вдм-групп-2-группа-пленка-с-2х-сторо-494,facade,"Группы Плёнка Мдф (ВДМ Групп): 22мм МДФ Плёнка (ВДМ Групп) 2 группа пленка с 2х сторон",m2,9770,"официальная цена · МДФ ПЛЁНКА ВДМ.pdf"
ren-группы-пл-нка-мдф-вдм-групп-22мм-мдф-пл-нка-вдм-групп-3-группа-495,facade,"Группы Плёнка Мдф (ВДМ Групп): 22мм МДФ Плёнка (ВДМ Групп) 3 группа",m2,8860,"официальная цена · МДФ ПЛЁНКА ВДМ.pdf"
ren-группы-пл-нка-мдф-вдм-групп-22мм-мдф-пл-нка-вдм-групп-3-группа-мыло-496,facade,"Группы Плёнка Мдф (ВДМ Групп): 22мм МДФ Плёнка (ВДМ Групп) 3 группа (МЫЛО)",m2,7950,"официальная цена · МДФ ПЛЁНКА ВДМ.pdf"
ren-группы-пл-нка-мдф-вдм-групп-22мм-мдф-пл-нка-вдм-групп-3-группа-пленка-с-2х-сторо-497,facade,"Группы Плёнка Мдф (ВДМ Групп): 22мм МДФ Плёнка (ВДМ Групп) 3 группа пленка с 2х сторон",m2,11060,"официальная цена · МДФ ПЛЁНКА ВДМ.pdf"
ren-группы-пл-нка-мдф-вдм-групп-с-накладками-мдф-пл-нка-вдм-групп-1-группа-498,facade,"Группы Плёнка Мдф (ВДМ Групп): С накладками МДФ Плёнка (ВДМ Групп) 1 группа",m2,7640,"официальная цена · МДФ ПЛЁНКА ВДМ.pdf"
ren-группы-пл-нка-мдф-вдм-групп-с-накладками-мдф-пл-нка-вдм-групп-1-группа-мыло-499,facade,"Группы Плёнка Мдф (ВДМ Групп): С накладками МДФ Плёнка (ВДМ Групп) 1 группа (МЫЛО)",m2,6730,"официальная цена · МДФ ПЛЁНКА ВДМ.pdf"
ren-группы-пл-нка-мдф-вдм-групп-с-накладками-мдф-пл-нка-вдм-групп-1-группа-пленка-с--500,facade,"Группы Плёнка Мдф (ВДМ Групп): С накладками МДФ Плёнка (ВДМ Групп) 1 группа пленка с 2х сторон",m2,9840,"официальная цена · МДФ ПЛЁНКА ВДМ.pdf"
ren-группы-пл-нка-мдф-вдм-групп-с-накладками-мдф-пл-нка-вдм-групп-2-группа-501,facade,"Группы Плёнка Мдф (ВДМ Групп): С накладками МДФ Плёнка (ВДМ Групп) 2 группа",m2,8210,"официальная цена · МДФ ПЛЁНКА ВДМ.pdf"
ren-группы-пл-нка-мдф-вдм-групп-с-накладками-мдф-пл-нка-вдм-групп-2-группа-мыло-502,facade,"Группы Плёнка Мдф (ВДМ Групп): С накладками МДФ Плёнка (ВДМ Групп) 2 группа (МЫЛО)",m2,7310,"официальная цена · МДФ ПЛЁНКА ВДМ.pdf"
ren-группы-пл-нка-мдф-вдм-групп-с-накладками-мдф-пл-нка-вдм-групп-2-группа-пленка-с--503,facade,"Группы Плёнка Мдф (ВДМ Групп): С накладками МДФ Плёнка (ВДМ Групп) 2 группа пленка с 2х сторон",m2,10410,"официальная цена · МДФ ПЛЁНКА ВДМ.pdf"
ren-группы-пл-нка-мдф-вдм-групп-с-накладками-мдф-пл-нка-вдм-групп-3-группа-504,facade,"Группы Плёнка Мдф (ВДМ Групп): С накладками МДФ Плёнка (ВДМ Групп) 3 группа",m2,9510,"официальная цена · МДФ ПЛЁНКА ВДМ.pdf"
ren-группы-пл-нка-мдф-вдм-групп-с-накладками-мдф-пл-нка-вдм-групп-3-группа-мыло-505,facade,"Группы Плёнка Мдф (ВДМ Групп): С накладками МДФ Плёнка (ВДМ Групп) 3 группа (МЫЛО)",m2,8600,"официальная цена · МДФ ПЛЁНКА ВДМ.pdf"
ren-группы-пл-нка-мдф-вдм-групп-с-накладками-мдф-пл-нка-вдм-групп-3-группа-пленка-с--506,facade,"Группы Плёнка Мдф (ВДМ Групп): С накладками МДФ Плёнка (ВДМ Групп) 3 группа пленка с 2х сторон",m2,11710,"официальная цена · МДФ ПЛЁНКА ВДМ.pdf"
ren-мдф-16мм-mдф-глянец-мыло-16мм-507,facade,"МДФ 16мм: MДФ глянец (Мыло) 16мм",m2,5310,"официальная цена · МДФ ПЛЁНКА.pdf"
ren-мдф-16мм-mдф-глянц-мыло-16мм-пл-нка-с-2-х-сторон-508,facade,"МДФ 16мм: MДФ глянц. (Мыло) 16мм плёнка с 2-х сторон",m2,7510,"официальная цена · МДФ ПЛЁНКА.pdf"
ren-мдф-16мм-mдф-мат-мыло-16мм-509,facade,"МДФ 16мм: MДФ мат (Мыло) 16мм",m2,5180,"официальная цена · МДФ ПЛЁНКА.pdf"
ren-мдф-16мм-mдф-мат-мыло-16мм-пл-нка-с-2-х-сторон-510,facade,"МДФ 16мм: MДФ мат (Мыло) 16мм плёнка с 2-х сторон",m2,7380,"официальная цена · МДФ ПЛЁНКА.pdf"
ren-мдф-16мм-mдф-супермат-бл-ст-мыло-16мм-511,facade,"МДФ 16мм: MДФ супермат(блёст) (Мыло) 16мм",m2,5630,"официальная цена · МДФ ПЛЁНКА.pdf"
ren-мдф-16мм-mдф-супермат-бл-ст-мыло-16мм-пл-нка-с-2-х-сторон-512,facade,"МДФ 16мм: MДФ супермат(блёст) (Мыло) 16мм плёнка с 2-х сторон",m2,7830,"официальная цена · МДФ ПЛЁНКА.pdf"
ren-мдф-16мм-мдф-без-пленки-мыло-16-мм-513,facade,"МДФ 16мм: МДФ без пленки (мыло)16 мм",m2,4400,"официальная цена · МДФ ПЛЁНКА.pdf"
ren-мдф-16мм-мдф-глянец-скл-16мм-514,facade,"МДФ 16мм: МДФ глянец СКЛ 16мм",m2,5150,"официальная цена · МДФ ПЛЁНКА.pdf"
ren-мдф-16мм-мдф-глянц-скл-16мм-пл-нка-с-2-х-сторон-515,facade,"МДФ 16мм: МДФ глянц. СКЛ 16мм плёнка с 2-х сторон",m2,7350,"официальная цена · МДФ ПЛЁНКА.pdf"
ren-мдф-16мм-мдф-мат-скл-16мм-516,facade,"МДФ 16мм: МДФ мат СКЛ 16мм",m2,5150,"официальная цена · МДФ ПЛЁНКА.pdf"
ren-мдф-16мм-мдф-мат-скл-16мм-пл-нка-с-2-х-сторон-517,facade,"МДФ 16мм: МДФ мат СКЛ 16мм плёнка с 2-х сторон",m2,7350,"официальная цена · МДФ ПЛЁНКА.pdf"
ren-мдф-16мм-мдф-супермат-бл-ст-скл-16мм-518,facade,"МДФ 16мм: МДФ супермат(блёст) СКЛ 16мм",m2,5150,"официальная цена · МДФ ПЛЁНКА.pdf"
ren-мдф-16мм-мдф-супермат-бл-ст-скл-16мм-пл-нка-с-2-х-сторон-519,facade,"МДФ 16мм: МДФ супермат(блёст) СКЛ 16мм плёнка с 2-х сторон",m2,7350,"официальная цена · МДФ ПЛЁНКА.pdf"
ren-мдф-4мм-10мм-mдф-глян-мыло-10мм-4мм-520,facade,"МДФ 4мм, 10мм: MДФ глян. (Мыло) 10мм, 4мм",m2,5180,"официальная цена · МДФ ПЛЁНКА.pdf"
ren-мдф-4мм-10мм-mдф-мат-мыло-10мм-4мм-521,facade,"МДФ 4мм, 10мм: MДФ мат. (Мыло) 10мм, 4мм",m2,5050,"официальная цена · МДФ ПЛЁНКА.pdf"
ren-мдф-4мм-10мм-мдф-без-пленки-10-4-мм-522,facade,"МДФ 4мм, 10мм: МДФ без пленки 10;4 мм",m2,3750,"официальная цена · МДФ ПЛЁНКА.pdf"
ren-мдф-4мм-10мм-мдф-без-пленки-6-мм-523,facade,"МДФ 4мм, 10мм: МДФ без пленки 6 мм",m2,3750,"официальная цена · МДФ ПЛЁНКА.pdf"
ren-мдф-4мм-10мм-мдф-без-пленки-8-мм-524,facade,"МДФ 4мм, 10мм: МДФ без пленки 8 мм",m2,3750,"официальная цена · МДФ ПЛЁНКА.pdf"
ren-мдф-4мм-10мм-мдф-глян-скл-10мм-4мм-525,facade,"МДФ 4мм, 10мм: МДФ глян. СКЛ 10мм, 4мм",m2,5020,"официальная цена · МДФ ПЛЁНКА.pdf"
ren-мдф-4мм-10мм-мдф-мат-скл-10мм-4мм-526,facade,"МДФ 4мм, 10мм: МДФ мат. СКЛ 10мм, 4мм",m2,5020,"официальная цена · МДФ ПЛЁНКА.pdf"
ren-мдф-4мм-10мм-мдф-супермат-бл-ст-10мм-4мм-527,facade,"МДФ 4мм, 10мм: МДФ супермат(блёст). 10мм, 4мм",m2,6410,"официальная цена · МДФ ПЛЁНКА.pdf"
ren-мдф-4мм-10мм-мдф-супермат-бл-ст-скл-10мм-4мм-528,facade,"МДФ 4мм, 10мм: МДФ супермат(блёст). СКЛ 10мм, 4мм",m2,5020,"официальная цена · МДФ ПЛЁНКА.pdf"
ren-мдф-19мм-mдф-мыло-19-мм-глянц-529,facade,"МДФ 19мм: MДФ (Мыло) 19 мм глянц",m2,5630,"официальная цена · МДФ ПЛЁНКА.pdf"
ren-мдф-19мм-mдф-мыло-19-мм-мат-530,facade,"МДФ 19мм: MДФ (Мыло) 19 мм мат",m2,5500,"официальная цена · МДФ ПЛЁНКА.pdf"
ren-мдф-19мм-мдф-мыло-19-мм-супермат-бл-ст-531,facade,"МДФ 19мм: МДФ (Мыло) 19 мм супермат(блёст)",m2,5960,"официальная цена · МДФ ПЛЁНКА.pdf"
ren-мдф-19мм-мдф-скл-19-мм-глян-532,facade,"МДФ 19мм: МДФ СКЛ 19 мм глян",m2,5480,"официальная цена · МДФ ПЛЁНКА.pdf"
ren-мдф-19мм-мдф-скл-19-мм-мат-533,facade,"МДФ 19мм: МДФ СКЛ 19 мм мат",m2,5480,"официальная цена · МДФ ПЛЁНКА.pdf"
ren-мдф-19мм-мдф-скл-19-мм-супермат-бл-ст-534,facade,"МДФ 19мм: МДФ СКЛ 19 мм супермат(блёст)",m2,5480,"официальная цена · МДФ ПЛЁНКА.pdf"
ren-мдф-22мм-mдф-глян-мыло-22-мм-535,facade,"МДФ 22мм: MДФ глян. (Мыло) 22 мм",m2,6330,"официальная цена · МДФ ПЛЁНКА.pdf"
ren-мдф-22мм-mдф-глян-cкл-22-мм-536,facade,"МДФ 22мм: MДФ глян. CКЛ 22 мм",m2,6060,"официальная цена · МДФ ПЛЁНКА.pdf"
ren-мдф-22мм-mдф-глянец-мыло-22-мм-пл-нка-с-2-х-сторон-537,facade,"МДФ 22мм: MДФ глянец (Мыло) 22 мм плёнка с 2-х сторон",m2,8420,"официальная цена · МДФ ПЛЁНКА.pdf"
ren-мдф-22мм-mдф-глянец-скл-22-мм-пл-нка-с-2-х-сторон-538,facade,"МДФ 22мм: MДФ глянец СКЛ 22 мм плёнка с 2-х сторон",m2,8260,"официальная цена · МДФ ПЛЁНКА.pdf"
ren-мдф-22мм-mдф-матовый-мыло-22-мм-539,facade,"МДФ 22мм: MДФ матовый (Мыло) 22 мм",m2,6200,"официальная цена · МДФ ПЛЁНКА.pdf"
ren-мдф-22мм-mдф-матовый-мыло-22-мм-пл-нка-с-2-х-сторон-540,facade,"МДФ 22мм: MДФ матовый (Мыло) 22 мм плёнка с 2-х сторон",m2,8290,"официальная цена · МДФ ПЛЁНКА.pdf"
ren-мдф-22мм-mдф-матовый-cкл-22-мм-541,facade,"МДФ 22мм: MДФ матовый CКЛ 22 мм",m2,6060,"официальная цена · МДФ ПЛЁНКА.pdf"
ren-мдф-22мм-mдф-матовый-скл-22-мм-пл-нка-с-2-х-сторон-542,facade,"МДФ 22мм: MДФ матовый СКЛ 22 мм плёнка с 2-х сторон",m2,8260,"официальная цена · МДФ ПЛЁНКА.pdf"
ren-мдф-22мм-mдф-суперматовый-бл-ст-мыло-22-мм-543,facade,"МДФ 22мм: MДФ суперматовый(блёст) (Мыло) 22 мм",m2,6650,"официальная цена · МДФ ПЛЁНКА.pdf"
ren-мдф-22мм-mдф-суперматовый-бл-ст-мыло-22-мм-пл-нка-с-2-х-сторон-544,facade,"МДФ 22мм: MДФ суперматовый(блёст) (Мыло) 22 мм плёнка с 2-х сторон",m2,8740,"официальная цена · МДФ ПЛЁНКА.pdf"
ren-мдф-22мм-mдф-суперматовый-бл-ст-cкл-22-мм-545,facade,"МДФ 22мм: MДФ суперматовый(блёст) CКЛ 22 мм",m2,6060,"официальная цена · МДФ ПЛЁНКА.pdf"
ren-мдф-22мм-mдф-суперматовый-бл-ст-скл-22-мм-пл-нка-с-2-х-сторон-546,facade,"МДФ 22мм: MДФ суперматовый(блёст) СКЛ 22 мм плёнка с 2-х сторон",m2,8260,"официальная цена · МДФ ПЛЁНКА.pdf"
ren-мдф-32мм-mдф-глян-мыло-32мм-547,facade,"МДФ 32мм: MДФ глян. (Мыло) 32мм",m2,7700,"официальная цена · МДФ ПЛЁНКА.pdf"
ren-мдф-32мм-mдф-глян-мыло-32мм-пленка-с-2-х-сторон-548,facade,"МДФ 32мм: MДФ глян. (Мыло) 32мм пленка с 2-х сторон",m2,9900,"официальная цена · МДФ ПЛЁНКА.pdf"
ren-мдф-32мм-mдф-глян-скл-32мм-пленка-с-2-х-сторон-549,facade,"МДФ 32мм: MДФ глян. СКЛ 32мм пленка с 2-х сторон",m2,9750,"официальная цена · МДФ ПЛЁНКА.pdf"
ren-мдф-32мм-mдф-мат-мыло-32мм-550,facade,"МДФ 32мм: MДФ мат. (Мыло) 32мм",m2,7570,"официальная цена · МДФ ПЛЁНКА.pdf"
ren-мдф-32мм-mдф-мат-мыло-32мм-пленка-с-2-х-сторон-551,facade,"МДФ 32мм: MДФ мат. (Мыло) 32мм пленка с 2-х сторон",m2,9780,"официальная цена · МДФ ПЛЁНКА.pdf"
ren-мдф-32мм-mдф-мат-скл-32мм-пленка-с-2-х-сторон-552,facade,"МДФ 32мм: MДФ мат. СКЛ 32мм пленка с 2-х сторон",m2,9750,"официальная цена · МДФ ПЛЁНКА.pdf"
ren-мдф-32мм-mдф-супермат-бл-ст-мыло-32мм-пленка-с-2-х-сторон-553,facade,"МДФ 32мм: MДФ супермат(блёст) (Мыло) 32мм пленка с 2-х сторон",m2,10230,"официальная цена · МДФ ПЛЁНКА.pdf"
ren-мдф-32мм-mдф-супермат-бл-ст-скл-32мм-пленка-с-2-х-сторон-554,facade,"МДФ 32мм: MДФ супермат(блёст). СКЛ 32мм пленка с 2-х сторон",m2,9750,"официальная цена · МДФ ПЛЁНКА.pdf"
ren-мдф-32мм-mдф-суперматовый-бл-ст-скл-32мм-555,facade,"МДФ 32мм: MДФ суперматовый(блёст) СКЛ 32мм",m2,7550,"официальная цена · МДФ ПЛЁНКА.pdf"
ren-мдф-сферы-интегрированная-ручка-на-сфере-мдф-20мм-r300-556,hardware,"МДФ СФЕРЫ: Интегрированная ручка на сфере МДФ 20мм R300",pcs,1190,"официальная цена · МДФ ПЛЁНКА.pdf"
ren-мдф-сферы-мдф-сфера-глянцевая-717-557,facade,"МДФ СФЕРЫ: МДФ Сфера глянцевая 717",pcs,4600,"официальная цена · МДФ ПЛЁНКА.pdf"
ren-мдф-сферы-мдф-сфера-матовая-717-558,facade,"МДФ СФЕРЫ: МДФ Сфера матовая 717",pcs,4400,"официальная цена · МДФ ПЛЁНКА.pdf"
ren-мдф-сферы-мдф-сфера-суперматовая-бл-ст-717-559,facade,"МДФ СФЕРЫ: МДФ Сфера суперматовая(блёст) 717",pcs,4790,"официальная цена · МДФ ПЛЁНКА.pdf"
ren-мдф-сферы-нанесение-патины-на-сферический-цоколь-560,facade,"МДФ СФЕРЫ: Нанесение патины на сферический цоколь",pcs,720,"официальная цена · МДФ ПЛЁНКА.pdf"
ren-мдф-сферы-нанесение-патины-на-сферу-h-больше-800мм-за-каждые-100мм-561,facade,"МДФ СФЕРЫ: Нанесение патины на сферу H больше 800мм(за каждые 100мм)",pcs,190,"официальная цена · МДФ ПЛЁНКА.pdf"
ren-мдф-сферы-нанесение-патины-на-сферу-h-до-800мм-562,facade,"МДФ СФЕРЫ: Нанесение патины на сферу(H до 800мм)",pcs,1130,"официальная цена · МДФ ПЛЁНКА.pdf"
ren-мдф-сферы-нестандартная-высота-сферического-фасада-мдф-за-каждые-100-мм-563,facade,"МДФ СФЕРЫ: Нестандартная высота сферического фасада МДФ(за каждые 100 мм)",pcs,500,"официальная цена · МДФ ПЛЁНКА.pdf"
ren-мдф-сферы-сфера-мдф-в-пвх-r150-w269-сфера-без-прямого-участка-564,facade,"МДФ СФЕРЫ: Сфера МДФ в ПВХ R150 W269 (сфера без прямого участка)",pcs,6190,"официальная цена · МДФ ПЛЁНКА.pdf"
ren-мдф-сферы-сфера-мдф-в-пвх-r150-w412-сфера-с-прямым-участком-по-тт-152-160-565,facade,"МДФ СФЕРЫ: Сфера МДФ в ПВХ R150 W412 (сфера с прямым участком по тт 152(+160))",pcs,6190,"официальная цена · МДФ ПЛЁНКА.pdf"
ren-мдф-сферы-сферический-цоколь-мдф-566,facade,"МДФ СФЕРЫ: Сферический цоколь МДФ",pcs,1470,"официальная цена · МДФ ПЛЁНКА.pdf"
ren-мдф-багет-балюстрада-багет-60-11-в-пвх-прямой-567,facade,"МДФ БАГЕТ/БАЛЮСТРАДА: Багет 60.11 в ПВХ прямой",lm,3560,"официальная цена · МДФ ПЛЁНКА.pdf"
ren-мдф-багет-балюстрада-багет-j35-в-пвх-прямой-568,facade,"МДФ БАГЕТ/БАЛЮСТРАДА: Багет J35 в ПВХ прямой",lm,3560,"официальная цена · МДФ ПЛЁНКА.pdf"
ren-мдф-багет-балюстрада-багет-102-в-пвх-прямой-569,facade,"МДФ БАГЕТ/БАЛЮСТРАДА: Багет №102 в ПВХ прямой",lm,1670,"официальная цена · МДФ ПЛЁНКА.pdf"
ren-мдф-багет-балюстрада-багет-102-в-пвх-сферич-вогнутый-570,facade,"МДФ БАГЕТ/БАЛЮСТРАДА: Багет №102 в ПВХ сферич. ВОГНУТЫЙ",pcs,2360,"официальная цена · МДФ ПЛЁНКА.pdf"
ren-мдф-багет-балюстрада-багет-102-в-пвх-сферич-выпуклый-571,facade,"МДФ БАГЕТ/БАЛЮСТРАДА: Багет №102 в ПВХ сферич. ВЫПУКЛЫЙ",pcs,2360,"официальная цена · МДФ ПЛЁНКА.pdf"
ren-мдф-багет-балюстрада-багет-классика-в-пвх-прямой-572,facade,"МДФ БАГЕТ/БАЛЮСТРАДА: Багет Классика в ПВХ прямой",lm,3560,"официальная цена · МДФ ПЛЁНКА.pdf"
ren-мдф-багет-балюстрада-багет-ренессанс-108-в-пвх-прямой-573,facade,"МДФ БАГЕТ/БАЛЮСТРАДА: Багет ренессанс №108 в ПВХ прямой",lm,4140,"официальная цена · МДФ ПЛЁНКА.pdf"
ren-мдф-багет-балюстрада-багет-ренессанс-2-в-пвх-прямой-574,facade,"МДФ БАГЕТ/БАЛЮСТРАДА: Багет ренессанс №2 в ПВХ прямой",lm,1830,"официальная цена · МДФ ПЛЁНКА.pdf"
ren-мдф-багет-балюстрада-багет-ренессанс-2-в-пвх-сферич-вогнутый-575,facade,"МДФ БАГЕТ/БАЛЮСТРАДА: Багет ренессанс №2 в ПВХ сферич. ВОГНУТЫЙ",pcs,1670,"официальная цена · МДФ ПЛЁНКА.pdf"
ren-мдф-багет-балюстрада-багет-ренессанс-2-в-пвх-сферич-выпуклый-576,facade,"МДФ БАГЕТ/БАЛЮСТРАДА: Багет ренессанс №2 в ПВХ сферич. ВЫПУКЛЫЙ",pcs,1670,"официальная цена · МДФ ПЛЁНКА.pdf"
ren-мдф-багет-балюстрада-багет-ренессанс-4-в-пвх-прямой-577,facade,"МДФ БАГЕТ/БАЛЮСТРАДА: Багет ренессанс №4 в ПВХ прямой",lm,2130,"официальная цена · МДФ ПЛЁНКА.pdf"
ren-мдф-багет-балюстрада-багет-ренессанс-4-в-пвх-сферич-вогнутый-578,facade,"МДФ БАГЕТ/БАЛЮСТРАДА: Багет ренессанс №4 в ПВХ сферич. ВОГНУТЫЙ",pcs,1830,"официальная цена · МДФ ПЛЁНКА.pdf"
ren-мдф-багет-балюстрада-багет-ренессанс-4-в-пвх-сферич-выпуклый-579,facade,"МДФ БАГЕТ/БАЛЮСТРАДА: Багет ренессанс №4 в ПВХ сферич. ВЫПУКЛЫЙ",pcs,1830,"официальная цена · МДФ ПЛЁНКА.pdf"
ren-мдф-багет-балюстрада-багет-ренессанс-5-в-пвх-прямой-580,facade,"МДФ БАГЕТ/БАЛЮСТРАДА: Багет ренессанс №5 в ПВХ прямой",lm,2440,"официальная цена · МДФ ПЛЁНКА.pdf"
ren-мдф-багет-балюстрада-багет-ренессанс-5-в-пвх-сферич-вогнутый-581,facade,"МДФ БАГЕТ/БАЛЮСТРАДА: Багет ренессанс №5 в ПВХ сферич. ВОГНУТЫЙ",pcs,2440,"официальная цена · МДФ ПЛЁНКА.pdf"
ren-мдф-багет-балюстрада-багет-ренессанс-5-в-пвх-сферич-выпуклый-582,facade,"МДФ БАГЕТ/БАЛЮСТРАДА: Багет ренессанс №5 в ПВХ сферич. ВЫПУКЛЫЙ",pcs,2440,"официальная цена · МДФ ПЛЁНКА.pdf"
ren-мдф-багет-балюстрада-багет-ренессанс-8-в-пвх-прямой-583,facade,"МДФ БАГЕТ/БАЛЮСТРАДА: Багет ренессанс №8 в ПВХ прямой",lm,3300,"официальная цена · МДФ ПЛЁНКА.pdf"
ren-мдф-багет-балюстрада-багет-ренессанс-8-в-пвх-сферич-вогнутый-584,facade,"МДФ БАГЕТ/БАЛЮСТРАДА: Багет ренессанс №8 в ПВХ сферич. ВОГНУТЫЙ",pcs,2010,"официальная цена · МДФ ПЛЁНКА.pdf"
ren-мдф-багет-балюстрада-багет-ренессанс-8-в-пвх-сферич-выпуклый-585,facade,"МДФ БАГЕТ/БАЛЮСТРАДА: Багет ренессанс №8 в ПВХ сферич. ВЫПУКЛЫЙ",pcs,2010,"официальная цена · МДФ ПЛЁНКА.pdf"
ren-мдф-багет-балюстрада-багет-ренессанс-9-в-пвх-прямой-586,facade,"МДФ БАГЕТ/БАЛЮСТРАДА: Багет ренессанс №9 в ПВХ прямой",lm,3560,"официальная цена · МДФ ПЛЁНКА.pdf"
ren-мдф-багет-балюстрада-багет-ренессанс-9-в-пвх-сферич-вогнутый-587,facade,"МДФ БАГЕТ/БАЛЮСТРАДА: Багет ренессанс №9 в ПВХ сферич. ВОГНУТЫЙ",pcs,2520,"официальная цена · МДФ ПЛЁНКА.pdf"
ren-мдф-багет-балюстрада-багет-ренессанс-9-в-пвх-сферич-выпуклый-588,facade,"МДФ БАГЕТ/БАЛЮСТРАДА: Багет ренессанс №9 в ПВХ сферич. ВЫПУКЛЫЙ",pcs,2520,"официальная цена · МДФ ПЛЁНКА.pdf"
ren-мдф-багет-балюстрада-карниз-багет-мдф-ренессанс-нижний-прямой-h-40-l-2400-589,facade,"МДФ БАГЕТ/БАЛЮСТРАДА: Карниз-Багет МДФ РЕНЕССАНС нижний прямой (H=40, L=2400)",pcs,1290,"официальная цена · МДФ ПЛЁНКА.pdf"
ren-мдф-багет-балюстрада-карниз-багет-мдф-ренессанс-нижний-прямой-с-молдингом-h-40-l-590,facade,"МДФ БАГЕТ/БАЛЮСТРАДА: Карниз-Багет МДФ РЕНЕССАНС нижний прямой с молдингом (H=40, L=2400)",pcs,1450,"официальная цена · МДФ ПЛЁНКА.pdf"
ren-мдф-багет-балюстрада-карниз-багет-мдф-ренессанс-нижний-сферич-вогнутый-591,facade,"МДФ БАГЕТ/БАЛЮСТРАДА: Карниз-Багет МДФ РЕНЕССАНС нижний сферич. ВОГНУТЫЙ",pcs,1600,"официальная цена · МДФ ПЛЁНКА.pdf"
ren-мдф-багет-балюстрада-карниз-багет-мдф-ренессанс-нижний-сферич-выпуклый-592,facade,"МДФ БАГЕТ/БАЛЮСТРАДА: Карниз-Багет МДФ РЕНЕССАНС нижний сферич. ВЫПУКЛЫЙ",pcs,1600,"официальная цена · МДФ ПЛЁНКА.pdf"
ren-мдф-багет-балюстрада-карниз-багет-мдф-ренессанс-нижний-сферич-с-молдингом-вогнут-593,facade,"МДФ БАГЕТ/БАЛЮСТРАДА: Карниз-Багет МДФ РЕНЕССАНС нижний сферич. с молдингом ВОГНУТЫЙ",pcs,1750,"официальная цена · МДФ ПЛЁНКА.pdf"
ren-мдф-багет-балюстрада-карниз-багет-мдф-ренессанс-нижний-сферич-с-молдингом-выпукл-594,facade,"МДФ БАГЕТ/БАЛЮСТРАДА: Карниз-Багет МДФ РЕНЕССАНС нижний сферич. с молдингом ВЫПУКЛЫЙ",pcs,1750,"официальная цена · МДФ ПЛЁНКА.pdf"
ren-мдф-багет-балюстрада-мдф-балюстрада-в-цвет-фасадов-матов-595,facade,"МДФ БАГЕТ/БАЛЮСТРАДА: МДФ-балюстрада в цвет фасадов матов.",lm,2400,"официальная цена · МДФ ПЛЁНКА.pdf"
ren-мдф-багет-балюстрада-мдф-балюстрада-в-цвет-фасадов-матов-с-патиной-596,facade,"МДФ БАГЕТ/БАЛЮСТРАДА: МДФ-балюстрада в цвет фасадов матов. с патиной",lm,3280,"официальная цена · МДФ ПЛЁНКА.pdf"
ren-мдф-багет-балюстрада-мдф-балюстрада-в-цвет-фасадов-сферическая-597,facade,"МДФ БАГЕТ/БАЛЮСТРАДА: МДФ-балюстрада в цвет фасадов сферическая",pcs,2010,"официальная цена · МДФ ПЛЁНКА.pdf"
ren-мдф-багет-балюстрада-мдф-балюстрада-в-цвет-фасадов-сферическая-с-патиной-598,facade,"МДФ БАГЕТ/БАЛЮСТРАДА: МДФ-балюстрада в цвет фасадов сферическая с патиной",pcs,2540,"официальная цена · МДФ ПЛЁНКА.pdf"
ren-мдф-багет-балюстрада-нанесение-патины-на-прямой-багет-599,facade,"МДФ БАГЕТ/БАЛЮСТРАДА: Нанесение патины на прямой багет",lm,140,"официальная цена · МДФ ПЛЁНКА.pdf"
ren-мдф-багет-балюстрада-нанесение-патины-на-сферический-багет-600,facade,"МДФ БАГЕТ/БАЛЮСТРАДА: Нанесение патины на сферический багет",pcs,530,"официальная цена · МДФ ПЛЁНКА.pdf"
ren-мдф-багет-балюстрада-цоколь-пвх-1-2-3-4-прямой-ренесанс-601,facade,"МДФ БАГЕТ/БАЛЮСТРАДА: Цоколь ПВХ №1,2,3,4 прямой (Ренесанс)",lm,1290,"официальная цена · МДФ ПЛЁНКА.pdf"
ren-мдф-пилястра-имитация-колонн-пилястра-1-высотой-до-717-в-пвх-602,facade,"МДФ ПИЛЯСТРА/ИМИТАЦИЯ КОЛОНН: Пилястра № 1, высотой до 717, в ПВХ",pcs,780,"официальная цена · МДФ ПЛЁНКА.pdf"
ren-мдф-пилястра-имитация-колонн-пилястра-2-высотой-до-717-в-пвх-603,facade,"МДФ ПИЛЯСТРА/ИМИТАЦИЯ КОЛОНН: Пилястра № 2, высотой до 717, в ПВХ",pcs,780,"официальная цена · МДФ ПЛЁНКА.pdf"
ren-мдф-пилястра-имитация-колонн-пилястра-3-высотой-до-717-в-пвх-604,facade,"МДФ ПИЛЯСТРА/ИМИТАЦИЯ КОЛОНН: Пилястра № 3, высотой до 717, в ПВХ",pcs,780,"официальная цена · МДФ ПЛЁНКА.pdf"
ren-мдф-пилястра-имитация-колонн-пилястра-4-высотой-до-717-в-пвх-605,facade,"МДФ ПИЛЯСТРА/ИМИТАЦИЯ КОЛОНН: Пилястра № 4, высотой до 717, в ПВХ",pcs,910,"официальная цена · МДФ ПЛЁНКА.pdf"
ren-мдф-пилястра-имитация-колонн-пилястра-5-высотой-до-717-в-пвх-606,facade,"МДФ ПИЛЯСТРА/ИМИТАЦИЯ КОЛОНН: Пилястра № 5, высотой до 717, в ПВХ",pcs,780,"официальная цена · МДФ ПЛЁНКА.pdf"
ren-мдф-пилястра-имитация-колонн-пилястра-6-высотой-до-717-в-пвх-607,facade,"МДФ ПИЛЯСТРА/ИМИТАЦИЯ КОЛОНН: Пилястра № 6, высотой до 717, в ПВХ",pcs,910,"официальная цена · МДФ ПЛЁНКА.pdf"
ren-мдф-пилястра-имитация-колонн-пилястра-7-высотой-до-717-в-пвх-608,facade,"МДФ ПИЛЯСТРА/ИМИТАЦИЯ КОЛОНН: Пилястра № 7, высотой до 717, в ПВХ",pcs,910,"официальная цена · МДФ ПЛЁНКА.pdf"
ren-мдф-пилястра-имитация-колонн-пилястра-11-высотой-до-717-в-пвх-609,facade,"МДФ ПИЛЯСТРА/ИМИТАЦИЯ КОЛОНН: Пилястра №11, высотой до 717, в ПВХ",pcs,1170,"официальная цена · МДФ ПЛЁНКА.pdf"
ren-мдф-пилястра-имитация-колонн-пилястра-12-высотой-до-717-в-пвх-610,facade,"МДФ ПИЛЯСТРА/ИМИТАЦИЯ КОЛОНН: Пилястра №12, высотой до 717, в ПВХ",pcs,1040,"официальная цена · МДФ ПЛЁНКА.pdf"
ren-мдф-пилястра-имитация-колонн-пилястра-13-высотой-до-717-в-пвх-611,facade,"МДФ ПИЛЯСТРА/ИМИТАЦИЯ КОЛОНН: Пилястра №13, высотой до 717, в ПВХ",pcs,970,"официальная цена · МДФ ПЛЁНКА.pdf"
ren-мдф-пилястра-имитация-колонн-пилястра-14-высотой-до-717-в-пвх-612,facade,"МДФ ПИЛЯСТРА/ИМИТАЦИЯ КОЛОНН: Пилястра №14, высотой до 717, в ПВХ",pcs,1170,"официальная цена · МДФ ПЛЁНКА.pdf"
ren-мдф-пилястра-имитация-колонн-пилястра-15-высотой-до-717-в-пвх-613,facade,"МДФ ПИЛЯСТРА/ИМИТАЦИЯ КОЛОНН: Пилястра №15, высотой до 717, в ПВХ",pcs,1490,"официальная цена · МДФ ПЛЁНКА.pdf"
ren-мдф-пилястра-имитация-колонн-пилястра-16-высотой-до-717-в-пвх-614,facade,"МДФ ПИЛЯСТРА/ИМИТАЦИЯ КОЛОНН: Пилястра №16, высотой до 717, в ПВХ",pcs,970,"официальная цена · МДФ ПЛЁНКА.pdf"
ren-мдф-пилястра-имитация-колонн-пилястра-17-высотой-до-717-в-пвх-615,facade,"МДФ ПИЛЯСТРА/ИМИТАЦИЯ КОЛОНН: Пилястра №17, высотой до 717, в ПВХ",pcs,1490,"официальная цена · МДФ ПЛЁНКА.pdf"
ren-мдф-пилястра-имитация-колонн-пилястра-за-каждые-следующие-100мм-в-пвх-616,facade,"МДФ ПИЛЯСТРА/ИМИТАЦИЯ КОЛОНН: Пилястра ЗА КАЖДЫЕ СЛЕДУЮЩИЕ 100мм в ПВХ",pcs,30,"официальная цена · МДФ ПЛЁНКА.pdf"
ren-ручки-мдф-в-пвх-ручка-мдф-в-пвх-байс-100-x-100-1-шт-617,hardware,"РУЧКИ МДФ В ПВХ: Ручка МДФ в ПВХ Байс (100 x 100), 1 шт",set,264,"официальная цена · МДФ ПЛЁНКА.pdf"
ren-ручки-мдф-в-пвх-ручка-мдф-в-пвх-байс-150-x-150-1-шт-618,hardware,"РУЧКИ МДФ В ПВХ: Ручка МДФ в ПВХ Байс (150 x 150), 1 шт",set,264,"официальная цена · МДФ ПЛЁНКА.pdf"
ren-ручки-мдф-в-пвх-ручка-мдф-в-пвх-велия-200-x-200-2-шт-619,hardware,"РУЧКИ МДФ В ПВХ: Ручка МДФ в ПВХ Велия (200 x 200), 2 шт",set,671,"официальная цена · МДФ ПЛЁНКА.pdf"
ren-ручки-мдф-в-пвх-ручка-мдф-в-пвх-велия-250-x-250-2-шт-620,hardware,"РУЧКИ МДФ В ПВХ: Ручка МДФ в ПВХ Велия (250 x 250), 2 шт",set,847,"официальная цена · МДФ ПЛЁНКА.pdf"
ren-ручки-мдф-в-пвх-ручка-мдф-в-пвх-велия-300-x-300-2-шт-621,hardware,"РУЧКИ МДФ В ПВХ: Ручка МДФ в ПВХ Велия (300 x 300), 2 шт",set,1045,"официальная цена · МДФ ПЛЁНКА.pdf"
ren-ручки-мдф-в-пвх-ручка-мдф-в-пвх-влас-150-x-150-1-шт-622,hardware,"РУЧКИ МДФ В ПВХ: Ручка МДФ в ПВХ Влас (150 x 150), 1 шт",set,363,"официальная цена · МДФ ПЛЁНКА.pdf"
ren-ручки-мдф-в-пвх-ручка-мдф-в-пвх-влас-200-x-200-1-шт-623,hardware,"РУЧКИ МДФ В ПВХ: Ручка МДФ в ПВХ Влас (200 x 200), 1 шт",set,495,"официальная цена · МДФ ПЛЁНКА.pdf"
ren-ручки-мдф-в-пвх-ручка-мдф-в-пвх-дени-200-x-200-2-шт-624,hardware,"РУЧКИ МДФ В ПВХ: Ручка МДФ в ПВХ Дени (200 x 200), 2 шт",set,671,"официальная цена · МДФ ПЛЁНКА.pdf"
ren-ручки-мдф-в-пвх-ручка-мдф-в-пвх-дени-250-x-250-2-шт-625,hardware,"РУЧКИ МДФ В ПВХ: Ручка МДФ в ПВХ Дени (250 x 250), 2 шт",set,847,"официальная цена · МДФ ПЛЁНКА.pdf"
ren-ручки-мдф-в-пвх-ручка-мдф-в-пвх-лия-100-x-100-1-шт-626,hardware,"РУЧКИ МДФ В ПВХ: Ручка МДФ в ПВХ Лия (100 x 100), 1 шт",set,264,"официальная цена · МДФ ПЛЁНКА.pdf"
ren-ручки-мдф-в-пвх-ручка-мдф-в-пвх-лия-150-x-150-1-шт-627,hardware,"РУЧКИ МДФ В ПВХ: Ручка МДФ в ПВХ Лия (150 x 150), 1 шт",set,363,"официальная цена · МДФ ПЛЁНКА.pdf"
ren-ручки-мдф-в-пвх-ручка-мдф-в-пвх-лия-200-x-200-1-шт-628,hardware,"РУЧКИ МДФ В ПВХ: Ручка МДФ в ПВХ Лия (200 x 200), 1 шт",set,495,"официальная цена · МДФ ПЛЁНКА.pdf"
ren-ручки-мдф-в-пвх-ручка-мдф-в-пвх-матис-z-4-шт-629,hardware,"РУЧКИ МДФ В ПВХ: Ручка МДФ в ПВХ Матис Z, 4 шт",set,1397,"официальная цена · МДФ ПЛЁНКА.pdf"
ren-ручки-мдф-в-пвх-ручка-мдф-в-пвх-матис-4-шт-630,hardware,"РУЧКИ МДФ В ПВХ: Ручка МДФ в ПВХ Матис, 4 шт",set,1397,"официальная цена · МДФ ПЛЁНКА.pdf"
ren-ручки-мдф-в-пвх-ручка-мдф-в-пвх-пинна-250-x-250-2-шт-631,hardware,"РУЧКИ МДФ В ПВХ: Ручка МДФ в ПВХ Пинна (250 x 250), 2 шт",set,847,"официальная цена · МДФ ПЛЁНКА.pdf"
ren-ручки-мдф-в-пвх-ручка-мдф-в-пвх-пинна-300-x-300-2-шт-632,hardware,"РУЧКИ МДФ В ПВХ: Ручка МДФ в ПВХ Пинна (300 x 300), 2 шт",set,1045,"официальная цена · МДФ ПЛЁНКА.pdf"
ren-доп-работы-выборка-под-стекло-633,labor,"ДОП. РАБОТЫ: Выборка под стекло",m2,970,"официальная цена · МДФ ПЛЁНКА.pdf"
ren-доп-работы-декоративные-рейки-много-мелких-планок-шир-30мм-толщ-16мм-и-19мм-в-од-634,labor,"ДОП. РАБОТЫ: Декоративные рейки (много мелких планок шир.30мм, толщ.16мм и 19мм в одном заказе)",m2,2980,"официальная цена · МДФ ПЛЁНКА.pdf"
ren-доп-работы-мдф-решетка-в-пвх-635,facade,"ДОП. РАБОТЫ: МДФ-решетка в ПВХ",m2,10880,"официальная цена · МДФ ПЛЁНКА.pdf"
ren-доп-работы-нанесение-патины-636,labor,"ДОП. РАБОТЫ: Нанесение патины",m2,4760,"официальная цена · МДФ ПЛЁНКА.pdf"
ren-доп-работы-наценка-бока-р25-расчитывается-исходя-из-площади-развертки-детали-637,labor,"ДОП. РАБОТЫ: Наценка бока р25 расчитывается исходя из площади развертки детали",m2,500,"официальная цена · МДФ ПЛЁНКА.pdf"
ren-доп-работы-паз-под-профиль-elikor-638,labor,"ДОП. РАБОТЫ: Паз под профиль Elikor",m2,300,"официальная цена · МДФ ПЛЁНКА.pdf"
ren-доп-работы-паз-под-профиль-elikor-с-установкой-639,labor,"ДОП. РАБОТЫ: Паз под профиль Elikor с установкой",m2,980,"официальная цена · МДФ ПЛЁНКА.pdf"
ren-доп-работы-паз-с-установкой-корректора-лампласт-640,labor,"ДОП. РАБОТЫ: Паз с установкой корректора ЛАМПЛАСТ",pcs,3880,"официальная цена · МДФ ПЛЁНКА.pdf"
ren-доп-работы-паз-с-установкой-корректора-макмарт-641,labor,"ДОП. РАБОТЫ: Паз с установкой корректора МАКМАРТ",pcs,3240,"официальная цена · МДФ ПЛЁНКА.pdf"
ren-доп-работы-паз-с-установкой-корректора-модус-642,labor,"ДОП. РАБОТЫ: Паз с установкой корректора МОДУС",pcs,2850,"официальная цена · МДФ ПЛЁНКА.pdf"
ren-доп-работы-подгонка-текстуры-на-вставки-в-интегро-5-пленка-с-диагональной-тексту-643,facade,"ДОП. РАБОТЫ: Подгонка текстуры на вставки в интегро 5, пленка с диагональной текстурой",m2,1440,"официальная цена · МДФ ПЛЁНКА.pdf"
ren-доп-работы-приклейка-декора-644,labor,"ДОП. РАБОТЫ: Приклейка Декора",m2,780,"официальная цена · МДФ ПЛЁНКА.pdf"
ren-доп-работы-рамка-с-перекрестием-645,labor,"ДОП. РАБОТЫ: РАМКА (с перекрестием)",m2,620,"официальная цена · МДФ ПЛЁНКА.pdf"
ren-доп-работы-упаковка-мдф-фасадов-в-жесткую-упаковку-646,facade,"ДОП. РАБОТЫ: Упаковка МДФ-фасадов в жесткую упаковку",m2,100,"официальная цена · МДФ ПЛЁНКА.pdf"
ren-мдф-эмаль-10мм-мдф-эмаль-глянец-мыло-10мм-846,facade,"МДФ ЭМАЛЬ 10мм: МДФ Эмаль Глянец (мыло) 10мм",m2,13380,"официальная цена · МДФ ЭМАЛЬ.pdf"
ren-мдф-эмаль-10мм-мдф-эмаль-матовая-мыло-10мм-847,facade,"МДФ ЭМАЛЬ 10мм: МДФ Эмаль Матовая (мыло) 10мм",m2,11720,"официальная цена · МДФ ЭМАЛЬ.pdf"
ren-мдф-эмаль-10мм-мдф-эмаль-супер-матовая-мыло-10мм-848,facade,"МДФ ЭМАЛЬ 10мм: МДФ Эмаль Супер Матовая (мыло) 10мм",m2,13770,"официальная цена · МДФ ЭМАЛЬ.pdf"
ren-мдф-эмаль-16мм-мдф-эмаль-глянец-мыло-16мм-849,facade,"МДФ ЭМАЛЬ 16мм: МДФ Эмаль Глянец (мыло)16мм",m2,13510,"официальная цена · МДФ ЭМАЛЬ.pdf"
ren-мдф-эмаль-16мм-мдф-эмаль-матовая-мыло-16мм-850,facade,"МДФ ЭМАЛЬ 16мм: МДФ Эмаль Матовая (мыло) 16мм",m2,11850,"официальная цена · МДФ ЭМАЛЬ.pdf"
ren-мдф-эмаль-16мм-мдф-эмаль-с-2-х-сторон-глянец-мыло-16мм-851,facade,"МДФ ЭМАЛЬ 16мм: МДФ Эмаль с 2-х сторон Глянец (мыло) 16мм",m2,20610,"официальная цена · МДФ ЭМАЛЬ.pdf"
ren-мдф-эмаль-16мм-мдф-эмаль-с-2-х-сторон-матовая-мыло-16мм-852,facade,"МДФ ЭМАЛЬ 16мм: МДФ Эмаль с 2-х сторон Матовая (мыло) 16мм",m2,17460,"официальная цена · МДФ ЭМАЛЬ.pdf"
ren-мдф-эмаль-16мм-мдф-эмаль-с-2-х-сторон-супер-матовая-мыло-16мм-853,facade,"МДФ ЭМАЛЬ 16мм: МДФ Эмаль с 2-х сторон Супер Матовая (мыло) 16мм",m2,21340,"официальная цена · МДФ ЭМАЛЬ.pdf"
ren-мдф-эмаль-16мм-мдф-эмаль-супер-матовая-мыло-16мм-854,facade,"МДФ ЭМАЛЬ 16мм: МДФ Эмаль Супер Матовая (мыло) 16мм",m2,13890,"официальная цена · МДФ ЭМАЛЬ.pdf"
ren-мдф-эмаль-19мм-мдф-в-эмали-глянец-19мм-с-2-х-сторон-мыло-855,facade,"МДФ ЭМАЛЬ 19мм: МДФ в эмали ГЛЯНЕЦ 19мм с 2-х сторон (мыло)",m2,20930,"официальная цена · МДФ ЭМАЛЬ.pdf"
ren-мдф-эмаль-19мм-мдф-в-эмали-матовая-19мм-с-2-х-сторон-мыло-856,facade,"МДФ ЭМАЛЬ 19мм: МДФ в эмали МАТОВАЯ 19мм с 2-х сторон (мыло)",m2,17780,"официальная цена · МДФ ЭМАЛЬ.pdf"
ren-мдф-эмаль-19мм-мдф-в-эмали-суперматовая-19мм-с-2-х-сторон-мыло-857,facade,"МДФ ЭМАЛЬ 19мм: МДФ в эмали СУПЕРМАТОВАЯ 19мм с 2-х сторон (мыло)",m2,21660,"официальная цена · МДФ ЭМАЛЬ.pdf"
ren-мдф-эмаль-19мм-мдф-эмаль-19-мм-глянец-мыло-858,facade,"МДФ ЭМАЛЬ 19мм: МДФ Эмаль 19 мм Глянец (мыло)",m2,13830,"официальная цена · МДФ ЭМАЛЬ.pdf"
ren-мдф-эмаль-19мм-мдф-эмаль-19-мм-матовая-мыло-859,facade,"МДФ ЭМАЛЬ 19мм: МДФ Эмаль 19 мм Матовая (мыло)",m2,12170,"официальная цена · МДФ ЭМАЛЬ.pdf"
ren-мдф-эмаль-19мм-мдф-эмаль-19-мм-супер-матовая-мыло-860,facade,"МДФ ЭМАЛЬ 19мм: МДФ Эмаль 19 мм Супер Матовая (мыло)",m2,14210,"официальная цена · МДФ ЭМАЛЬ.pdf"
ren-мдф-эмаль-с-накладками-22-32мм-мдф-эмаль-глянец-мыло-22мм-861,facade,"МДФ ЭМАЛЬ С НАКЛАДКАМИ/22/32мм: МДФ Эмаль Глянец (мыло) 22мм",m2,14520,"официальная цена · МДФ ЭМАЛЬ.pdf"
ren-мдф-эмаль-с-накладками-22-32мм-мдф-эмаль-глянец-мыло-32мм-862,facade,"МДФ ЭМАЛЬ С НАКЛАДКАМИ/22/32мм: МДФ Эмаль Глянец (мыло) 32мм",m2,15870,"официальная цена · МДФ ЭМАЛЬ.pdf"
ren-мдф-эмаль-с-накладками-22-32мм-мдф-эмаль-матовая-мыло-22мм-863,facade,"МДФ ЭМАЛЬ С НАКЛАДКАМИ/22/32мм: МДФ Эмаль Матовая (мыло) 22мм",m2,12860,"официальная цена · МДФ ЭМАЛЬ.pdf"
ren-мдф-эмаль-с-накладками-22-32мм-мдф-эмаль-матовая-мыло-32мм-864,facade,"МДФ ЭМАЛЬ С НАКЛАДКАМИ/22/32мм: МДФ Эмаль Матовая (мыло) 32мм",m2,14210,"официальная цена · МДФ ЭМАЛЬ.pdf"
ren-мдф-эмаль-с-накладками-22-32мм-мдф-эмаль-с-2-х-сторон-матовая-мыло-22-мм-865,facade,"МДФ ЭМАЛЬ С НАКЛАДКАМИ/22/32мм: МДФ Эмаль с 2-х сторон Матовая (мыло) 22 мм",m2,18350,"официальная цена · МДФ ЭМАЛЬ.pdf"
ren-мдф-эмаль-с-накладками-22-32мм-мдф-эмаль-с-накладками-глянец-мыло-866,facade,"МДФ ЭМАЛЬ С НАКЛАДКАМИ/22/32мм: МДФ Эмаль с накладками Глянец (мыло)",m2,15160,"официальная цена · МДФ ЭМАЛЬ.pdf"
ren-мдф-эмаль-с-накладками-22-32мм-мдф-эмаль-с-накладками-глянец-мыло-с-2-х-сторон-867,facade,"МДФ ЭМАЛЬ С НАКЛАДКАМИ/22/32мм: МДФ Эмаль с накладками Глянец (мыло) с 2-х сторон",m2,22150,"официальная цена · МДФ ЭМАЛЬ.pdf"
ren-мдф-эмаль-с-накладками-22-32мм-мдф-эмаль-с-накладками-матовая-мыло-868,facade,"МДФ ЭМАЛЬ С НАКЛАДКАМИ/22/32мм: МДФ Эмаль с накладками Матовая (мыло)",m2,13500,"официальная цена · МДФ ЭМАЛЬ.pdf"
ren-мдф-эмаль-с-накладками-22-32мм-мдф-эмаль-с-накладками-матовая-мыло-с-2-х-сторон-869,facade,"МДФ ЭМАЛЬ С НАКЛАДКАМИ/22/32мм: МДФ Эмаль с накладками Матовая (мыло) с 2-х сторон",m2,18990,"официальная цена · МДФ ЭМАЛЬ.pdf"
ren-мдф-эмаль-с-накладками-22-32мм-мдф-эмаль-с-накладками-супер-матовая-мыло-870,facade,"МДФ ЭМАЛЬ С НАКЛАДКАМИ/22/32мм: МДФ Эмаль с накладками Супер Матовая (мыло)",m2,15540,"официальная цена · МДФ ЭМАЛЬ.pdf"
ren-мдф-эмаль-с-накладками-22-32мм-мдф-эмаль-с-накладками-супер-матовая-мыло-с-2-х-с-871,facade,"МДФ ЭМАЛЬ С НАКЛАДКАМИ/22/32мм: МДФ Эмаль с накладками Супер Матовая (мыло) с 2-х сторон",m2,22880,"официальная цена · МДФ ЭМАЛЬ.pdf"
ren-мдф-эмаль-с-накладками-22-32мм-мдф-эмаль-супер-матовая-мыло-22мм-872,facade,"МДФ ЭМАЛЬ С НАКЛАДКАМИ/22/32мм: МДФ Эмаль Супер Матовая (мыло) 22мм",m2,14900,"официальная цена · МДФ ЭМАЛЬ.pdf"
ren-мдф-эмаль-с-накладками-22-32мм-мдф-эмаль-супер-матовая-мыло-32мм-873,facade,"МДФ ЭМАЛЬ С НАКЛАДКАМИ/22/32мм: МДФ Эмаль Супер Матовая (мыло) 32мм",m2,16260,"официальная цена · МДФ ЭМАЛЬ.pdf"
ren-мдф-эмаль-багет-балюстрада-багет-60-11-в-эмали-прямой-874,facade,"МДФ ЭМАЛЬ БАГЕТ/БАЛЮСТРАДА: Багет 60.11 в эмали прямой",lm,4860,"официальная цена · МДФ ЭМАЛЬ.pdf"
ren-мдф-эмаль-багет-балюстрада-багет-j35-в-эмали-прямой-875,facade,"МДФ ЭМАЛЬ БАГЕТ/БАЛЮСТРАДА: Багет J35 в эмали прямой",lm,4860,"официальная цена · МДФ ЭМАЛЬ.pdf"
ren-мдф-эмаль-багет-балюстрада-багет-102-в-эмали-прямой-876,facade,"МДФ ЭМАЛЬ БАГЕТ/БАЛЮСТРАДА: Багет №102 в эмали прямой",lm,2940,"официальная цена · МДФ ЭМАЛЬ.pdf"
ren-мдф-эмаль-багет-балюстрада-багет-102-в-эмали-сферич-вогнутый-877,facade,"МДФ ЭМАЛЬ БАГЕТ/БАЛЮСТРАДА: Багет №102 в эмали сферич. ВОГНУТЫЙ",pcs,2810,"официальная цена · МДФ ЭМАЛЬ.pdf"
ren-мдф-эмаль-багет-балюстрада-багет-102-в-эмали-сферич-выпуклый-878,facade,"МДФ ЭМАЛЬ БАГЕТ/БАЛЮСТРАДА: Багет №102 в эмали сферич. ВЫПУКЛЫЙ",pcs,2810,"официальная цена · МДФ ЭМАЛЬ.pdf"
ren-мдф-эмаль-багет-балюстрада-багет-классика-в-эмали-прямой-879,facade,"МДФ ЭМАЛЬ БАГЕТ/БАЛЮСТРАДА: Багет Классика в эмали прямой",lm,4860,"официальная цена · МДФ ЭМАЛЬ.pdf"
ren-мдф-эмаль-багет-балюстрада-багет-ренессанс-108-в-эмали-прямой-880,facade,"МДФ ЭМАЛЬ БАГЕТ/БАЛЮСТРАДА: Багет ренессанс №108 в эмали прямой",lm,5750,"официальная цена · МДФ ЭМАЛЬ.pdf"
ren-мдф-эмаль-багет-балюстрада-багет-ренессанс-2-в-эмали-прямой-881,facade,"МДФ ЭМАЛЬ БАГЕТ/БАЛЮСТРАДА: Багет ренессанс №2 в эмали прямой",lm,3510,"официальная цена · МДФ ЭМАЛЬ.pdf"
ren-мдф-эмаль-багет-балюстрада-багет-ренессанс-2-в-эмали-сферич-вогнутый-882,facade,"МДФ ЭМАЛЬ БАГЕТ/БАЛЮСТРАДА: Багет ренессанс №2 в эмали сферич. ВОГНУТЫЙ",lm,3510,"официальная цена · МДФ ЭМАЛЬ.pdf"
ren-мдф-эмаль-багет-балюстрада-багет-ренессанс-2-в-эмали-сферич-выпуклый-883,facade,"МДФ ЭМАЛЬ БАГЕТ/БАЛЮСТРАДА: Багет ренессанс №2 в эмали сферич. ВЫПУКЛЫЙ",pcs,3510,"официальная цена · МДФ ЭМАЛЬ.pdf"
ren-мдф-эмаль-багет-балюстрада-багет-ренессанс-4-в-эмали-прямой-884,facade,"МДФ ЭМАЛЬ БАГЕТ/БАЛЮСТРАДА: Багет ренессанс №4 в эмали прямой",lm,3960,"официальная цена · МДФ ЭМАЛЬ.pdf"
ren-мдф-эмаль-багет-балюстрада-багет-ренессанс-4-в-эмали-сферич-выпуклый-885,facade,"МДФ ЭМАЛЬ БАГЕТ/БАЛЮСТРАДА: Багет ренессанс №4 в эмали сферич. ВЫПУКЛЫЙ",pcs,3960,"официальная цена · МДФ ЭМАЛЬ.pdf"
ren-мдф-эмаль-багет-балюстрада-багет-ренессанс-5-в-эмали-прямой-886,facade,"МДФ ЭМАЛЬ БАГЕТ/БАЛЮСТРАДА: Багет ренессанс №5 в эмали прямой",lm,3510,"официальная цена · МДФ ЭМАЛЬ.pdf"
ren-мдф-эмаль-багет-балюстрада-багет-ренессанс-5-в-эмали-сферич-выпуклый-887,facade,"МДФ ЭМАЛЬ БАГЕТ/БАЛЮСТРАДА: Багет ренессанс №5 в эмали сферич. ВЫПУКЛЫЙ",pcs,3510,"официальная цена · МДФ ЭМАЛЬ.pdf"
ren-мдф-эмаль-багет-балюстрада-багет-ренессанс-8-в-эмали-прямой-888,facade,"МДФ ЭМАЛЬ БАГЕТ/БАЛЮСТРАДА: Багет ренессанс №8 в эмали прямой",lm,7030,"официальная цена · МДФ ЭМАЛЬ.pdf"
ren-мдф-эмаль-багет-балюстрада-багет-ренессанс-8-в-эмали-сферич-вогнутый-889,facade,"МДФ ЭМАЛЬ БАГЕТ/БАЛЮСТРАДА: Багет ренессанс №8 в эмали сферич. ВОГНУТЫЙ",pcs,7030,"официальная цена · МДФ ЭМАЛЬ.pdf"
ren-мдф-эмаль-багет-балюстрада-багет-ренессанс-8-в-эмали-сферич-выпуклый-890,facade,"МДФ ЭМАЛЬ БАГЕТ/БАЛЮСТРАДА: Багет ренессанс №8 в эмали сферич. ВЫПУКЛЫЙ",pcs,7030,"официальная цена · МДФ ЭМАЛЬ.pdf"
ren-мдф-эмаль-багет-балюстрада-багет-ренессанс-9-в-эмали-прямой-891,facade,"МДФ ЭМАЛЬ БАГЕТ/БАЛЮСТРАДА: Багет ренессанс №9 в эмали прямой",lm,7350,"официальная цена · МДФ ЭМАЛЬ.pdf"
ren-мдф-эмаль-багет-балюстрада-балюстрада-в-эмали-глянец-892,facade,"МДФ ЭМАЛЬ БАГЕТ/БАЛЮСТРАДА: Балюстрада в Эмали Глянец",lm,2940,"официальная цена · МДФ ЭМАЛЬ.pdf"
ren-мдф-эмаль-багет-балюстрада-балюстрада-в-эмали-мтовая-893,facade,"МДФ ЭМАЛЬ БАГЕТ/БАЛЮСТРАДА: Балюстрада в Эмали Мтовая",lm,4400,"официальная цена · МДФ ЭМАЛЬ.pdf"
ren-мдф-эмаль-багет-балюстрада-карниз-багет-мдф-ренессанс-нижний-прямой-в-эмали-глян-894,facade,"МДФ ЭМАЛЬ БАГЕТ/БАЛЮСТРАДА: Карниз-Багет МДФ РЕНЕССАНС нижний прямой в эмали ГЛЯНЕЦ",lm,1060,"официальная цена · МДФ ЭМАЛЬ.pdf"
ren-мдф-эмаль-багет-балюстрада-карниз-багет-мдф-ренессанс-нижний-прямой-в-эмали-мато-895,facade,"МДФ ЭМАЛЬ БАГЕТ/БАЛЮСТРАДА: Карниз-Багет МДФ РЕНЕССАНС нижний прямой в эмали МАТОВАЯ",lm,990,"официальная цена · МДФ ЭМАЛЬ.pdf"
ren-мдф-эмаль-багет-балюстрада-карниз-багет-мдф-ренессанс-нижний-прямой-с-модингом-в-896,facade,"МДФ ЭМАЛЬ БАГЕТ/БАЛЮСТРАДА: Карниз-Багет МДФ РЕНЕССАНС нижний прямой с модингом в эмали ГЛЯНЕЦ",lm,1210,"официальная цена · МДФ ЭМАЛЬ.pdf"
ren-мдф-эмаль-багет-балюстрада-карниз-багет-мдф-ренессанс-нижний-прямой-с-модингом-в-897,facade,"МДФ ЭМАЛЬ БАГЕТ/БАЛЮСТРАДА: Карниз-Багет МДФ РЕНЕССАНС нижний прямой с модингом в эмали МАТОВАЯ",lm,1140,"официальная цена · МДФ ЭМАЛЬ.pdf"
ren-мдф-эмаль-багет-балюстрада-карниз-багет-мдф-ренессанс-нижний-сферич-вогнутый-в-э-898,facade,"МДФ ЭМАЛЬ БАГЕТ/БАЛЮСТРАДА: Карниз-Багет МДФ РЕНЕССАНС нижний сферич. ВОГНУТЫЙ в эмали ГЛЯНЕЦ",pcs,1320,"официальная цена · МДФ ЭМАЛЬ.pdf"
ren-мдф-эмаль-багет-балюстрада-карниз-багет-мдф-ренессанс-нижний-сферич-выпуклый-в-э-899,facade,"МДФ ЭМАЛЬ БАГЕТ/БАЛЮСТРАДА: Карниз-Багет МДФ РЕНЕССАНС нижний сферич. ВЫПУКЛЫЙ в эмали МАТОВАЯ",pcs,1320,"официальная цена · МДФ ЭМАЛЬ.pdf"
ren-мдф-эмаль-багет-балюстрада-мдф-баллюстрада-в-цвет-фасадов-сферич-в-эмали-глянец-900,facade,"МДФ ЭМАЛЬ БАГЕТ/БАЛЮСТРАДА: МДФ-баллюстрада в цвет фасадов СФЕРИЧ в эмали ГЛЯНЕЦ",pcs,2940,"официальная цена · МДФ ЭМАЛЬ.pdf"
ren-мдф-эмаль-багет-балюстрада-мдф-баллюстрада-в-цвет-фасадов-сферич-в-эмали-матовая-901,facade,"МДФ ЭМАЛЬ БАГЕТ/БАЛЮСТРАДА: МДФ-баллюстрада в цвет фасадов СФЕРИЧ. в эмали МАТОВАЯ",pcs,2940,"официальная цена · МДФ ЭМАЛЬ.pdf"
ren-мдф-эмаль-пилястра-имитация-колонн-пилястра-1-высотой-до-717-в-эмали-902,facade,"МДФ ЭМАЛЬ ПИЛЯСТРА/ИМИТАЦИЯ КОЛОНН: Пилястра № 1, высотой до 717, в эмали",pcs,1280,"официальная цена · МДФ ЭМАЛЬ.pdf"
ren-мдф-эмаль-пилястра-имитация-колонн-пилястра-2-высотой-до-717-в-эмали-903,facade,"МДФ ЭМАЛЬ ПИЛЯСТРА/ИМИТАЦИЯ КОЛОНН: Пилястра № 2, высотой до 717, в эмали",pcs,1280,"официальная цена · МДФ ЭМАЛЬ.pdf"
ren-мдф-эмаль-пилястра-имитация-колонн-пилястра-3-высотой-до-717-в-эмали-904,facade,"МДФ ЭМАЛЬ ПИЛЯСТРА/ИМИТАЦИЯ КОЛОНН: Пилястра № 3, высотой до 717, в эмали",pcs,1280,"официальная цена · МДФ ЭМАЛЬ.pdf"
ren-мдф-эмаль-пилястра-имитация-колонн-пилястра-4-высотой-до-717-в-эмали-905,facade,"МДФ ЭМАЛЬ ПИЛЯСТРА/ИМИТАЦИЯ КОЛОНН: Пилястра № 4, высотой до 717, в эмали",pcs,1340,"официальная цена · МДФ ЭМАЛЬ.pdf"
ren-мдф-эмаль-пилястра-имитация-колонн-пилястра-5-высотой-до-717-в-эмали-906,facade,"МДФ ЭМАЛЬ ПИЛЯСТРА/ИМИТАЦИЯ КОЛОНН: Пилястра № 5, высотой до 717, в эмали",pcs,1340,"официальная цена · МДФ ЭМАЛЬ.pdf"
ren-мдф-эмаль-пилястра-имитация-колонн-пилястра-6-высотой-до-717-в-эмали-907,facade,"МДФ ЭМАЛЬ ПИЛЯСТРА/ИМИТАЦИЯ КОЛОНН: Пилястра № 6, высотой до 717, в эмали",pcs,1340,"официальная цена · МДФ ЭМАЛЬ.pdf"
ren-мдф-эмаль-пилястра-имитация-колонн-пилястра-7-высотой-до-717-в-эмали-908,facade,"МДФ ЭМАЛЬ ПИЛЯСТРА/ИМИТАЦИЯ КОЛОНН: Пилястра № 7, высотой до 717, в эмали",pcs,1340,"официальная цена · МДФ ЭМАЛЬ.pdf"
ren-мдф-эмаль-пилястра-имитация-колонн-пилястра-11-высотой-до-717-в-эмали-909,facade,"МДФ ЭМАЛЬ ПИЛЯСТРА/ИМИТАЦИЯ КОЛОНН: Пилястра №11, высотой до 717, в эмали",pcs,1850,"официальная цена · МДФ ЭМАЛЬ.pdf"
ren-мдф-эмаль-пилястра-имитация-колонн-пилястра-12-высотой-до-717-в-эмали-910,facade,"МДФ ЭМАЛЬ ПИЛЯСТРА/ИМИТАЦИЯ КОЛОНН: Пилястра №12, высотой до 717, в эмали",pcs,1410,"официальная цена · МДФ ЭМАЛЬ.pdf"
ren-мдф-эмаль-пилястра-имитация-колонн-пилястра-13-высотой-до-717-в-эмали-911,facade,"МДФ ЭМАЛЬ ПИЛЯСТРА/ИМИТАЦИЯ КОЛОНН: Пилястра №13, высотой до 717, в эмали",pcs,1340,"официальная цена · МДФ ЭМАЛЬ.pdf"
ren-мдф-эмаль-пилястра-имитация-колонн-пилястра-14-высотой-до-717-в-эмали-912,facade,"МДФ ЭМАЛЬ ПИЛЯСТРА/ИМИТАЦИЯ КОЛОНН: Пилястра №14, высотой до 717, в эмали",pcs,1340,"официальная цена · МДФ ЭМАЛЬ.pdf"
ren-мдф-эмаль-пилястра-имитация-колонн-пилястра-15-высотой-до-717-в-эмали-913,facade,"МДФ ЭМАЛЬ ПИЛЯСТРА/ИМИТАЦИЯ КОЛОНН: Пилястра №15, высотой до 717, в эмали",pcs,2170,"официальная цена · МДФ ЭМАЛЬ.pdf"
ren-мдф-эмаль-пилястра-имитация-колонн-пилястра-16-высотой-до-717-в-эмали-914,facade,"МДФ ЭМАЛЬ ПИЛЯСТРА/ИМИТАЦИЯ КОЛОНН: Пилястра №16, высотой до 717, в эмали",pcs,1340,"официальная цена · МДФ ЭМАЛЬ.pdf"
ren-мдф-эмаль-пилястра-имитация-колонн-пилястра-17-высотой-до-717-в-эмали-915,facade,"МДФ ЭМАЛЬ ПИЛЯСТРА/ИМИТАЦИЯ КОЛОНН: Пилястра №17, высотой до 717, в эмали",pcs,2170,"официальная цена · МДФ ЭМАЛЬ.pdf"
ren-мдф-эмаль-пилястра-имитация-колонн-пилястра-19-гальяно-высотой-до-717-в-эмали-916,facade,"МДФ ЭМАЛЬ ПИЛЯСТРА/ИМИТАЦИЯ КОЛОНН: Пилястра №19 (Гальяно), высотой до 717, в эмали",pcs,2360,"официальная цена · МДФ ЭМАЛЬ.pdf"
ren-мдф-эмаль-пилястра-имитация-колонн-пилястра-21-адриана-высотой-до-717-в-эмали-917,facade,"МДФ ЭМАЛЬ ПИЛЯСТРА/ИМИТАЦИЯ КОЛОНН: Пилястра №21 (Адриана), высотой до 717, в эмали",pcs,1600,"официальная цена · МДФ ЭМАЛЬ.pdf"
ren-мдф-эмаль-пилястра-имитация-колонн-пилястра-23-офелия-высотой-до-717-в-эмали-918,facade,"МДФ ЭМАЛЬ ПИЛЯСТРА/ИМИТАЦИЯ КОЛОНН: Пилястра №23 (Офелия), высотой до 717, в эмали",pcs,6640,"официальная цена · МДФ ЭМАЛЬ.pdf"
ren-мдф-эмаль-пилястра-имитация-колонн-пилястра-24-гамильтон-высотой-до-717-в-эмали-919,facade,"МДФ ЭМАЛЬ ПИЛЯСТРА/ИМИТАЦИЯ КОЛОНН: Пилястра №24 (Гамильтон), высотой до 717, в эмали",pcs,3070,"официальная цена · МДФ ЭМАЛЬ.pdf"
ren-мдф-эмаль-пилястра-имитация-колонн-пилястра-25-леонсия-высотой-до-717-в-эмали-920,facade,"МДФ ЭМАЛЬ ПИЛЯСТРА/ИМИТАЦИЯ КОЛОНН: Пилястра №25 (Леонсия), высотой до 717, в эмали",pcs,1340,"официальная цена · МДФ ЭМАЛЬ.pdf"
ren-мдф-эмаль-пилястра-имитация-колонн-пилястра-26-мэрилин-высотой-до-717-в-эмали-921,facade,"МДФ ЭМАЛЬ ПИЛЯСТРА/ИМИТАЦИЯ КОЛОНН: Пилястра №26 (Мэрилин), высотой до 717, в эмали",pcs,1340,"официальная цена · МДФ ЭМАЛЬ.pdf"
ren-мдф-эмаль-пилястра-имитация-колонн-пилястра-27-оскар-высотой-до-717-в-эмали-922,facade,"МДФ ЭМАЛЬ ПИЛЯСТРА/ИМИТАЦИЯ КОЛОНН: Пилястра №27 (Оскар), высотой до 717, в эмали",pcs,6640,"официальная цена · МДФ ЭМАЛЬ.pdf"
ren-мдф-эмаль-пилястра-имитация-колонн-пилястра-за-каждые-следующие-100мм-в-эмали-923,facade,"МДФ ЭМАЛЬ ПИЛЯСТРА/ИМИТАЦИЯ КОЛОНН: Пилястра ЗА КАЖДЫЕ СЛЕДУЮЩИЕ 100мм в эмали",pcs,260,"официальная цена · МДФ ЭМАЛЬ.pdf"
ren-мдф-эмаль-цоколь-решетка-мдф-решетка-в-эмали-924,facade,"МДФ ЭМАЛЬ ЦОКОЛЬ/РЕШЕТКА: МДФ Решетка в Эмали",m2,20760,"официальная цена · МДФ ЭМАЛЬ.pdf"
ren-мдф-эмаль-цоколь-решетка-мдф-цоколь-эмаль-ренессанс-1-2-3-4-глянец-925,facade,"МДФ ЭМАЛЬ ЦОКОЛЬ/РЕШЕТКА: МДФ цоколь Эмаль Ренессанс №1,2,3,4 Глянец",lm,2170,"официальная цена · МДФ ЭМАЛЬ.pdf"
ren-мдф-эмаль-цоколь-решетка-мдф-цоколь-эмаль-ренессанс-1-2-3-4-матовая-926,facade,"МДФ ЭМАЛЬ ЦОКОЛЬ/РЕШЕТКА: МДФ цоколь Эмаль Ренессанс №1,2,3,4 Матовая",lm,2170,"официальная цена · МДФ ЭМАЛЬ.pdf"
ren-мдф-эмаль-цоколь-решетка-мдф-цоколь-эмаль-с-молдингом-позитано-глянец-927,facade,"МДФ ЭМАЛЬ ЦОКОЛЬ/РЕШЕТКА: МДФ цоколь Эмаль с молдингом(Позитано) Глянец",lm,2940,"официальная цена · МДФ ЭМАЛЬ.pdf"
ren-мдф-эмаль-цоколь-решетка-мдф-цоколь-эмаль-с-молдингом-позитано-матовая-928,facade,"МДФ ЭМАЛЬ ЦОКОЛЬ/РЕШЕТКА: МДФ цоколь Эмаль с молдингом(Позитано) Матовая",lm,2940,"официальная цена · МДФ ЭМАЛЬ.pdf"
ren-мдф-эмаль-сфера-мдф-сфера-эмаль-глянец-717-929,facade,"МДФ ЭМАЛЬ СФЕРА: МДФ Сфера Эмаль Глянец 717",pcs,6070,"официальная цена · МДФ ЭМАЛЬ.pdf"
ren-мдф-эмаль-сфера-мдф-сфера-эмаль-за-100-сверх-717-930,facade,"МДФ ЭМАЛЬ СФЕРА: МДФ Сфера Эмаль за 100 сверх 717",pcs,484,"официальная цена · МДФ ЭМАЛЬ.pdf"
ren-мдф-эмаль-сфера-мдф-сфера-эмаль-матовая-717-931,facade,"МДФ ЭМАЛЬ СФЕРА: МДФ Сфера Эмаль Матовая 717",pcs,5690,"официальная цена · МДФ ЭМАЛЬ.pdf"
ren-мдф-эмаль-сфера-мдф-сферический-цоколь-эмаль-932,facade,"МДФ ЭМАЛЬ СФЕРА: МДФ Сферический Цоколь Эмаль",pcs,3980,"официальная цена · МДФ ЭМАЛЬ.pdf"
ren-прочее-нанесение-патины-на-прямой-багет-эмаль-933,facade,"ПРОЧЕЕ: Нанесение патины на прямой багет эмаль",lm,140,"официальная цена · МДФ ЭМАЛЬ.pdf"
ren-прочее-нанесение-патины-на-сферический-багет-эмаль-934,facade,"ПРОЧЕЕ: Нанесение патины на сферический багет эмаль",pcs,530,"официальная цена · МДФ ЭМАЛЬ.pdf"
ren-прочее-нанесение-патины-на-сферический-цоколь-эмаль-935,facade,"ПРОЧЕЕ: Нанесение патины на сферический цоколь эмаль",pcs,720,"официальная цена · МДФ ЭМАЛЬ.pdf"
ren-прочее-нанесение-патины-на-сферу-h-больше-800мм-за-каждые-100мм-эмаль-936,facade,"ПРОЧЕЕ: Нанесение патины на сферу H больше 800мм(за каждые 100мм) эмаль",pcs,190,"официальная цена · МДФ ЭМАЛЬ.pdf"
ren-прочее-нанесение-патины-на-сферу-h-до-800мм-эмаль-937,facade,"ПРОЧЕЕ: Нанесение патины на сферу(H до 800мм) эмаль",pcs,1130,"официальная цена · МДФ ЭМАЛЬ.pdf"
ren-прочее-нанесение-патины-эмаль-938,facade,"ПРОЧЕЕ: Нанесение патины эмаль",m2,4760,"официальная цена · МДФ ЭМАЛЬ.pdf"
ren-прочее-покрытие-поталь-939,other,"ПРОЧЕЕ: Покрытие поталь",m2,9830,"официальная цена · МДФ ЭМАЛЬ.pdf"
ren-прочее-спецэффект-на-эмали-без-учета-основы-1-металик-блестки-грифель-940,facade,"ПРОЧЕЕ: Спецэффект на эмали без учета основы 1 (металик, блестки, грифель)",m2,5680,"официальная цена · МДФ ЭМАЛЬ.pdf"
ren-прочее-спецэффект-на-эмали-без-учета-основы-2-2-х-цветное-покрытие-941,facade,"ПРОЧЕЕ: Спецэффект на эмали без учета основы 2 (2-х цветное покрытие)",m2,4860,"официальная цена · МДФ ЭМАЛЬ.pdf"
ren-прочее-спецэффект-на-эмали-без-учета-основы-3-мрамор-жемчуг-перламутр-942,facade,"ПРОЧЕЕ: Спецэффект на эмали без учета основы 3 (мрамор, жемчуг, перламутр)",m2,15620,"официальная цена · МДФ ЭМАЛЬ.pdf"
ren-мдф-эмаль-сфера-сфера-мдф-в-эмали-r150-w269-сфера-без-прямого-участка-матовая-943,facade,"МДФ ЭМАЛЬ СФЕРА: Сфера МДФ в эмали R150 W269 (сфера без прямого участка) МАТОВАЯ",pcs,9230,"официальная цена · МДФ ЭМАЛЬ.pdf"
ren-мдф-эмаль-сфера-сфера-мдф-в-эмали-r150-w412-сфера-с-прямым-участком-по-тт-152-16-944,facade,"МДФ ЭМАЛЬ СФЕРА: Сфера МДФ в эмали R150 W412 (сфера с прямым участком по тт 152(+160)) МАТОВАЯ",pcs,9230,"официальная цена · МДФ ЭМАЛЬ.pdf"
ren-мдф-эмаль-сфера-сфера-мдф-в-эмали-r150-w412-сфера-с-прямым-участком-по-тт-152-16-945,facade,"МДФ ЭМАЛЬ СФЕРА: Сфера МДФ в эмали R150 W412 (сфера с прямым участком по тт 152(+160)) МАТОВАЯ с 2-х сторон",pcs,13490,"официальная цена · МДФ ЭМАЛЬ.pdf"
ren-мдф-эмаль-ручки-ручка-мдф-в-эмали-байс-100-x-100-1-шт-946,hardware,"МДФ ЭМАЛЬ РУЧКИ: Ручка МДФ в эмали Байс (100 x 100), 1 шт",set,670,"официальная цена · МДФ ЭМАЛЬ.pdf"
ren-мдф-эмаль-ручки-ручка-мдф-в-эмали-байс-150-x-150-1-шт-947,hardware,"МДФ ЭМАЛЬ РУЧКИ: Ручка МДФ в эмали Байс (150 x 150), 1 шт",set,1000,"официальная цена · МДФ ЭМАЛЬ.pdf"
ren-мдф-эмаль-ручки-ручка-мдф-в-эмали-велия-200-x-200-2-шт-948,hardware,"МДФ ЭМАЛЬ РУЧКИ: Ручка МДФ в эмали Велия (200 x 200), 2 шт",set,1780,"официальная цена · МДФ ЭМАЛЬ.pdf"
ren-мдф-эмаль-ручки-ручка-мдф-в-эмали-велия-250-x-250-2-шт-949,hardware,"МДФ ЭМАЛЬ РУЧКИ: Ручка МДФ в эмали Велия (250 x 250), 2 шт",set,2330,"официальная цена · МДФ ЭМАЛЬ.pdf"
ren-мдф-эмаль-ручки-ручка-мдф-в-эмали-дени-200-x-200-2-шт-950,hardware,"МДФ ЭМАЛЬ РУЧКИ: Ручка МДФ в эмали Дени (200 x 200), 2 шт",set,1780,"официальная цена · МДФ ЭМАЛЬ.pdf"
ren-мдф-эмаль-ручки-ручка-мдф-в-эмали-дени-250-x-250-2-шт-951,hardware,"МДФ ЭМАЛЬ РУЧКИ: Ручка МДФ в эмали Дени (250 x 250), 2 шт",set,2330,"официальная цена · МДФ ЭМАЛЬ.pdf"
ren-мдф-эмаль-ручки-ручка-мдф-в-эмали-лия-100-x-100-1-шт-952,hardware,"МДФ ЭМАЛЬ РУЧКИ: Ручка МДФ в эмали Лия (100 x 100), 1 шт",set,670,"официальная цена · МДФ ЭМАЛЬ.pdf"
ren-мдф-эмаль-ручки-ручка-мдф-в-эмали-лия-150-x-150-1-шт-953,hardware,"МДФ ЭМАЛЬ РУЧКИ: Ручка МДФ в эмали Лия (150 x 150), 1 шт",set,1000,"официальная цена · МДФ ЭМАЛЬ.pdf"
ren-мдф-эмаль-ручки-ручка-мдф-в-эмали-лия-200-x-200-1-шт-954,hardware,"МДФ ЭМАЛЬ РУЧКИ: Ручка МДФ в эмали Лия (200 x 200), 1 шт",set,1440,"официальная цена · МДФ ЭМАЛЬ.pdf"
ren-мдф-эмаль-ручки-ручка-мдф-в-эмали-матис-4-шт-955,hardware,"МДФ ЭМАЛЬ РУЧКИ: Ручка МДФ в эмали Матис, 4 шт",set,3780,"официальная цена · МДФ ЭМАЛЬ.pdf"
ren-мдф-эмаль-ручки-ручка-мдф-в-эмали-пинна-250-x-250-2-шт-956,hardware,"МДФ ЭМАЛЬ РУЧКИ: Ручка МДФ в эмали Пинна (250 x 250), 2 шт",set,2330,"официальная цена · МДФ ЭМАЛЬ.pdf"
ren-мдф-эмаль-ручки-ручка-мдф-в-эмали-пинна-300-x-300-2-шт-957,hardware,"МДФ ЭМАЛЬ РУЧКИ: Ручка МДФ в эмали Пинна (300 x 300), 2 шт",set,3090,"официальная цена · МДФ ЭМАЛЬ.pdf"
ren-образцы-agt0586-10-4-комплект-образцов-декоров-пленок-agt-коллекция-2026-958,other,"ОБРАЗЦЫ: AGT0586_10.4 Комплект образцов декоров пленок AGT, коллекция 2026",pcs,360,"официальная цена · ОБРАЗЦЫ.pdf"
ren-образцы-agt0586-11-комплект-образцов-декоров-пленок-agt-коллекция-3p-2022-959,other,"ОБРАЗЦЫ: AGT0586_11 Комплект образцов декоров пленок AGT, коллекция 3P 2022",pcs,210,"официальная цена · ОБРАЗЦЫ.pdf"
ren-образцы-agt0586-7-1-образцы-декоров-agt-коллекция-supramat-2025-27-декоров-960,other,"ОБРАЗЦЫ: AGT0586_7.1 Образцы декоров AGT коллекция SUPRAMAT 2025, 27 декоров",pcs,300,"официальная цена · ОБРАЗЦЫ.pdf"
ren-образцы-pенессанс-каталог-кухонь-2023-2024-961,other,"ОБРАЗЦЫ: PЕНЕССАНС. каталог кухонь 2023-2024",pcs,1000,"официальная цена · ОБРАЗЦЫ.pdf"
ren-образцы-pенессанс-каталог-модульной-мебели-2022-кухни-962,other,"ОБРАЗЦЫ: PЕНЕССАНС. каталог модульной мебели 2022 (кухни)",pcs,800,"официальная цена · ОБРАЗЦЫ.pdf"
ren-образцы-pенессанс-образцы-алюминиевых-профилей-963,other,"ОБРАЗЦЫ: PЕНЕССАНС. образцы алюминиевых профилей",pcs,4000,"официальная цена · ОБРАЗЦЫ.pdf"
ren-образцы-pенессанс-образцы-лдвп-и-лхдф-964,board,"ОБРАЗЦЫ: PЕНЕССАНС. образцы ЛДВП и ЛХДФ",pcs,1200,"официальная цена · ОБРАЗЦЫ.pdf"
ren-образцы-pенессанс-образцы-лдсп-2-папки-965,board,"ОБРАЗЦЫ: PЕНЕССАНС. образцы ЛДСП (2 папки)",pcs,5000,"официальная цена · ОБРАЗЦЫ.pdf"
ren-образцы-pенессанс-образцы-стекол-967,other,"ОБРАЗЦЫ: PЕНЕССАНС. образцы стекол",pcs,2500,"официальная цена · ОБРАЗЦЫ.pdf"
ren-образцы-pенессанс-образцы-столешниц-968,countertop,"ОБРАЗЦЫ: PЕНЕССАНС. образцы столешниц",pcs,1000,"официальная цена · ОБРАЗЦЫ.pdf"
ren-образцы-pенессанс-образцы-шпона-969,facade,"ОБРАЗЦЫ: PЕНЕССАНС. образцы шпона",pcs,1500,"официальная цена · ОБРАЗЦЫ.pdf"
ren-образцы-образцы-aristo-стенд-с-ручками-для-салонов-970,hardware,"ОБРАЗЦЫ: Образцы ARISTO (стенд с ручками) - для салонов",pcs,800,"официальная цена · ОБРАЗЦЫ.pdf"
ren-образцы-образцы-кожзама-юлдуз-971,other,"ОБРАЗЦЫ: Образцы КОЖЗАМА (Юлдуз)",pcs,1000,"официальная цена · ОБРАЗЦЫ.pdf"
ren-образцы-образцы-коллекция-декоров-egger-24-perfectsense-smart-972,other,"ОБРАЗЦЫ: Образцы Коллекция декоров EGGER 24+ PerfectSense Smart",pcs,3000,"официальная цена · ОБРАЗЦЫ.pdf"
ren-образцы-образцы-коллекция-декоров-egger-24-perfectsense-top-973,other,"ОБРАЗЦЫ: Образцы Коллекция декоров EGGER 24+ PerfectSense Top",pcs,3000,"официальная цена · ОБРАЗЦЫ.pdf"
ren-образцы-образцы-мдф-пленки-amc-974,facade,"ОБРАЗЦЫ: Образцы МДФ-ПЛЕНКИ (AMC)",pcs,1600,"официальная цена · ОБРАЗЦЫ.pdf"
ren-образцы-образцы-мдф-пленки-адилет-4-веера-975,facade,"ОБРАЗЦЫ: Образцы МДФ-ПЛЕНКИ (Адилет) (4 веера)",pcs,2000,"официальная цена · ОБРАЗЦЫ.pdf"
ren-образцы-образцы-мдф-пленки-вдм-групп-4-веера-976,facade,"ОБРАЗЦЫ: Образцы МДФ-ПЛЕНКИ (ВДМ Групп) (4 веера)",pcs,1000,"официальная цена · ОБРАЗЦЫ.pdf"
ren-образцы-образцы-мдф-пленки-гринвуд-977,facade,"ОБРАЗЦЫ: Образцы МДФ-ПЛЕНКИ (Гринвуд)",pcs,3300,"официальная цена · ОБРАЗЦЫ.pdf"
ren-образцы-образцы-мдф-пленки-деколайн-978,facade,"ОБРАЗЦЫ: Образцы МДФ-ПЛЕНКИ (Деколайн)",pcs,600,"официальная цена · ОБРАЗЦЫ.pdf"
ren-образцы-образцы-мдф-пленки-тадж-979,facade,"ОБРАЗЦЫ: Образцы МДФ-ПЛЕНКИ (Тадж)",pcs,1500,"официальная цена · ОБРАЗЦЫ.pdf"
ren-образцы-образцы-пластика-eterno-7-вееров-980,other,"ОБРАЗЦЫ: Образцы ПЛАСТИКА ETERNO (7 вееров)",pcs,7500,"официальная цена · ОБРАЗЦЫ.pdf"
ren-образцы-образцы-пластика-fenix-981,other,"ОБРАЗЦЫ: Образцы ПЛАСТИКА FENIX",pcs,2360,"официальная цена · ОБРАЗЦЫ.pdf"
ren-образцы-образцы-пластика-mattelux-кейс-1-982,other,"ОБРАЗЦЫ: Образцы ПЛАСТИКА MATTELUX кейс №1",pcs,2400,"официальная цена · ОБРАЗЦЫ.pdf"
ren-образцы-образцы-пластиковых-цоколей-фурнитекс-983,other,"ОБРАЗЦЫ: Образцы пластиковых цоколей (Фурнитекс)",pcs,390,"официальная цена · ОБРАЗЦЫ.pdf"
ren-образцы-образцы-профилей-рамир-doksal-984,other,"ОБРАЗЦЫ: Образцы ПРОФИЛЕЙ РАМИР doksal",pcs,2000,"официальная цена · ОБРАЗЦЫ.pdf"
ren-образцы-образцы-профилей-узкой-системы-doksal-985,other,"ОБРАЗЦЫ: Образцы ПРОФИЛЕЙ УЗКОЙ СИСТЕМЫ doksal",pcs,600,"официальная цена · ОБРАЗЦЫ.pdf"
ren-образцы-образцы-столешниц-кедр-986,countertop,"ОБРАЗЦЫ: Образцы СТОЛЕШНИЦ (Кедр)",pcs,2500,"официальная цена · ОБРАЗЦЫ.pdf"
ren-образцы-образцы-столешниц-пласт-декор-987,countertop,"ОБРАЗЦЫ: Образцы СТОЛЕШНИЦ (Пласт-Декор)",pcs,4600,"официальная цена · ОБРАЗЦЫ.pdf"
ren-образцы-образцы-столешниц-славянка-988,countertop,"ОБРАЗЦЫ: Образцы СТОЛЕШНИЦ (Славянка)",pcs,1300,"официальная цена · ОБРАЗЦЫ.pdf"
ren-образцы-образцы-столешниц-славянка-престиж-989,countertop,"ОБРАЗЦЫ: Образцы СТОЛЕШНИЦ (Славянка) престиж",pcs,350,"официальная цена · ОБРАЗЦЫ.pdf"
ren-образцы-образцы-столешниц-arcobaleno-hpl-compact-аванти-990,countertop,"ОБРАЗЦЫ: Образцы СТОЛЕШНИЦ ARCOBALENO HPL Compact (Аванти)",pcs,600,"официальная цена · ОБРАЗЦЫ.pdf"
ren-образцы-образцы-столешниц-arcobaleno-hpl-compact-тотал-м-991,countertop,"ОБРАЗЦЫ: Образцы СТОЛЕШНИЦ ARCOBALENO HPL Compact (Тотал М)",pcs,2500,"официальная цена · ОБРАЗЦЫ.pdf"
ren-образцы-образцы-столешниц-eterno-compact-pro-15-декоров-992,countertop,"ОБРАЗЦЫ: Образцы СТОЛЕШНИЦ ETERNO Compact PRO (15 декоров)",pcs,1200,"официальная цена · ОБРАЗЦЫ.pdf"
ren-образцы-образцы-столешниц-lemark-hpl-компакт-12мм-plastics-foils-993,countertop,"ОБРАЗЦЫ: Образцы СТОЛЕШНИЦ Lemark HPL компакт 12мм (PLASTICS FOILS)",pcs,300,"официальная цена · ОБРАЗЦЫ.pdf"
ren-образцы-образцы-столешниц-slotex-elga-994,countertop,"ОБРАЗЦЫ: Образцы СТОЛЕШНИЦ SLOTEX (ELGA)",pcs,4000,"официальная цена · ОБРАЗЦЫ.pdf"
ren-образцы-образцы-столешниц-slotex-kapso-995,countertop,"ОБРАЗЦЫ: Образцы СТОЛЕШНИЦ SLOTEX (Kapso)",pcs,1300,"официальная цена · ОБРАЗЦЫ.pdf"
ren-образцы-образцы-цветов-color-system-cs-996,other,"ОБРАЗЦЫ: Образцы цветов Color System (CS)",pcs,2370,"официальная цена · ОБРАЗЦЫ.pdf"
ren-образцы-образцы-цветов-ral-classic-997,other,"ОБРАЗЦЫ: Образцы цветов RAL classic",pcs,1800,"официальная цена · ОБРАЗЦЫ.pdf"
ren-образцы-ренессанс-образец-фасада-лдсп-саваж-998,facade,"ОБРАЗЦЫ: РЕНЕССАНС. образец фасада ЛДСП САВАЖ",pcs,1000,"официальная цена · ОБРАЗЦЫ.pdf"
ren-светодиодная-лента-лента-general-gls-2835-180-14-4-12-ip20-3-3000k-5м-теплый-14--999,other,"СВЕТОДИОДНАЯ ЛЕНТА: Лента General GLS -2835-180-14,4-12-IP20-3, 3000K, 5м, теплый, 14,4 Вт м",pcs,1840,"официальная цена · ПОДСВЕТКА.pdf"
ren-светодиодная-лента-лента-general-gls-2835-180-14-4-12-ip20-4-4500k-5м-нейтральны-1000,other,"СВЕТОДИОДНАЯ ЛЕНТА: Лента General GLS -2835-180-14,4-12-IP20-4, 4500K, 5м, нейтральный, 14,4 Вт м",pcs,1720,"официальная цена · ПОДСВЕТКА.pdf"
ren-светодиодная-лента-лента-general-gls-2835-180-14-4-12-ip20-6-6500k-5м-холодный-1-1001,other,"СВЕТОДИОДНАЯ ЛЕНТА: Лента General GLS -2835-180-14,4-12-IP20-6, 6500K, 5м, холодный, 14,4 Вт м",pcs,1840,"официальная цена · ПОДСВЕТКА.pdf"
ren-светодиодная-лента-стандартная-лента-5м-нейтральный-свет-4-8-вт-м-1002,other,"СВЕТОДИОДНАЯ ЛЕНТА: Стандартная лента, 5м, нейтральный свет, 4,8 Вт м",pcs,550,"официальная цена · ПОДСВЕТКА.pdf"
ren-светодиодная-лента-стандартная-лента-5м-теплый-свет-4-8-вт-м-1003,other,"СВЕТОДИОДНАЯ ЛЕНТА: Стандартная лента, 5м, теплый свет, 4,8 Вт м",pcs,550,"официальная цена · ПОДСВЕТКА.pdf"
ren-светодиодная-лента-стандартная-лента-5м-холодный-свет-4-8-вт-м-1004,other,"СВЕТОДИОДНАЯ ЛЕНТА: Стандартная лента, 5м, холодный свет, 4,8 Вт м",pcs,450,"официальная цена · ПОДСВЕТКА.pdf"
ren-алюминиевые-профили-для-подсветки-lr39-m-алюмин-профиль-15х6мм-l-2м-с-заглуш-ми--1005,other,"АЛЮМИНИЕВЫЕ ПРОФИЛИ ДЛЯ ПОДСВЕТКИ: LR39-M Алюмин. профиль 15х6мм L-2м с заглуш-ми и крепежом (накладной)",pcs,570,"официальная цена · ПОДСВЕТКА.pdf"
ren-алюминиевые-профили-для-подсветки-lr49-m-алюмин-профиль-угловой-16-16мм-l-2м-с-м-1006,other,"АЛЮМИНИЕВЫЕ ПРОФИЛИ ДЛЯ ПОДСВЕТКИ: LR49-M Алюмин. профиль угловой 16_16мм L-2м с матов. экраном, с заглуш-ми и крепежом",pcs,1220,"официальная цена · ПОДСВЕТКА.pdf"
ren-алюминиевые-профили-для-подсветки-pn-914-al-профиль-накл-под-сд-ленту-l-2000-алю-1007,other,"АЛЮМИНИЕВЫЕ ПРОФИЛИ ДЛЯ ПОДСВЕТКИ: pn.914.al Профиль накл. под СД Ленту L=2000 алюминий анод.+ рассеиватель+ компл.загл. (Тим и КО)",pcs,740,"официальная цена · ПОДСВЕТКА.pdf"
ren-алюминиевые-профили-для-подсветки-pn-914-wt-профиль-накл-под-сд-ленту-l-2000-бел-1008,other,"АЛЮМИНИЕВЫЕ ПРОФИЛИ ДЛЯ ПОДСВЕТКИ: pn.914.wt Профиль накл. под СД Ленту L=2000 белый крашеный + рассеиватель+ компл.загл. (Тим и КО)",pcs,810,"официальная цена · ПОДСВЕТКА.pdf"
ren-алюминиевые-профили-для-подсветки-профиль-врезной-под-сд-ленту-l-2000-алюминий-а-1009,other,"АЛЮМИНИЕВЫЕ ПРОФИЛИ ДЛЯ ПОДСВЕТКИ: Профиль врезной под СД Ленту L=2000 алюминий анод.+рассеиватель(мат.)+к-т заглушек (Тим и КО)",pcs,560,"официальная цена · ПОДСВЕТКА.pdf"
ren-алюминиевые-профили-для-подсветки-профиль-врезной-под-сд-ленту-l-2000-белый-анод-1010,other,"АЛЮМИНИЕВЫЕ ПРОФИЛИ ДЛЯ ПОДСВЕТКИ: Профиль врезной под СД Ленту L=2000 белый анод.+рассеиватель(мат.)+к-т заглушек (Тим и КО)",set,1020,"официальная цена · ПОДСВЕТКА.pdf"
ren-алюминиевые-профили-для-подсветки-профиль-врезной-под-сд-ленту-l-2000-черный-ано-1011,other,"АЛЮМИНИЕВЫЕ ПРОФИЛИ ДЛЯ ПОДСВЕТКИ: Профиль врезной под СД Ленту L=2000 черный анод.+рассеиватель(мат.)+к-т заглушек (Тим и КО)",set,1020,"официальная цена · ПОДСВЕТКА.pdf"
ren-алюминиевые-профили-для-подсветки-профиль-накл-под-сд-ленту-l-2000-черный-крашен-1012,other,"АЛЮМИНИЕВЫЕ ПРОФИЛИ ДЛЯ ПОДСВЕТКИ: Профиль накл. под СД Ленту L=2000 черный крашеный + рассеиватель+ компл.загл. (Тим и КО)",pcs,810,"официальная цена · ПОДСВЕТКА.pdf"
ren-блоки-питания-ps12-ip20-sl-s-18w-slim-блок-питания-ac-230-dc-12v-сверхтонкий-ip2-1013,other,"БЛОКИ ПИТАНИЯ: PS12-IP20-SL-S-18W SLIM Блок питания AC-230_DC-12V, сверхтонкий, IP20, 18W (МДМ)",pcs,610,"официальная цена · ПОДСВЕТКА.pdf"
ren-блоки-питания-ps12-ip20-sl-s-36w-slim-блок-питания-ac-230-dc-12v-сверхтонкий-ip2-1014,other,"БЛОКИ ПИТАНИЯ: PS12-IP20-SL-S-36W SLIM Блок питания AC-230_DC-12V, сверхтонкий, IP20, 36W (МДМ)",pcs,1080,"официальная цена · ПОДСВЕТКА.pdf"
ren-блоки-питания-ps12-ip20-sl-s-60w-slim-блок-питания-ac-230-dc-12v-сверхтонкий-ip2-1015,other,"БЛОКИ ПИТАНИЯ: PS12-IP20-SL-S-60W SLIM Блок питания AC-230_DC-12V, сверхтонкий, IP20, 60W (МДМ)",pcs,1300,"официальная цена · ПОДСВЕТКА.pdf"
ren-блоки-питания-ps12-ip20-sl-u-120w-slim-блок-питания-ac-230-dc-12v-ультратонкий-i-1016,other,"БЛОКИ ПИТАНИЯ: PS12-IP20-SL-U-120W SLIM Блок питания AC-230_DC-12V, ультратонкий, IP20, 120W (МДМ)",pcs,2060,"официальная цена · ПОДСВЕТКА.pdf"
ren-блоки-питания-ps12-ip20-sl-u-200w-slim-блок-питания-ac-230-dc-12v-ультратонкий-i-1017,other,"БЛОКИ ПИТАНИЯ: PS12-IP20-SL-U-200W SLIM Блок питания AC-230_DC-12V, ультратонкий, IP20, 200W (МДМ)",pcs,2760,"официальная цена · ПОДСВЕТКА.pdf"
ren-блоки-питания-ps12-ip20-st-u-60w-standart-блок-питания-ac-230-dc-12v-ультратонки-1018,other,"БЛОКИ ПИТАНИЯ: PS12-IP20-ST-U-60W STANDART Блок питания AC-230_DC-12V, ультратонкий, IP20, 60W (МДМ)",pcs,1580,"официальная цена · ПОДСВЕТКА.pdf"
ren-блоки-питания-ps24-ip20-sl-s-18w-slim-блок-питания-ac-230-dc-24v-сверхтонкий-ip2-1019,other,"БЛОКИ ПИТАНИЯ: PS24-IP20-SL-S-18W SLIM Блок питания AC-230_DC-24V, сверхтонкий, IP20, 18W (МДМ)",pcs,640,"официальная цена · ПОДСВЕТКА.pdf"
ren-блоки-питания-ps24-ip20-sl-s-36w-slim-блок-питания-ac-230-dc-24v-сверхтонкий-ip2-1020,other,"БЛОКИ ПИТАНИЯ: PS24-IP20-SL-S-36W SLIM Блок питания AC-230_DC-24V, сверхтонкий, IP20, 36W (МДМ)",pcs,1140,"официальная цена · ПОДСВЕТКА.pdf"
ren-блоки-питания-ps24-ip20-sl-s-60w-slim-блок-питания-ac-230-dc-24v-сверхтонкий-ip2-1021,other,"БЛОКИ ПИТАНИЯ: PS24-IP20-SL-S-60W SLIM Блок питания AC-230_DC-24V, сверхтонкий, IP20, 60W (МДМ)",pcs,1520,"официальная цена · ПОДСВЕТКА.pdf"
ren-блоки-питания-ps24-ip20-sl-u-120w-slim-блок-питания-ac-230-dc-24v-ультратонкий-i-1022,other,"БЛОКИ ПИТАНИЯ: PS24-IP20-SL-U-120W SLIM Блок питания AC-230_DC-24V, ультратонкий, IP20, 120W (МДМ)",pcs,2290,"официальная цена · ПОДСВЕТКА.pdf"
ren-блоки-питания-ps24-ip20-sl-u-200w-slim-блок-питания-ac-230-dc-24v-ультратонкий-i-1023,other,"БЛОКИ ПИТАНИЯ: PS24-IP20-SL-U-200W SLIM Блок питания AC-230_DC-24V, ультратонкий, IP20, 200W (МДМ)",pcs,3050,"официальная цена · ПОДСВЕТКА.pdf"
ren-блоки-питания-ps24-ip20-st-u-60w-standart-блок-питания-ac-230-dc-24v-ультратонки-1024,other,"БЛОКИ ПИТАНИЯ: PS24-IP20-ST-U-60W STANDART Блок питания AC-230_DC-24V, ультратонкий, IP20, 60W (МДМ)",pcs,1690,"официальная цена · ПОДСВЕТКА.pdf"
ren-блоки-питания-блок-питания-для-светодиодов-220-12v-150w-ip20-1025,other,"БЛОКИ ПИТАНИЯ: Блок питания для светодиодов 220-12V 150W IP20",pcs,1610,"официальная цена · ПОДСВЕТКА.pdf"
ren-блоки-питания-блок-питания-для-светодиодов-220-12v-35w-ip20-1026,other,"БЛОКИ ПИТАНИЯ: Блок питания для светодиодов 220-12V 35W IP20",pcs,670,"официальная цена · ПОДСВЕТКА.pdf"
ren-блоки-питания-блок-питания-для-светодиодов-220-12v-60w-ip20-1027,other,"БЛОКИ ПИТАНИЯ: Блок питания для светодиодов 220-12V 60W IP20",pcs,920,"официальная цена · ПОДСВЕТКА.pdf"
ren-выключатели-ae-wbbuni-10dim-датчик-движения-сенсорный-универсальный-12v-белый-с--1028,other,"ВЫКЛЮЧАТЕЛИ: AE-WBBUNI-10DIM Датчик движения сенсорный, универсальный 12V, белый с встроенным диммером (GTV) на преграду",pcs,1830,"официальная цена · ПОДСВЕТКА.pdf"
ren-выключатели-ld-kabe2m-00-провод-с-выключателем-2м-белый-1029,other,"ВЫКЛЮЧАТЕЛИ: LD-KABE2M-00 Провод с выключателем 2м белый",set,680,"официальная цена · ПОДСВЕТКА.pdf"
ren-выключатели-ls22-ir-выключатель-ик-сенсорный-hand-1030,other,"ВЫКЛЮЧАТЕЛИ: LS22-IR ВЫКЛЮЧАТЕЛЬ ИК СЕНСОРНЫЙ HAND",pcs,3790,"официальная цена · ПОДСВЕТКА.pdf"
ren-выключатели-выключатель-d27-встраиваемый-ip20-5a-250b-27х27х21мм-серый-кат-gtv-1031,other,"ВЫКЛЮЧАТЕЛИ: Выключатель D27 встраиваемый IP20,5A ,250B (27х27х21мм) серый (кат.GTV)",pcs,190,"официальная цена · ПОДСВЕТКА.pdf"
ren-выключатели-выключатель-d27-встраиваемый-ip20-5a-250b-27х27х21мм-белый-кат-gtv-1032,other,"ВЫКЛЮЧАТЕЛИ: Выключатель D27 встраиваемый IP20,5A, 250B (27х27х21мм) белый (кат.GTV)",pcs,160,"официальная цена · ПОДСВЕТКА.pdf"
ren-коннектор-сов-ht-connector-5mm-a-target-коннектор-для-ленты-cob-и-smd-5-мм-к-бло-1033,other,"КОННЕКТОР СОВ: HT-Connector-5mm-A TARGET Коннектор для ленты COB и SMD, 5 мм, к блоку питания, провод 100 мм, IP20",pcs,60,"официальная цена · ПОДСВЕТКА.pdf"
ren-коннектор-сов-ht-connector-5mm-b-target-коннектор-для-ленты-cob-и-smd-5-мм-углов-1034,other,"КОННЕКТОР СОВ: HT-Connector-5mm-B TARGET Коннектор для ленты COB и SMD, 5 мм, угловой 90 градусов, IP20",pcs,120,"официальная цена · ПОДСВЕТКА.pdf"
ren-коннектор-сов-ht-connector-5mm-c-target-коннектор-для-ленты-cob-и-smd-5-мм-стык--1035,other,"КОННЕКТОР СОВ: HT-Connector-5mm-C TARGET Коннектор для ленты COB и SMD, 5 мм, стык в стык, IP20",pcs,60,"официальная цена · ПОДСВЕТКА.pdf"
ren-коннектор-сов-ht-connector-5mm-d-target-коннектор-для-ленты-cob-и-smd-5-мм-прово-1036,other,"КОННЕКТОР СОВ: HT-Connector-5mm-D TARGET Коннектор для ленты COB и SMD, 5 мм, провод 100 мм, IP20",pcs,120,"официальная цена · ПОДСВЕТКА.pdf"
ren-коннектор-сов-ht-connector-8mm-a-target-коннектор-для-ленты-smd-8-мм-к-блоку-пит-1037,other,"КОННЕКТОР СОВ: HT-Connector-8mm-A TARGET Коннектор для ленты SMD, 8 мм, к блоку питания, провод 100 мм, IP20",pcs,60,"официальная цена · ПОДСВЕТКА.pdf"
ren-коннектор-сов-ht-connector-8mm-b-target-коннектор-для-ленты-smd-8-мм-угловой-90--1038,other,"КОННЕКТОР СОВ: HT-Connector-8mm-B TARGET Коннектор для ленты SMD, 8 мм, угловой 90 градусов, IP20",pcs,120,"официальная цена · ПОДСВЕТКА.pdf"
ren-коннектор-сов-ht-connector-8mm-c-target-коннектор-для-ленты-smd-8-мм-стык-в-стык-1039,other,"КОННЕКТОР СОВ: HT-Connector-8mm-C TARGET Коннектор для ленты SMD, 8 мм, стык в стык, IP20",pcs,60,"официальная цена · ПОДСВЕТКА.pdf"
ren-коннектор-сов-ht-connector-8mm-d-target-коннектор-для-ленты-smd-8-мм-провод-100--1040,other,"КОННЕКТОР СОВ: HT-Connector-8mm-D TARGET Коннектор для ленты SMD, 8 мм, провод 100 мм, IP20",pcs,120,"официальная цена · ПОДСВЕТКА.pdf"
ren-прочее-коннектор-онлайт-90-072-olsc-8mm-w-pc-ip20-для-сд-ленты-1041,other,"ПРОЧЕЕ: Коннектор ОНЛАЙТ 90 072 OLSC-8mm-W-PC-IP20 (для СД Ленты)",pcs,30,"официальная цена · ПОДСВЕТКА.pdf"
ren-прочее-провод-2х0-5-кв-мм-10-метров-1042,other,"ПРОЧЕЕ: Провод 2х0,5 кв.мм. 10 метров",pcs,430,"официальная цена · ПОДСВЕТКА.pdf"
ren-прочее-провод-2х0-5-кв-мм-20-метров-1043,other,"ПРОЧЕЕ: Провод 2х0,5 кв.мм. 20 метров",pcs,550,"официальная цена · ПОДСВЕТКА.pdf"
ren-прочее-провод-2х0-5-кв-мм-5-метров-1044,other,"ПРОЧЕЕ: Провод 2х0,5 кв.мм. 5 метров",pcs,240,"официальная цена · ПОДСВЕТКА.pdf"
ren-столешницы-и-стеновые-панели-arcobaleno-стеновая-панель-4-мм-1-категория-4200х13-1045,countertop,"Столешницы и стеновые панели ARCOBALENO: Стеновая панель 4 мм 1 категория 4200х1320 ARCOBALENO (длина 4,2м).b3d",pcs,40400,"официальная цена · СТОЛЕШНИЦЫ И СТЕНОВЫЕ ПАНЕЛИ ARCOBALENO (Текстолит).pdf"
ren-столешницы-и-стеновые-панели-arcobaleno-стеновая-панель-4-мм-1-категория-4200х66-1046,countertop,"Столешницы и стеновые панели ARCOBALENO: Стеновая панель 4 мм 1 категория 4200х660 ARCOBALENO (длина 4,2 м).b3d",pcs,20350,"официальная цена · СТОЛЕШНИЦЫ И СТЕНОВЫЕ ПАНЕЛИ ARCOBALENO (Текстолит).pdf"
ren-столешницы-и-стеновые-панели-arcobaleno-стеновая-панель-4-мм-2-категория-4200х13-1047,countertop,"Столешницы и стеновые панели ARCOBALENO: Стеновая панель 4 мм 2 категория 4200х1320 ARCOBALENO (длина 4,2м).b3d",pcs,43950,"официальная цена · СТОЛЕШНИЦЫ И СТЕНОВЫЕ ПАНЕЛИ ARCOBALENO (Текстолит).pdf"
ren-столешницы-и-стеновые-панели-arcobaleno-стеновая-панель-4-мм-2-категория-4200х66-1048,countertop,"Столешницы и стеновые панели ARCOBALENO: Стеновая панель 4 мм 2 категория 4200х660 ARCOBALENO (длина 4,2 м).b3d",pcs,22130,"официальная цена · СТОЛЕШНИЦЫ И СТЕНОВЫЕ ПАНЕЛИ ARCOBALENO (Текстолит).pdf"
ren-столешницы-и-стеновые-панели-arcobaleno-столешница-12мм-arcobaleno-1-категория-1049,countertop,"Столешницы и стеновые панели ARCOBALENO: Столешница 12мм ARCOBALENO 1 категория",lm,17620,"официальная цена · СТОЛЕШНИЦЫ И СТЕНОВЫЕ ПАНЕЛИ ARCOBALENO (Текстолит).pdf"
ren-столешницы-и-стеновые-панели-arcobaleno-столешница-12мм-arcobaleno-1-категория-ш-1050,countertop,"Столешницы и стеновые панели ARCOBALENO: Столешница 12мм ARCOBALENO 1 категория (ширина более 660мм)",lm,34370,"официальная цена · СТОЛЕШНИЦЫ И СТЕНОВЫЕ ПАНЕЛИ ARCOBALENO (Текстолит).pdf"
ren-столешницы-и-стеновые-панели-arcobaleno-столешница-12мм-arcobaleno-2-категория-1051,countertop,"Столешницы и стеновые панели ARCOBALENO: Столешница 12мм ARCOBALENO 2 категория",lm,18320,"официальная цена · СТОЛЕШНИЦЫ И СТЕНОВЫЕ ПАНЕЛИ ARCOBALENO (Текстолит).pdf"
ren-столешницы-и-стеновые-панели-arcobaleno-столешница-12мм-arcobaleno-2-категория-ш-1052,countertop,"Столешницы и стеновые панели ARCOBALENO: Столешница 12мм ARCOBALENO 2 категория (ширина более 660мм)",lm,35770,"официальная цена · СТОЛЕШНИЦЫ И СТЕНОВЫЕ ПАНЕЛИ ARCOBALENO (Текстолит).pdf"
ren-столешница-12мм-eterno-kompakt-s-столешница-eterno-kompakt-s-12мм-1053,countertop,"Столешница 12мм Eterno Kompakt S: Столешница Eterno Kompakt S (12мм)",lm,21010,"официальная цена · СТОЛЕШНИЦЫ И СТЕНОВЫЕ ПАНЕЛИ ETERNO.pdf"
ren-столешницы-12-мм-слотешница-12-мм-млт-групп-1-категория-1054,countertop,"СТОЛЕШНИЦЫ 12 ММ: Слотешница 12 мм МЛТ Групп 1 категория",lm,15360,"официальная цена · СТОЛЕШНИЦЫ МЛТ ГРУПП.pdf"
ren-столешницы-12-мм-слотешница-12-мм-млт-групп-2-категория-1055,countertop,"СТОЛЕШНИЦЫ 12 ММ: Слотешница 12 мм МЛТ Групп 2 категория",lm,18350,"официальная цена · СТОЛЕШНИЦЫ МЛТ ГРУПП.pdf"
ren-столешницы-12-мм-слотешница-12-мм-млт-групп-3-категория-1056,countertop,"СТОЛЕШНИЦЫ 12 ММ: Слотешница 12 мм МЛТ Групп 3 категория",lm,18760,"официальная цена · СТОЛЕШНИЦЫ МЛТ ГРУПП.pdf"
ren-столешницы-12-мм-слотешница-12-мм-млт-групп-4-категория-1057,countertop,"СТОЛЕШНИЦЫ 12 ММ: Слотешница 12 мм МЛТ Групп 4 категория",lm,18790,"официальная цена · СТОЛЕШНИЦЫ МЛТ ГРУПП.pdf"
ren-столешницы-12-мм-слотешница-12-мм-млт-групп-5-категория-1058,countertop,"СТОЛЕШНИЦЫ 12 ММ: Слотешница 12 мм МЛТ Групп 5 категория",lm,18930,"официальная цена · СТОЛЕШНИЦЫ МЛТ ГРУПП.pdf"
ren-столешницы-12-мм-слотешница-12-мм-млт-групп-6-категория-1059,countertop,"СТОЛЕШНИЦЫ 12 ММ: Слотешница 12 мм МЛТ Групп 6 категория",lm,19340,"официальная цена · СТОЛЕШНИЦЫ МЛТ ГРУПП.pdf"
ren-столешницы-12-мм-слотешница-12-мм-млт-групп-7-категория-1060,countertop,"СТОЛЕШНИЦЫ 12 ММ: Слотешница 12 мм МЛТ Групп 7 категория",lm,21180,"официальная цена · СТОЛЕШНИЦЫ МЛТ ГРУПП.pdf"
ren-столешницы-12-мм-слотешница-12-мм-млт-групп-8-категория-1061,countertop,"СТОЛЕШНИЦЫ 12 ММ: Слотешница 12 мм МЛТ Групп 8 категория",lm,21260,"официальная цена · СТОЛЕШНИЦЫ МЛТ ГРУПП.pdf"
ren-столешницы-стеновые-панели-egger-стен-панель-egger-1-категория-1062,countertop,"СТОЛЕШНИЦЫ, СТЕНОВЫЕ ПАНЕЛИ EGGER: Стен. Панель Egger 1 категория",pcs,22260,"официальная цена · СТОЛЕШНИЦЫ, СТЕНОВЫЕ ПАНЕЛИ EGGER.pdf"
ren-столешницы-стеновые-панели-egger-стен-панель-egger-2-категория-1063,countertop,"СТОЛЕШНИЦЫ, СТЕНОВЫЕ ПАНЕЛИ EGGER: Стен. Панель Egger 2 категория",pcs,22260,"официальная цена · СТОЛЕШНИЦЫ, СТЕНОВЫЕ ПАНЕЛИ EGGER.pdf"
ren-столешницы-стеновые-панели-egger-стен-панель-egger-3-категория-1064,countertop,"СТОЛЕШНИЦЫ, СТЕНОВЫЕ ПАНЕЛИ EGGER: Стен. Панель Egger 3 категория",pcs,22260,"официальная цена · СТОЛЕШНИЦЫ, СТЕНОВЫЕ ПАНЕЛИ EGGER.pdf"
ren-столешницы-стеновые-панели-egger-стен-панель-egger-4-категория-1065,countertop,"СТОЛЕШНИЦЫ, СТЕНОВЫЕ ПАНЕЛИ EGGER: Стен. Панель Egger 4 категория",pcs,41530,"официальная цена · СТОЛЕШНИЦЫ, СТЕНОВЫЕ ПАНЕЛИ EGGER.pdf"
ren-столешницы-стеновые-панели-egger-столешница-egger-38-мм-1-группа-1066,countertop,"СТОЛЕШНИЦЫ, СТЕНОВЫЕ ПАНЕЛИ EGGER: Столешница Egger 38 мм 1 группа",lm,6880,"официальная цена · СТОЛЕШНИЦЫ, СТЕНОВЫЕ ПАНЕЛИ EGGER.pdf"
ren-столешницы-стеновые-панели-egger-столешница-egger-38-мм-2-группа-1067,countertop,"СТОЛЕШНИЦЫ, СТЕНОВЫЕ ПАНЕЛИ EGGER: Столешница Egger 38 мм 2 группа",lm,8210,"официальная цена · СТОЛЕШНИЦЫ, СТЕНОВЫЕ ПАНЕЛИ EGGER.pdf"
ren-столешницы-стеновые-панели-egger-столешница-egger-38-мм-3-группа-1068,countertop,"СТОЛЕШНИЦЫ, СТЕНОВЫЕ ПАНЕЛИ EGGER: Столешница Egger 38 мм 3 группа",lm,9370,"официальная цена · СТОЛЕШНИЦЫ, СТЕНОВЫЕ ПАНЕЛИ EGGER.pdf"
ren-столешницы-стеновые-панели-egger-столешница-egger-38-мм-4-группа-1069,countertop,"СТОЛЕШНИЦЫ, СТЕНОВЫЕ ПАНЕЛИ EGGER: Столешница Egger 38 мм 4 группа",lm,12500,"официальная цена · СТОЛЕШНИЦЫ, СТЕНОВЫЕ ПАНЕЛИ EGGER.pdf"
ren-примечаение-uu-05-на-изделия-имеющие-два-подгиба-действует-наценка-1070,other,"Примечаение: (UU.05) - на изделия, имеющие два подгиба, действует наценка",job,10,"официальная цена · СТОЛЕШНИЦЫ, СТЕНОВЫЕ ПАНЕЛИ SLOTEX.pdf"
ren-примечаение-столешница-slotex-с-пластиком-с-двух-сторон-к-цене-1071,countertop,"Примечаение: Столешница Slotex с пластиком с двух сторон - к цене",job,30,"официальная цена · СТОЛЕШНИЦЫ, СТЕНОВЫЕ ПАНЕЛИ SLOTEX.pdf"
ren-столешницы-slotex-столешница-00-u1-05-e1-40мм-4200x600-slotex-1072,countertop,"Столешницы SLOTEX: Столешница (00, U1.05) (E1) 40мм (4200x600) SLOTEX",lm,5120,"официальная цена · СТОЛЕШНИЦЫ, СТЕНОВЫЕ ПАНЕЛИ SLOTEX.pdf"
ren-столешницы-slotex-столешница-00-u1-05-e2-40мм-4200x600-slotex-1073,countertop,"Столешницы SLOTEX: Столешница (00, U1.05) (E2) 40мм (4200x600) SLOTEX",lm,6430,"официальная цена · СТОЛЕШНИЦЫ, СТЕНОВЫЕ ПАНЕЛИ SLOTEX.pdf"
ren-столешницы-slotex-столешница-00-u1-05-e3-40мм-4200x600-slotex-1074,countertop,"Столешницы SLOTEX: Столешница (00, U1.05) (E3) 40мм (4200x600) SLOTEX",lm,7400,"официальная цена · СТОЛЕШНИЦЫ, СТЕНОВЫЕ ПАНЕЛИ SLOTEX.pdf"
ren-столешницы-slotex-столешница-00-u1-05-k1-40мм-4200x600-slotex-1075,countertop,"Столешницы SLOTEX: Столешница (00, U1.05) (K1) 40мм (4200x600) SLOTEX",lm,3570,"официальная цена · СТОЛЕШНИЦЫ, СТЕНОВЫЕ ПАНЕЛИ SLOTEX.pdf"
ren-столешницы-slotex-столешница-00-u1-05-k2-40мм-4200x600-slotex-1076,countertop,"Столешницы SLOTEX: Столешница (00, U1.05) (K2) 40мм (4200x600) SLOTEX",lm,3570,"официальная цена · СТОЛЕШНИЦЫ, СТЕНОВЫЕ ПАНЕЛИ SLOTEX.pdf"
ren-столешницы-slotex-столешница-00-u1-05-k3-40мм-4200x600-slotex-1077,countertop,"Столешницы SLOTEX: Столешница (00, U1.05) (K3) 40мм (4200x600) SLOTEX",lm,4010,"официальная цена · СТОЛЕШНИЦЫ, СТЕНОВЫЕ ПАНЕЛИ SLOTEX.pdf"
ren-столешницы-slotex-столешница-00-u1-05-uu-05-e1-27мм-3000x1200-slotex-1078,countertop,"Столешницы SLOTEX: Столешница (00, U1.05, UU.05+) (E1) 27мм (3000x1200) SLOTEX",lm,7950,"официальная цена · СТОЛЕШНИЦЫ, СТЕНОВЫЕ ПАНЕЛИ SLOTEX.pdf"
ren-столешницы-slotex-столешница-00-u1-05-uu-05-e1-27мм-3000x600-slotex-1079,countertop,"Столешницы SLOTEX: Столешница (00, U1.05, UU.05+) (E1) 27мм (3000x600) SLOTEX",lm,4330,"официальная цена · СТОЛЕШНИЦЫ, СТЕНОВЫЕ ПАНЕЛИ SLOTEX.pdf"
ren-столешницы-slotex-столешница-00-u1-05-uu-05-e1-27мм-3000x800-slotex-1080,countertop,"Столешницы SLOTEX: Столешница (00, U1.05, UU.05+) (E1) 27мм (3000x800) SLOTEX",lm,7430,"официальная цена · СТОЛЕШНИЦЫ, СТЕНОВЫЕ ПАНЕЛИ SLOTEX.pdf"
ren-столешницы-slotex-столешница-00-u1-05-uu-05-e1-40мм-3000x1200-slotex-1081,countertop,"Столешницы SLOTEX: Столешница (00, U1.05, UU.05+) (E1) 40мм (3000x1200) SLOTEX",lm,9430,"официальная цена · СТОЛЕШНИЦЫ, СТЕНОВЫЕ ПАНЕЛИ SLOTEX.pdf"
ren-столешницы-slotex-столешница-00-u1-05-uu-05-e1-40мм-3000x600-slotex-1082,countertop,"Столешницы SLOTEX: Столешница (00, U1.05, UU.05+) (E1) 40мм (3000x600) SLOTEX",lm,5070,"официальная цена · СТОЛЕШНИЦЫ, СТЕНОВЫЕ ПАНЕЛИ SLOTEX.pdf"
ren-столешницы-slotex-столешница-00-u1-05-uu-05-e1-40мм-3000x800-slotex-1083,countertop,"Столешницы SLOTEX: Столешница (00, U1.05, UU.05+) (E1) 40мм (3000x800) SLOTEX",lm,8840,"официальная цена · СТОЛЕШНИЦЫ, СТЕНОВЫЕ ПАНЕЛИ SLOTEX.pdf"
ren-столешницы-slotex-столешница-00-u1-05-uu-05-e1-40мм-4200x1200-slotex-1084,countertop,"Столешницы SLOTEX: Столешница (00, U1.05, UU.05+) (E1) 40мм (4200x1200) SLOTEX",lm,9660,"официальная цена · СТОЛЕШНИЦЫ, СТЕНОВЫЕ ПАНЕЛИ SLOTEX.pdf"
ren-столешницы-slotex-столешница-00-u1-05-uu-05-e1-40мм-4200x800-slotex-1085,countertop,"Столешницы SLOTEX: Столешница (00, U1.05, UU.05+) (E1) 40мм (4200x800) SLOTEX",lm,9320,"официальная цена · СТОЛЕШНИЦЫ, СТЕНОВЫЕ ПАНЕЛИ SLOTEX.pdf"
ren-столешницы-slotex-столешница-00-u1-05-uu-05-e2-27мм-3000x1200-slotex-1086,countertop,"Столешницы SLOTEX: Столешница (00, U1.05, UU.05+) (E2) 27мм (3000x1200) SLOTEX",lm,11240,"официальная цена · СТОЛЕШНИЦЫ, СТЕНОВЫЕ ПАНЕЛИ SLOTEX.pdf"
ren-столешницы-slotex-столешница-00-u1-05-uu-05-e2-27мм-3000x600-slotex-1087,countertop,"Столешницы SLOTEX: Столешница (00, U1.05, UU.05+) (E2) 27мм (3000x600) SLOTEX",lm,5380,"официальная цена · СТОЛЕШНИЦЫ, СТЕНОВЫЕ ПАНЕЛИ SLOTEX.pdf"
ren-столешницы-slotex-столешница-00-u1-05-uu-05-e2-27мм-3000x800-slotex-1088,countertop,"Столешницы SLOTEX: Столешница (00, U1.05, UU.05+) (E2) 27мм (3000x800) SLOTEX",lm,10720,"официальная цена · СТОЛЕШНИЦЫ, СТЕНОВЫЕ ПАНЕЛИ SLOTEX.pdf"
ren-столешницы-slotex-столешница-00-u1-05-uu-05-e2-40мм-3000x1200-slotex-1089,countertop,"Столешницы SLOTEX: Столешница (00, U1.05, UU.05+) (E2) 40мм (3000x1200) SLOTEX",lm,12010,"официальная цена · СТОЛЕШНИЦЫ, СТЕНОВЫЕ ПАНЕЛИ SLOTEX.pdf"
ren-столешницы-slotex-столешница-00-u1-05-uu-05-e2-40мм-3000x600-slotex-1090,countertop,"Столешницы SLOTEX: Столешница (00, U1.05, UU.05+) (E2) 40мм (3000x600) SLOTEX",lm,6330,"официальная цена · СТОЛЕШНИЦЫ, СТЕНОВЫЕ ПАНЕЛИ SLOTEX.pdf"
ren-столешницы-slotex-столешница-00-u1-05-uu-05-e2-40мм-3000x800-slotex-1091,countertop,"Столешницы SLOTEX: Столешница (00, U1.05, UU.05+) (E2) 40мм (3000x800) SLOTEX",lm,11480,"официальная цена · СТОЛЕШНИЦЫ, СТЕНОВЫЕ ПАНЕЛИ SLOTEX.pdf"
ren-столешницы-slotex-столешница-00-u1-05-uu-05-e2-40мм-4200x1200-slotex-1092,countertop,"Столешницы SLOTEX: Столешница (00, U1.05, UU.05+) (E2) 40мм (4200x1200) SLOTEX",lm,12230,"официальная цена · СТОЛЕШНИЦЫ, СТЕНОВЫЕ ПАНЕЛИ SLOTEX.pdf"
ren-столешницы-slotex-столешница-00-u1-05-uu-05-e2-40мм-4200x800-slotex-1093,countertop,"Столешницы SLOTEX: Столешница (00, U1.05, UU.05+) (E2) 40мм (4200x800) SLOTEX",lm,11890,"официальная цена · СТОЛЕШНИЦЫ, СТЕНОВЫЕ ПАНЕЛИ SLOTEX.pdf"
ren-столешницы-slotex-столешница-00-u1-05-uu-05-e3-27мм-3000x1200-slotex-1094,countertop,"Столешницы SLOTEX: Столешница (00, U1.05, UU.05+) (E3) 27мм (3000x1200) SLOTEX",lm,14480,"официальная цена · СТОЛЕШНИЦЫ, СТЕНОВЫЕ ПАНЕЛИ SLOTEX.pdf"
ren-столешницы-slotex-столешница-00-u1-05-uu-05-e3-27мм-3000x600-slotex-1095,countertop,"Столешницы SLOTEX: Столешница (00, U1.05, UU.05+) (E3) 27мм (3000x600) SLOTEX",lm,7550,"официальная цена · СТОЛЕШНИЦЫ, СТЕНОВЫЕ ПАНЕЛИ SLOTEX.pdf"
ren-столешницы-slotex-столешница-00-u1-05-uu-05-e3-27мм-3000x800-slotex-1096,countertop,"Столешницы SLOTEX: Столешница (00, U1.05, UU.05+) (E3) 27мм (3000x800) SLOTEX",lm,13960,"официальная цена · СТОЛЕШНИЦЫ, СТЕНОВЫЕ ПАНЕЛИ SLOTEX.pdf"
ren-столешницы-slotex-столешница-00-u1-05-uu-05-e3-40мм-3000x1200-slotex-1097,countertop,"Столешницы SLOTEX: Столешница (00, U1.05, UU.05+) (E3) 40мм (3000x1200) SLOTEX",lm,14480,"официальная цена · СТОЛЕШНИЦЫ, СТЕНОВЫЕ ПАНЕЛИ SLOTEX.pdf"
ren-столешницы-slotex-столешница-00-u1-05-uu-05-e3-40мм-3000x600-slotex-1098,countertop,"Столешницы SLOTEX: Столешница (00, U1.05, UU.05+) (E3) 40мм (3000x600) SLOTEX",lm,7550,"официальная цена · СТОЛЕШНИЦЫ, СТЕНОВЫЕ ПАНЕЛИ SLOTEX.pdf"
ren-столешницы-slotex-столешница-00-u1-05-uu-05-e3-40мм-3000x800-slotex-1099,countertop,"Столешницы SLOTEX: Столешница (00, U1.05, UU.05+) (E3) 40мм (3000x800) SLOTEX",lm,13960,"официальная цена · СТОЛЕШНИЦЫ, СТЕНОВЫЕ ПАНЕЛИ SLOTEX.pdf"
ren-столешницы-slotex-столешница-00-u1-05-uu-05-e3-40мм-4200x1200-slotex-1100,countertop,"Столешницы SLOTEX: Столешница (00, U1.05, UU.05+) (E3) 40мм (4200x1200) SLOTEX",lm,14120,"официальная цена · СТОЛЕШНИЦЫ, СТЕНОВЫЕ ПАНЕЛИ SLOTEX.pdf"
ren-столешницы-slotex-столешница-00-u1-05-uu-05-e3-40мм-4200x800-slotex-1101,countertop,"Столешницы SLOTEX: Столешница (00, U1.05, UU.05+) (E3) 40мм (4200x800) SLOTEX",lm,13780,"официальная цена · СТОЛЕШНИЦЫ, СТЕНОВЫЕ ПАНЕЛИ SLOTEX.pdf"
ren-столешницы-slotex-столешница-00-u1-05-uu-05-k1-40мм-3000x600-slotex-1102,countertop,"Столешницы SLOTEX: Столешница (00, U1.05, UU.05+) (K1) 40мм (3000x600) SLOTEX",lm,3660,"официальная цена · СТОЛЕШНИЦЫ, СТЕНОВЫЕ ПАНЕЛИ SLOTEX.pdf"
ren-столешницы-slotex-столешница-00-u1-05-uu-05-k2-40мм-3000x600-slotex-1103,countertop,"Столешницы SLOTEX: Столешница (00, U1.05, UU.05+) (K2) 40мм (3000x600) SLOTEX",lm,3660,"официальная цена · СТОЛЕШНИЦЫ, СТЕНОВЫЕ ПАНЕЛИ SLOTEX.pdf"
ren-столешницы-slotex-столешница-00-u1-05-uu-05-k3-40мм-3000x600-slotex-1104,countertop,"Столешницы SLOTEX: Столешница (00, U1.05, UU.05+) (K3) 40мм (3000x600) SLOTEX",lm,4000,"официальная цена · СТОЛЕШНИЦЫ, СТЕНОВЫЕ ПАНЕЛИ SLOTEX.pdf"
ren-стеновые-slotex-стеновая-панель-00-e1-3000х1215х4-5-slotex-1105,countertop,"Стеновые SLOTEX: Стеновая панель (00) (E1) 3000х1215х4,5 SLOTEX",pcs,13720,"официальная цена · СТОЛЕШНИЦЫ, СТЕНОВЫЕ ПАНЕЛИ SLOTEX.pdf"
ren-стеновые-slotex-стеновая-панель-00-e1-3000х600х4-5-slotex-1106,countertop,"Стеновые SLOTEX: Стеновая панель (00) (E1) 3000х600х4,5 SLOTEX",pcs,7010,"официальная цена · СТОЛЕШНИЦЫ, СТЕНОВЫЕ ПАНЕЛИ SLOTEX.pdf"
ren-стеновые-slotex-стеновая-панель-00-e1-4200х1215х10-slotex-1107,countertop,"Стеновые SLOTEX: Стеновая панель (00) (E1) 4200х1215х10 SLOTEX",pcs,19880,"официальная цена · СТОЛЕШНИЦЫ, СТЕНОВЫЕ ПАНЕЛИ SLOTEX.pdf"
ren-стеновые-slotex-стеновая-панель-00-e1-4200х600х10-slotex-1108,countertop,"Стеновые SLOTEX: Стеновая панель (00) (E1) 4200х600х10 SLOTEX",pcs,10200,"официальная цена · СТОЛЕШНИЦЫ, СТЕНОВЫЕ ПАНЕЛИ SLOTEX.pdf"
ren-стеновые-slotex-стеновая-панель-00-e2-3000х1215х4-5-slotex-1109,countertop,"Стеновые SLOTEX: Стеновая панель (00) (E2) 3000х1215х4,5 SLOTEX",pcs,17350,"официальная цена · СТОЛЕШНИЦЫ, СТЕНОВЫЕ ПАНЕЛИ SLOTEX.pdf"
ren-стеновые-slotex-стеновая-панель-00-e2-3000х600х4-5-slotex-1110,countertop,"Стеновые SLOTEX: Стеновая панель (00) (E2) 3000х600х4,5 SLOTEX",pcs,9430,"официальная цена · СТОЛЕШНИЦЫ, СТЕНОВЫЕ ПАНЕЛИ SLOTEX.pdf"
ren-стеновые-slotex-стеновая-панель-00-e2-4200х1215х10-slotex-1111,countertop,"Стеновые SLOTEX: Стеновая панель (00) (E2) 4200х1215х10 SLOTEX",pcs,26150,"официальная цена · СТОЛЕШНИЦЫ, СТЕНОВЫЕ ПАНЕЛИ SLOTEX.pdf"
ren-стеновые-slotex-стеновая-панель-00-e2-4200х600х10-slotex-1112,countertop,"Стеновые SLOTEX: Стеновая панель (00) (E2) 4200х600х10 SLOTEX",pcs,13390,"официальная цена · СТОЛЕШНИЦЫ, СТЕНОВЫЕ ПАНЕЛИ SLOTEX.pdf"
ren-стеновые-slotex-стеновая-панель-00-e3-3000х1215х4-5-slotex-1113,countertop,"Стеновые SLOTEX: Стеновая панель (00) (E3) 3000х1215х4,5 SLOTEX",pcs,21420,"официальная цена · СТОЛЕШНИЦЫ, СТЕНОВЫЕ ПАНЕЛИ SLOTEX.pdf"
ren-стеновые-slotex-стеновая-панель-00-e3-3000х600х4-5-slotex-1114,countertop,"Стеновые SLOTEX: Стеновая панель (00) (E3) 3000х600х4,5 SLOTEX",pcs,11190,"официальная цена · СТОЛЕШНИЦЫ, СТЕНОВЫЕ ПАНЕЛИ SLOTEX.pdf"
ren-стеновые-slotex-стеновая-панель-00-e3-4200х1215х10-slotex-1115,countertop,"Стеновые SLOTEX: Стеновая панель (00) (E3) 4200х1215х10 SLOTEX",pcs,30330,"официальная цена · СТОЛЕШНИЦЫ, СТЕНОВЫЕ ПАНЕЛИ SLOTEX.pdf"
ren-стеновые-slotex-стеновая-панель-00-e3-4200х600х10-slotex-1116,countertop,"Стеновые SLOTEX: Стеновая панель (00) (E3) 4200х600х10 SLOTEX",pcs,15480,"официальная цена · СТОЛЕШНИЦЫ, СТЕНОВЫЕ ПАНЕЛИ SLOTEX.pdf"
ren-стеновые-slotex-стеновая-панель-00-k1-3000х600х4-5-slotex-1117,countertop,"Стеновые SLOTEX: Стеновая панель (00) (K1) 3000х600х4,5 SLOTEX",pcs,4920,"официальная цена · СТОЛЕШНИЦЫ, СТЕНОВЫЕ ПАНЕЛИ SLOTEX.pdf"
ren-стеновые-slotex-стеновая-панель-00-k1-4200х600х10-slotex-1118,countertop,"Стеновые SLOTEX: Стеновая панель (00) (K1) 4200х600х10 SLOTEX",pcs,8330,"официальная цена · СТОЛЕШНИЦЫ, СТЕНОВЫЕ ПАНЕЛИ SLOTEX.pdf"
ren-стеновые-slotex-стеновая-панель-00-k2-3000х600х4-5-slotex-1119,countertop,"Стеновые SLOTEX: Стеновая панель (00) (K2) 3000х600х4,5 SLOTEX",pcs,6020,"официальная цена · СТОЛЕШНИЦЫ, СТЕНОВЫЕ ПАНЕЛИ SLOTEX.pdf"
ren-стеновые-slotex-стеновая-панель-00-k2-4200х600х10-slotex-1120,countertop,"Стеновые SLOTEX: Стеновая панель (00) (K2) 4200х600х10 SLOTEX",pcs,6790,"официальная цена · СТОЛЕШНИЦЫ, СТЕНОВЫЕ ПАНЕЛИ SLOTEX.pdf"
ren-стеновые-slotex-стеновая-панель-00-k3-3000х600х4-5-slotex-1121,countertop,"Стеновые SLOTEX: Стеновая панель (00) (K3) 3000х600х4,5 SLOTEX",pcs,5470,"официальная цена · СТОЛЕШНИЦЫ, СТЕНОВЫЕ ПАНЕЛИ SLOTEX.pdf"
ren-стеновые-slotex-стеновая-панель-00-k3-4200х600х10-slotex-1122,countertop,"Стеновые SLOTEX: Стеновая панель (00) (K3) 4200х600х10 SLOTEX",pcs,7670,"официальная цена · СТОЛЕШНИЦЫ, СТЕНОВЫЕ ПАНЕЛИ SLOTEX.pdf"
ren-столешницы-кедр-27мм-столешница-кедр-27-мм-1-категория-1123,countertop,"СТОЛЕШНИЦЫ КЕДР 27мм: Столешница Кедр 27 мм, 1 категория",lm,2780,"официальная цена · СТОЛЕШНИЦЫ, СТЕНОВЫЕ ПАНЕЛИ КЕДР.pdf"
ren-столешницы-кедр-27мм-столешница-кедр-27-мм-2-категория-1124,countertop,"СТОЛЕШНИЦЫ КЕДР 27мм: Столешница Кедр 27 мм, 2 категория",lm,2970,"официальная цена · СТОЛЕШНИЦЫ, СТЕНОВЫЕ ПАНЕЛИ КЕДР.pdf"
ren-столешницы-кедр-27мм-столешница-кедр-27мм-3-категория-1125,countertop,"СТОЛЕШНИЦЫ КЕДР 27мм: Столешница Кедр 27мм, 3 категория",lm,3460,"официальная цена · СТОЛЕШНИЦЫ, СТЕНОВЫЕ ПАНЕЛИ КЕДР.pdf"
ren-столешницы-кедр-27мм-столешница-кедр-27мм-4-категория-1126,countertop,"СТОЛЕШНИЦЫ КЕДР 27мм: Столешница Кедр 27мм, 4 категория",lm,3710,"официальная цена · СТОЛЕШНИЦЫ, СТЕНОВЫЕ ПАНЕЛИ КЕДР.pdf"
ren-столешницы-кедр-27мм-столешница-кедр-27мм-5-категория-1127,countertop,"СТОЛЕШНИЦЫ КЕДР 27мм: Столешница Кедр 27мм, 5 категория",lm,5450,"официальная цена · СТОЛЕШНИЦЫ, СТЕНОВЫЕ ПАНЕЛИ КЕДР.pdf"
ren-столешницы-кедр-27мм-угловая-столешница-кедр-860х860-27-мм-1-категория-1128,countertop,"СТОЛЕШНИЦЫ КЕДР 27мм: Угловая столешница Кедр 860х860 27 мм 1 категория",pcs,7600,"официальная цена · СТОЛЕШНИЦЫ, СТЕНОВЫЕ ПАНЕЛИ КЕДР.pdf"
ren-столешницы-кедр-27мм-угловая-столешница-кедр-860х860-27-мм-2-категория-1129,countertop,"СТОЛЕШНИЦЫ КЕДР 27мм: Угловая столешница Кедр 860х860 27 мм 2 категория",pcs,8160,"официальная цена · СТОЛЕШНИЦЫ, СТЕНОВЫЕ ПАНЕЛИ КЕДР.pdf"
ren-столешницы-кедр-27мм-угловая-столешница-кедр-860х860-27-мм-3-категория-1130,countertop,"СТОЛЕШНИЦЫ КЕДР 27мм: Угловая столешница Кедр 860х860 27 мм 3 категория",pcs,8900,"официальная цена · СТОЛЕШНИЦЫ, СТЕНОВЫЕ ПАНЕЛИ КЕДР.pdf"
ren-столешницы-кедр-27мм-угловая-столешница-кедр-860х860-27-мм-4-категория-1131,countertop,"СТОЛЕШНИЦЫ КЕДР 27мм: Угловая столешница Кедр 860х860 27 мм 4 категория",pcs,10020,"официальная цена · СТОЛЕШНИЦЫ, СТЕНОВЫЕ ПАНЕЛИ КЕДР.pdf"
ren-столешницы-кедр-27мм-угловая-столешница-кедр-860х860-27-мм-5-категория-1132,countertop,"СТОЛЕШНИЦЫ КЕДР 27мм: Угловая столешница Кедр 860х860 27 мм 5 категория",pcs,14670,"официальная цена · СТОЛЕШНИЦЫ, СТЕНОВЫЕ ПАНЕЛИ КЕДР.pdf"
ren-столешницы-кедр-40мм-столешница-кедр-40мм-1-категория-1133,countertop,"СТОЛЕШНИЦЫ КЕДР 40мм: Столешница Кедр 40мм, 1 категория",lm,5160,"официальная цена · СТОЛЕШНИЦЫ, СТЕНОВЫЕ ПАНЕЛИ КЕДР.pdf"
ren-столешницы-кедр-40мм-столешница-кедр-40мм-1-категория-4м-1134,countertop,"СТОЛЕШНИЦЫ КЕДР 40мм: Столешница Кедр 40мм, 1 категория 4м",lm,5440,"официальная цена · СТОЛЕШНИЦЫ, СТЕНОВЫЕ ПАНЕЛИ КЕДР.pdf"
ren-столешницы-кедр-40мм-столешница-кедр-40мм-2-категория-1135,countertop,"СТОЛЕШНИЦЫ КЕДР 40мм: Столешница Кедр 40мм, 2 категория",lm,5320,"официальная цена · СТОЛЕШНИЦЫ, СТЕНОВЫЕ ПАНЕЛИ КЕДР.pdf"
ren-столешницы-кедр-40мм-столешница-кедр-40мм-2-категория-4м-1136,countertop,"СТОЛЕШНИЦЫ КЕДР 40мм: Столешница Кедр 40мм, 2 категория, 4м",lm,5620,"официальная цена · СТОЛЕШНИЦЫ, СТЕНОВЫЕ ПАНЕЛИ КЕДР.pdf"
ren-столешницы-кедр-40мм-столешница-кедр-40мм-3-категория-1137,countertop,"СТОЛЕШНИЦЫ КЕДР 40мм: Столешница Кедр 40мм, 3 категория",lm,5730,"официальная цена · СТОЛЕШНИЦЫ, СТЕНОВЫЕ ПАНЕЛИ КЕДР.pdf"
ren-столешницы-кедр-40мм-столешница-кедр-40мм-3-категория-4м-1138,countertop,"СТОЛЕШНИЦЫ КЕДР 40мм: Столешница Кедр 40мм, 3 категория,4м",lm,6090,"официальная цена · СТОЛЕШНИЦЫ, СТЕНОВЫЕ ПАНЕЛИ КЕДР.pdf"
ren-столешницы-кедр-40мм-столешница-кедр-40мм-4-категория-1139,countertop,"СТОЛЕШНИЦЫ КЕДР 40мм: Столешница Кедр 40мм, 4 категория",lm,6370,"официальная цена · СТОЛЕШНИЦЫ, СТЕНОВЫЕ ПАНЕЛИ КЕДР.pdf"
ren-столешницы-кедр-40мм-столешница-кедр-40мм-4-категория-4м-1140,countertop,"СТОЛЕШНИЦЫ КЕДР 40мм: Столешница Кедр 40мм, 4 категория, 4м",lm,6680,"официальная цена · СТОЛЕШНИЦЫ, СТЕНОВЫЕ ПАНЕЛИ КЕДР.pdf"
ren-столешницы-кедр-40мм-столешница-кедр-40мм-5-категория-1141,countertop,"СТОЛЕШНИЦЫ КЕДР 40мм: Столешница Кедр 40мм, 5 категория",lm,8550,"официальная цена · СТОЛЕШНИЦЫ, СТЕНОВЫЕ ПАНЕЛИ КЕДР.pdf"
ren-столешницы-кедр-40мм-столешница-кедр-40мм-более-600мм-1-категория-1142,countertop,"СТОЛЕШНИЦЫ КЕДР 40мм: Столешница Кедр 40мм, более 600мм, 1 категория",m2,5380,"официальная цена · СТОЛЕШНИЦЫ, СТЕНОВЫЕ ПАНЕЛИ КЕДР.pdf"
ren-столешницы-кедр-40мм-столешница-кедр-40мм-более-600мм-2-категория-1143,countertop,"СТОЛЕШНИЦЫ КЕДР 40мм: Столешница Кедр 40мм, более 600мм, 2 категория",m2,5680,"официальная цена · СТОЛЕШНИЦЫ, СТЕНОВЫЕ ПАНЕЛИ КЕДР.pdf"
ren-столешницы-кедр-40мм-столешница-кедр-40мм-более-600мм-3-категория-1144,countertop,"СТОЛЕШНИЦЫ КЕДР 40мм: Столешница Кедр 40мм, более 600мм, 3 категория",m2,6080,"официальная цена · СТОЛЕШНИЦЫ, СТЕНОВЫЕ ПАНЕЛИ КЕДР.pdf"
ren-столешницы-кедр-40мм-столешница-кедр-40мм-более-600мм-4-категория-1145,countertop,"СТОЛЕШНИЦЫ КЕДР 40мм: Столешница Кедр 40мм, более 600мм, 4 категория",m2,6790,"официальная цена · СТОЛЕШНИЦЫ, СТЕНОВЫЕ ПАНЕЛИ КЕДР.pdf"
ren-столешницы-кедр-40мм-столешница-кедр-40мм-более-600мм-5-категория-1146,countertop,"СТОЛЕШНИЦЫ КЕДР 40мм: Столешница Кедр 40мм, более 600мм, 5 категория",m2,9200,"официальная цена · СТОЛЕШНИЦЫ, СТЕНОВЫЕ ПАНЕЛИ КЕДР.pdf"
ren-столешницы-кедр-40мм-угловая-столешница-кедр-860х860-40-мм-1-категория-1147,countertop,"СТОЛЕШНИЦЫ КЕДР 40мм: Угловая столешница Кедр 860х860 40 мм 1 категория",pcs,10200,"официальная цена · СТОЛЕШНИЦЫ, СТЕНОВЫЕ ПАНЕЛИ КЕДР.pdf"
ren-столешницы-кедр-40мм-угловая-столешница-кедр-860х860-40-мм-2-категория-1148,countertop,"СТОЛЕШНИЦЫ КЕДР 40мм: Угловая столешница Кедр 860х860 40 мм 2 категория",pcs,10760,"официальная цена · СТОЛЕШНИЦЫ, СТЕНОВЫЕ ПАНЕЛИ КЕДР.pdf"
ren-столешницы-кедр-40мм-угловая-столешница-кедр-860х860-40-мм-3-категория-1149,countertop,"СТОЛЕШНИЦЫ КЕДР 40мм: Угловая столешница Кедр 860х860 40 мм 3 категория",pcs,11880,"официальная цена · СТОЛЕШНИЦЫ, СТЕНОВЫЕ ПАНЕЛИ КЕДР.pdf"
ren-столешницы-кедр-40мм-угловая-столешница-кедр-860х860-40-мм-4-категория-1150,countertop,"СТОЛЕШНИЦЫ КЕДР 40мм: Угловая столешница Кедр 860х860 40 мм 4 категория",pcs,13370,"официальная цена · СТОЛЕШНИЦЫ, СТЕНОВЫЕ ПАНЕЛИ КЕДР.pdf"
ren-столешницы-кедр-40мм-угловая-столешница-кедр-860х860-40-мм-5-категория-1151,countertop,"СТОЛЕШНИЦЫ КЕДР 40мм: Угловая столешница Кедр 860х860 40 мм 5 категория",pcs,18570,"официальная цена · СТОЛЕШНИЦЫ, СТЕНОВЫЕ ПАНЕЛИ КЕДР.pdf"
ren-стеновые-панели-кедр-стен-панель-кедр-1-категория-1152,countertop,"СТЕНОВЫЕ ПАНЕЛИ КЕДР: Стен. Панель Кедр 1 категория",pcs,6750,"официальная цена · СТОЛЕШНИЦЫ, СТЕНОВЫЕ ПАНЕЛИ КЕДР.pdf"
ren-стеновые-панели-кедр-стен-панель-кедр-2-категория-1153,countertop,"СТЕНОВЫЕ ПАНЕЛИ КЕДР: Стен. Панель Кедр 2 категория",pcs,7100,"официальная цена · СТОЛЕШНИЦЫ, СТЕНОВЫЕ ПАНЕЛИ КЕДР.pdf"
ren-стеновые-панели-кедр-стен-панель-кедр-3-категория-1154,countertop,"СТЕНОВЫЕ ПАНЕЛИ КЕДР: Стен. Панель Кедр 3 категория",pcs,8490,"официальная цена · СТОЛЕШНИЦЫ, СТЕНОВЫЕ ПАНЕЛИ КЕДР.pdf"
ren-стеновые-панели-кедр-стен-панель-кедр-4-категория-1155,countertop,"СТЕНОВЫЕ ПАНЕЛИ КЕДР: Стен. Панель Кедр 4 категория",pcs,9540,"официальная цена · СТОЛЕШНИЦЫ, СТЕНОВЫЕ ПАНЕЛИ КЕДР.pdf"
ren-стеновые-панели-кедр-стен-панель-кедр-5-категория-1156,countertop,"СТЕНОВЫЕ ПАНЕЛИ КЕДР: Стен. Панель Кедр 5 категория",pcs,13370,"официальная цена · СТОЛЕШНИЦЫ, СТЕНОВЫЕ ПАНЕЛИ КЕДР.pdf"
ren-столешницы-пласт-декор-28мм-столешница-пласт-декор-28-мм-1-группа-1157,countertop,"СТОЛЕШНИЦЫ ПЛАСТ-ДЕКОР 28мм: Столешница Пласт-Декор 28 мм 1 группа",lm,3250,"официальная цена · СТОЛЕШНИЦЫ, СТЕНОВЫЕ ПАНЕЛИ ПЛАСТ-ДЕКОР.pdf"
ren-столешницы-пласт-декор-28мм-столешница-пласт-декор-28-мм-2-группа-1158,countertop,"СТОЛЕШНИЦЫ ПЛАСТ-ДЕКОР 28мм: Столешница Пласт-Декор 28 мм 2 группа",lm,3250,"официальная цена · СТОЛЕШНИЦЫ, СТЕНОВЫЕ ПАНЕЛИ ПЛАСТ-ДЕКОР.pdf"
ren-столешницы-пласт-декор-28мм-столешница-пласт-декор-28-мм-3-группа-1159,countertop,"СТОЛЕШНИЦЫ ПЛАСТ-ДЕКОР 28мм: Столешница Пласт-Декор 28 мм 3 группа",lm,3830,"официальная цена · СТОЛЕШНИЦЫ, СТЕНОВЫЕ ПАНЕЛИ ПЛАСТ-ДЕКОР.pdf"
ren-столешницы-пласт-декор-28мм-столешница-пласт-декор-28-мм-4-группа-1160,countertop,"СТОЛЕШНИЦЫ ПЛАСТ-ДЕКОР 28мм: Столешница Пласт-Декор 28 мм 4 группа",lm,4320,"официальная цена · СТОЛЕШНИЦЫ, СТЕНОВЫЕ ПАНЕЛИ ПЛАСТ-ДЕКОР.pdf"
ren-столешницы-пласт-декор-28мм-столешница-пласт-декор-28-мм-6-группа-1161,countertop,"СТОЛЕШНИЦЫ ПЛАСТ-ДЕКОР 28мм: Столешница Пласт-Декор 28 мм 6 группа",lm,8720,"официальная цена · СТОЛЕШНИЦЫ, СТЕНОВЫЕ ПАНЕЛИ ПЛАСТ-ДЕКОР.pdf"
ren-столешницы-пласт-декор-28мм-столешница-пласт-декор-28-мм-lemark-1162,countertop,"СТОЛЕШНИЦЫ ПЛАСТ-ДЕКОР 28мм: Столешница Пласт-Декор 28 мм lemark",lm,3240,"официальная цена · СТОЛЕШНИЦЫ, СТЕНОВЫЕ ПАНЕЛИ ПЛАСТ-ДЕКОР.pdf"
ren-столешницы-пласт-декор-28мм-столешница-пласт-декор-28-мм-ширина-более-600мм-1-гр-1163,countertop,"СТОЛЕШНИЦЫ ПЛАСТ-ДЕКОР 28мм: Столешница Пласт-Декор 28 мм ширина более 600мм 1 группа",m2,4850,"официальная цена · СТОЛЕШНИЦЫ, СТЕНОВЫЕ ПАНЕЛИ ПЛАСТ-ДЕКОР.pdf"
ren-столешницы-пласт-декор-28мм-столешница-пласт-декор-28-мм-ширина-более-600мм-2-гр-1164,countertop,"СТОЛЕШНИЦЫ ПЛАСТ-ДЕКОР 28мм: Столешница Пласт-Декор 28 мм ширина более 600мм 2 группа",m2,5320,"официальная цена · СТОЛЕШНИЦЫ, СТЕНОВЫЕ ПАНЕЛИ ПЛАСТ-ДЕКОР.pdf"
ren-столешницы-пласт-декор-28мм-столешница-пласт-декор-28-мм-ширина-более-600мм-3-гр-1165,countertop,"СТОЛЕШНИЦЫ ПЛАСТ-ДЕКОР 28мм: Столешница Пласт-Декор 28 мм ширина более 600мм 3 группа",m2,5740,"официальная цена · СТОЛЕШНИЦЫ, СТЕНОВЫЕ ПАНЕЛИ ПЛАСТ-ДЕКОР.pdf"
ren-столешницы-пласт-декор-28мм-столешница-пласт-декор-28-мм-ширина-более-600мм-4-гр-1166,countertop,"СТОЛЕШНИЦЫ ПЛАСТ-ДЕКОР 28мм: Столешница Пласт-Декор 28 мм ширина более 600мм 4 группа",m2,6500,"официальная цена · СТОЛЕШНИЦЫ, СТЕНОВЫЕ ПАНЕЛИ ПЛАСТ-ДЕКОР.pdf"
ren-столешницы-пласт-декор-28мм-столешница-угол-пласт-декор-800х800-28мм-1-группа-1167,countertop,"СТОЛЕШНИЦЫ ПЛАСТ-ДЕКОР 28мм: Столешница-угол Пласт-Декор 800х800 28мм 1 группа",pcs,4960,"официальная цена · СТОЛЕШНИЦЫ, СТЕНОВЫЕ ПАНЕЛИ ПЛАСТ-ДЕКОР.pdf"
ren-столешницы-пласт-декор-28мм-столешница-угол-пласт-декор-800х800-28мм-2-группа-1168,countertop,"СТОЛЕШНИЦЫ ПЛАСТ-ДЕКОР 28мм: Столешница-угол Пласт-Декор 800х800 28мм 2 группа",pcs,5520,"официальная цена · СТОЛЕШНИЦЫ, СТЕНОВЫЕ ПАНЕЛИ ПЛАСТ-ДЕКОР.pdf"
ren-столешницы-пласт-декор-28мм-столешница-угол-пласт-декор-800х800-28мм-3-группа-1169,countertop,"СТОЛЕШНИЦЫ ПЛАСТ-ДЕКОР 28мм: Столешница-угол Пласт-Декор 800х800 28мм 3 группа",pcs,6000,"официальная цена · СТОЛЕШНИЦЫ, СТЕНОВЫЕ ПАНЕЛИ ПЛАСТ-ДЕКОР.pdf"
ren-столешницы-пласт-декор-28мм-столешница-угол-пласт-декор-800х800-28мм-4-группа-1170,countertop,"СТОЛЕШНИЦЫ ПЛАСТ-ДЕКОР 28мм: Столешница-угол Пласт-Декор 800х800 28мм 4 группа",pcs,6870,"официальная цена · СТОЛЕШНИЦЫ, СТЕНОВЫЕ ПАНЕЛИ ПЛАСТ-ДЕКОР.pdf"
ren-столешницы-пласт-декор-28мм-столешница-угол-пласт-декор-900х900-28мм-1-группа-1171,countertop,"СТОЛЕШНИЦЫ ПЛАСТ-ДЕКОР 28мм: Столешница-угол Пласт-Декор 900х900 28мм 1 группа",pcs,5930,"официальная цена · СТОЛЕШНИЦЫ, СТЕНОВЫЕ ПАНЕЛИ ПЛАСТ-ДЕКОР.pdf"
ren-столешницы-пласт-декор-28мм-столешница-угол-пласт-декор-900х900-28мм-2-группа-1172,countertop,"СТОЛЕШНИЦЫ ПЛАСТ-ДЕКОР 28мм: Столешница-угол Пласт-Декор 900х900 28мм 2 группа",pcs,6590,"официальная цена · СТОЛЕШНИЦЫ, СТЕНОВЫЕ ПАНЕЛИ ПЛАСТ-ДЕКОР.pdf"
ren-столешницы-пласт-декор-28мм-столешница-угол-пласт-декор-900х900-28мм-3-группа-1173,countertop,"СТОЛЕШНИЦЫ ПЛАСТ-ДЕКОР 28мм: Столешница-угол Пласт-Декор 900х900 28мм 3 группа",pcs,7170,"официальная цена · СТОЛЕШНИЦЫ, СТЕНОВЫЕ ПАНЕЛИ ПЛАСТ-ДЕКОР.pdf"
ren-столешницы-пласт-декор-28мм-столешница-угол-пласт-декор-900х900-28мм-4-группа-1174,countertop,"СТОЛЕШНИЦЫ ПЛАСТ-ДЕКОР 28мм: Столешница-угол Пласт-Декор 900х900 28мм 4 группа",pcs,8230,"официальная цена · СТОЛЕШНИЦЫ, СТЕНОВЫЕ ПАНЕЛИ ПЛАСТ-ДЕКОР.pdf"
ren-столешницы-пласт-декор-38мм-столешница-апельсин-пласт-декор-38-мм-1-группа-1175,countertop,"СТОЛЕШНИЦЫ ПЛАСТ-ДЕКОР 38мм: Столешница апельсин Пласт-Декор 38 мм 1 группа",lm,2590,"официальная цена · СТОЛЕШНИЦЫ, СТЕНОВЫЕ ПАНЕЛИ ПЛАСТ-ДЕКОР.pdf"
ren-столешницы-пласт-декор-38мм-столешница-негнущаяся-пласт-декор-38-мм-1-группа-1176,countertop,"СТОЛЕШНИЦЫ ПЛАСТ-ДЕКОР 38мм: Столешница негнущаяся Пласт-Декор 38 мм 1 группа",lm,2600,"официальная цена · СТОЛЕШНИЦЫ, СТЕНОВЫЕ ПАНЕЛИ ПЛАСТ-ДЕКОР.pdf"
ren-столешницы-пласт-декор-38мм-столешница-негнущаяся-пласт-декор-38-мм-2-группа-1177,countertop,"СТОЛЕШНИЦЫ ПЛАСТ-ДЕКОР 38мм: Столешница негнущаяся Пласт-Декор 38 мм 2 группа",lm,2770,"официальная цена · СТОЛЕШНИЦЫ, СТЕНОВЫЕ ПАНЕЛИ ПЛАСТ-ДЕКОР.pdf"
ren-столешницы-пласт-декор-38мм-столешница-пласт-декор-38-мм-1-группа-1178,countertop,"СТОЛЕШНИЦЫ ПЛАСТ-ДЕКОР 38мм: Столешница Пласт-Декор 38 мм 1 группа",lm,4590,"официальная цена · СТОЛЕШНИЦЫ, СТЕНОВЫЕ ПАНЕЛИ ПЛАСТ-ДЕКОР.pdf"
ren-столешницы-пласт-декор-38мм-столешница-пласт-декор-38-мм-2-группа-1179,countertop,"СТОЛЕШНИЦЫ ПЛАСТ-ДЕКОР 38мм: Столешница Пласт-Декор 38 мм 2 группа",lm,4590,"официальная цена · СТОЛЕШНИЦЫ, СТЕНОВЫЕ ПАНЕЛИ ПЛАСТ-ДЕКОР.pdf"
ren-столешницы-пласт-декор-38мм-столешница-пласт-декор-38-мм-3-группа-1180,countertop,"СТОЛЕШНИЦЫ ПЛАСТ-ДЕКОР 38мм: Столешница Пласт-Декор 38 мм 3 группа",lm,5170,"официальная цена · СТОЛЕШНИЦЫ, СТЕНОВЫЕ ПАНЕЛИ ПЛАСТ-ДЕКОР.pdf"
ren-столешницы-пласт-декор-38мм-столешница-пласт-декор-38-мм-4-группа-1181,countertop,"СТОЛЕШНИЦЫ ПЛАСТ-ДЕКОР 38мм: Столешница Пласт-Декор 38 мм 4 группа",lm,5660,"официальная цена · СТОЛЕШНИЦЫ, СТЕНОВЫЕ ПАНЕЛИ ПЛАСТ-ДЕКОР.pdf"
ren-столешницы-пласт-декор-38мм-столешница-пласт-декор-38-мм-6-группа-1182,countertop,"СТОЛЕШНИЦЫ ПЛАСТ-ДЕКОР 38мм: Столешница Пласт-Декор 38 мм 6 группа",lm,10170,"официальная цена · СТОЛЕШНИЦЫ, СТЕНОВЫЕ ПАНЕЛИ ПЛАСТ-ДЕКОР.pdf"
ren-столешницы-пласт-декор-38мм-столешница-пласт-декор-38-мм-новинки-2022-1183,countertop,"СТОЛЕШНИЦЫ ПЛАСТ-ДЕКОР 38мм: Столешница Пласт-Декор 38 мм Новинки 2022",lm,6330,"официальная цена · СТОЛЕШНИЦЫ, СТЕНОВЫЕ ПАНЕЛИ ПЛАСТ-ДЕКОР.pdf"
ren-столешницы-пласт-декор-38мм-столешница-пласт-декор-38-мм-ширина-более-600мм-1-гр-1184,countertop,"СТОЛЕШНИЦЫ ПЛАСТ-ДЕКОР 38мм: Столешница Пласт-Декор 38 мм ширина более 600мм 1 группа",m2,6910,"официальная цена · СТОЛЕШНИЦЫ, СТЕНОВЫЕ ПАНЕЛИ ПЛАСТ-ДЕКОР.pdf"
ren-столешницы-пласт-декор-38мм-столешница-пласт-декор-38-мм-ширина-более-600мм-2-гр-1185,countertop,"СТОЛЕШНИЦЫ ПЛАСТ-ДЕКОР 38мм: Столешница Пласт-Декор 38 мм ширина более 600мм 2 группа",m2,7400,"официальная цена · СТОЛЕШНИЦЫ, СТЕНОВЫЕ ПАНЕЛИ ПЛАСТ-ДЕКОР.pdf"
ren-столешницы-пласт-декор-38мм-столешница-пласт-декор-38-мм-ширина-более-600мм-3-гр-1186,countertop,"СТОЛЕШНИЦЫ ПЛАСТ-ДЕКОР 38мм: Столешница Пласт-Декор 38 мм ширина более 600мм 3 группа",m2,7810,"официальная цена · СТОЛЕШНИЦЫ, СТЕНОВЫЕ ПАНЕЛИ ПЛАСТ-ДЕКОР.pdf"
ren-столешницы-пласт-декор-38мм-столешница-пласт-декор-38-мм-ширина-более-600мм-4-гр-1187,countertop,"СТОЛЕШНИЦЫ ПЛАСТ-ДЕКОР 38мм: Столешница Пласт-Декор 38 мм ширина более 600мм 4 группа",m2,8560,"официальная цена · СТОЛЕШНИЦЫ, СТЕНОВЫЕ ПАНЕЛИ ПЛАСТ-ДЕКОР.pdf"
ren-столешницы-пласт-декор-38мм-столешница-пласт-декор-38-мм-ширина-более-600мм-6-гр-1188,countertop,"СТОЛЕШНИЦЫ ПЛАСТ-ДЕКОР 38мм: Столешница Пласт-Декор 38 мм ширина более 600мм 6 группа",m2,15500,"официальная цена · СТОЛЕШНИЦЫ, СТЕНОВЫЕ ПАНЕЛИ ПЛАСТ-ДЕКОР.pdf"
ren-столешницы-пласт-декор-38мм-столешница-пласт-декор-38-мм-ширина-более-600мм-нови-1189,countertop,"СТОЛЕШНИЦЫ ПЛАСТ-ДЕКОР 38мм: Столешница Пласт-Декор 38 мм ширина более 600мм Новинки 2022",m2,5030,"официальная цена · СТОЛЕШНИЦЫ, СТЕНОВЫЕ ПАНЕЛИ ПЛАСТ-ДЕКОР.pdf"
ren-столешницы-пласт-декор-38мм-столешница-угол-пласт-декор-800х800-38мм-1-группа-1190,countertop,"СТОЛЕШНИЦЫ ПЛАСТ-ДЕКОР 38мм: Столешница-угол Пласт-Декор 800х800 38мм 1 группа",pcs,7040,"официальная цена · СТОЛЕШНИЦЫ, СТЕНОВЫЕ ПАНЕЛИ ПЛАСТ-ДЕКОР.pdf"
ren-столешницы-пласт-декор-38мм-столешница-угол-пласт-декор-800х800-38мм-2-группа-1191,countertop,"СТОЛЕШНИЦЫ ПЛАСТ-ДЕКОР 38мм: Столешница-угол Пласт-Декор 800х800 38мм 2 группа",pcs,7730,"официальная цена · СТОЛЕШНИЦЫ, СТЕНОВЫЕ ПАНЕЛИ ПЛАСТ-ДЕКОР.pdf"
ren-столешницы-пласт-декор-38мм-столешница-угол-пласт-декор-800х800-38мм-3-группа-1192,countertop,"СТОЛЕШНИЦЫ ПЛАСТ-ДЕКОР 38мм: Столешница-угол Пласт-Декор 800х800 38мм 3 группа",pcs,8320,"официальная цена · СТОЛЕШНИЦЫ, СТЕНОВЫЕ ПАНЕЛИ ПЛАСТ-ДЕКОР.pdf"
ren-столешницы-пласт-декор-38мм-столешница-угол-пласт-декор-800х800-38мм-4-группа-1193,countertop,"СТОЛЕШНИЦЫ ПЛАСТ-ДЕКОР 38мм: Столешница-угол Пласт-Декор 800х800 38мм 4 группа",pcs,9400,"официальная цена · СТОЛЕШНИЦЫ, СТЕНОВЫЕ ПАНЕЛИ ПЛАСТ-ДЕКОР.pdf"
ren-столешницы-пласт-декор-38мм-столешница-угол-пласт-декор-900х900-38мм-1-группа-1194,countertop,"СТОЛЕШНИЦЫ ПЛАСТ-ДЕКОР 38мм: Столешница-угол Пласт-Декор 900х900 38мм 1 группа",pcs,8420,"официальная цена · СТОЛЕШНИЦЫ, СТЕНОВЫЕ ПАНЕЛИ ПЛАСТ-ДЕКОР.pdf"
ren-столешницы-пласт-декор-38мм-столешница-угол-пласт-декор-900х900-38мм-2-группа-1195,countertop,"СТОЛЕШНИЦЫ ПЛАСТ-ДЕКОР 38мм: Столешница-угол Пласт-Декор 900х900 38мм 2 группа",pcs,9250,"официальная цена · СТОЛЕШНИЦЫ, СТЕНОВЫЕ ПАНЕЛИ ПЛАСТ-ДЕКОР.pdf"
ren-столешницы-пласт-декор-38мм-столешница-угол-пласт-декор-900х900-38мм-3-группа-1196,countertop,"СТОЛЕШНИЦЫ ПЛАСТ-ДЕКОР 38мм: Столешница-угол Пласт-Декор 900х900 38мм 3 группа",pcs,9960,"официальная цена · СТОЛЕШНИЦЫ, СТЕНОВЫЕ ПАНЕЛИ ПЛАСТ-ДЕКОР.pdf"
ren-столешницы-пласт-декор-38мм-столешница-угол-пласт-декор-900х900-38мм-4-группа-1197,countertop,"СТОЛЕШНИЦЫ ПЛАСТ-ДЕКОР 38мм: Столешница-угол Пласт-Декор 900х900 38мм 4 группа",pcs,11260,"официальная цена · СТОЛЕШНИЦЫ, СТЕНОВЫЕ ПАНЕЛИ ПЛАСТ-ДЕКОР.pdf"
ren-столешницы-пласт-декор-19мм-столешница-пласт-декор-19-мм-1-группа-1198,countertop,"СТОЛЕШНИЦЫ ПЛАСТ-ДЕКОР 19мм: Столешница Пласт-Декор 19 мм 1 группа",lm,4770,"официальная цена · СТОЛЕШНИЦЫ, СТЕНОВЫЕ ПАНЕЛИ ПЛАСТ-ДЕКОР.pdf"
ren-столешницы-пласт-декор-19мм-столешница-пласт-декор-19-мм-2-группа-1199,countertop,"СТОЛЕШНИЦЫ ПЛАСТ-ДЕКОР 19мм: Столешница Пласт-Декор 19 мм 2 группа",lm,5080,"официальная цена · СТОЛЕШНИЦЫ, СТЕНОВЫЕ ПАНЕЛИ ПЛАСТ-ДЕКОР.pdf"
ren-столешницы-пласт-декор-19мм-столешница-пласт-декор-19-мм-3-группа-1200,countertop,"СТОЛЕШНИЦЫ ПЛАСТ-ДЕКОР 19мм: Столешница Пласт-Декор 19 мм 3 группа",lm,3010,"официальная цена · СТОЛЕШНИЦЫ, СТЕНОВЫЕ ПАНЕЛИ ПЛАСТ-ДЕКОР.pdf"
ren-столешницы-пласт-декор-19мм-столешница-пласт-декор-19-мм-5-группа-1201,countertop,"СТОЛЕШНИЦЫ ПЛАСТ-ДЕКОР 19мм: Столешница Пласт-Декор 19 мм 5 группа",lm,7310,"официальная цена · СТОЛЕШНИЦЫ, СТЕНОВЫЕ ПАНЕЛИ ПЛАСТ-ДЕКОР.pdf"
ren-столешницы-пласт-декор-19мм-столешница-пласт-декор-19-мм-6-группа-1202,countertop,"СТОЛЕШНИЦЫ ПЛАСТ-ДЕКОР 19мм: Столешница Пласт-Декор 19 мм 6 группа",lm,10250,"официальная цена · СТОЛЕШНИЦЫ, СТЕНОВЫЕ ПАНЕЛИ ПЛАСТ-ДЕКОР.pdf"
ren-столешницы-пласт-декор-19мм-столешница-пласт-декор-19-мм-ширина-более-600мм-2-гр-1203,countertop,"СТОЛЕШНИЦЫ ПЛАСТ-ДЕКОР 19мм: Столешница Пласт-Декор 19 мм ширина более 600мм 2 группа",m2,9790,"официальная цена · СТОЛЕШНИЦЫ, СТЕНОВЫЕ ПАНЕЛИ ПЛАСТ-ДЕКОР.pdf"
ren-столешницы-пласт-декор-19мм-столешница-пласт-декор-19-мм-ширина-более-600мм-3-гр-1204,countertop,"СТОЛЕШНИЦЫ ПЛАСТ-ДЕКОР 19мм: Столешница Пласт-Декор 19 мм ширина более 600мм 3 группа",m2,10340,"официальная цена · СТОЛЕШНИЦЫ, СТЕНОВЫЕ ПАНЕЛИ ПЛАСТ-ДЕКОР.pdf"
ren-столешницы-пласт-декор-19мм-столешница-пласт-декор-19-мм-ширина-более-600мм-5-гр-1205,countertop,"СТОЛЕШНИЦЫ ПЛАСТ-ДЕКОР 19мм: Столешница Пласт-Декор 19 мм ширина более 600мм 5 группа",m2,14240,"официальная цена · СТОЛЕШНИЦЫ, СТЕНОВЫЕ ПАНЕЛИ ПЛАСТ-ДЕКОР.pdf"
ren-столешницы-пласт-декор-19мм-столешница-пласт-декор-19-мм-ширина-более-600мм-6-гр-1206,countertop,"СТОЛЕШНИЦЫ ПЛАСТ-ДЕКОР 19мм: Столешница Пласт-Декор 19 мм ширина более 600мм 6 группа",m2,20130,"официальная цена · СТОЛЕШНИЦЫ, СТЕНОВЫЕ ПАНЕЛИ ПЛАСТ-ДЕКОР.pdf"
ren-стеновые-панели-пласт-декор-стеновая-панель-пласт-декор-1-группа-1207,countertop,"СТЕНОВЫЕ ПАНЕЛИ ПЛАСТ-ДЕКОР: Стеновая панель Пласт-Декор 1 группа",pcs,4460,"официальная цена · СТОЛЕШНИЦЫ, СТЕНОВЫЕ ПАНЕЛИ ПЛАСТ-ДЕКОР.pdf"
ren-стеновые-панели-пласт-декор-стеновая-панель-пласт-декор-2-группа-1208,countertop,"СТЕНОВЫЕ ПАНЕЛИ ПЛАСТ-ДЕКОР: Стеновая панель Пласт-Декор 2 группа",pcs,5000,"официальная цена · СТОЛЕШНИЦЫ, СТЕНОВЫЕ ПАНЕЛИ ПЛАСТ-ДЕКОР.pdf"
ren-стеновые-панели-пласт-декор-стеновая-панель-пласт-декор-3-группа-1209,countertop,"СТЕНОВЫЕ ПАНЕЛИ ПЛАСТ-ДЕКОР: Стеновая панель Пласт-Декор 3 группа",pcs,5530,"официальная цена · СТОЛЕШНИЦЫ, СТЕНОВЫЕ ПАНЕЛИ ПЛАСТ-ДЕКОР.pdf"
ren-стеновые-панели-пласт-декор-стеновая-панель-пласт-декор-4-группа-1210,countertop,"СТЕНОВЫЕ ПАНЕЛИ ПЛАСТ-ДЕКОР: Стеновая панель Пласт-Декор 4 группа",pcs,6500,"официальная цена · СТОЛЕШНИЦЫ, СТЕНОВЫЕ ПАНЕЛИ ПЛАСТ-ДЕКОР.pdf"
ren-стеновые-панели-пласт-декор-стеновая-панель-пласт-декор-6-группа-1211,countertop,"СТЕНОВЫЕ ПАНЕЛИ ПЛАСТ-ДЕКОР: Стеновая панель Пласт-Декор 6 группа",pcs,8280,"официальная цена · СТОЛЕШНИЦЫ, СТЕНОВЫЕ ПАНЕЛИ ПЛАСТ-ДЕКОР.pdf"
ren-стеновые-панели-пласт-декор-стеновая-панель-пласт-декор-коррунд-1212,countertop,"СТЕНОВЫЕ ПАНЕЛИ ПЛАСТ-ДЕКОР: Стеновая панель Пласт-Декор Коррунд",pcs,5710,"официальная цена · СТОЛЕШНИЦЫ, СТЕНОВЫЕ ПАНЕЛИ ПЛАСТ-ДЕКОР.pdf"
ren-столешницы-ренессанс-28мм-столешница-ренессанс-28-мм-1-группа-1213,countertop,"СТОЛЕШНИЦЫ РЕНЕССАНС 28мм: Столешница Ренессанс 28 мм 1 группа",lm,2880,"официальная цена · СТОЛЕШНИЦЫ, СТЕНОВЫЕ ПАНЕЛИ РЕНЕССАНС.pdf"
ren-столешницы-ренессанс-28мм-столешница-ренессанс-28-мм-2-группа-1214,countertop,"СТОЛЕШНИЦЫ РЕНЕССАНС 28мм: Столешница Ренессанс 28 мм 2 группа",lm,3120,"официальная цена · СТОЛЕШНИЦЫ, СТЕНОВЫЕ ПАНЕЛИ РЕНЕССАНС.pdf"
ren-столешницы-ренессанс-28мм-столешница-ренессанс-28-мм-3-группа-1215,countertop,"СТОЛЕШНИЦЫ РЕНЕССАНС 28мм: Столешница Ренессанс 28 мм 3 группа",lm,3520,"официальная цена · СТОЛЕШНИЦЫ, СТЕНОВЫЕ ПАНЕЛИ РЕНЕССАНС.pdf"
ren-столешницы-ренессанс-28мм-столешница-ренессанс-28-мм-4-группа-1216,countertop,"СТОЛЕШНИЦЫ РЕНЕССАНС 28мм: Столешница Ренессанс 28 мм 4 группа",lm,4010,"официальная цена · СТОЛЕШНИЦЫ, СТЕНОВЫЕ ПАНЕЛИ РЕНЕССАНС.pdf"
ren-столешницы-ренессанс-28мм-столешница-ренессанс-28-мм-5-группа-1217,countertop,"СТОЛЕШНИЦЫ РЕНЕССАНС 28мм: Столешница Ренессанс 28 мм 5 группа",lm,4820,"официальная цена · СТОЛЕШНИЦЫ, СТЕНОВЫЕ ПАНЕЛИ РЕНЕССАНС.pdf"
ren-столешницы-ренессанс-38мм-столешница-ренессанс-38-мм-1-группа-1218,countertop,"СТОЛЕШНИЦЫ РЕНЕССАНС 38мм: Столешница Ренессанс 38 мм 1 группа",lm,3660,"официальная цена · СТОЛЕШНИЦЫ, СТЕНОВЫЕ ПАНЕЛИ РЕНЕССАНС.pdf"
ren-столешницы-ренессанс-38мм-столешница-ренессанс-38-мм-2-группа-1219,countertop,"СТОЛЕШНИЦЫ РЕНЕССАНС 38мм: Столешница Ренессанс 38 мм 2 группа",lm,3810,"официальная цена · СТОЛЕШНИЦЫ, СТЕНОВЫЕ ПАНЕЛИ РЕНЕССАНС.pdf"
ren-столешницы-ренессанс-38мм-столешница-ренессанс-38-мм-3-группа-1220,countertop,"СТОЛЕШНИЦЫ РЕНЕССАНС 38мм: Столешница Ренессанс 38 мм 3 группа",lm,4300,"официальная цена · СТОЛЕШНИЦЫ, СТЕНОВЫЕ ПАНЕЛИ РЕНЕССАНС.pdf"
ren-столешницы-ренессанс-38мм-столешница-ренессанс-38-мм-4-группа-1221,countertop,"СТОЛЕШНИЦЫ РЕНЕССАНС 38мм: Столешница Ренессанс 38 мм 4 группа",lm,4980,"официальная цена · СТОЛЕШНИЦЫ, СТЕНОВЫЕ ПАНЕЛИ РЕНЕССАНС.pdf"
ren-столешницы-ренессанс-38мм-столешница-ренессанс-38-мм-5-группа-1222,countertop,"СТОЛЕШНИЦЫ РЕНЕССАНС 38мм: Столешница Ренессанс 38 мм 5 группа",lm,5700,"официальная цена · СТОЛЕШНИЦЫ, СТЕНОВЫЕ ПАНЕЛИ РЕНЕССАНС.pdf"
ren-столешницы-ренессанс-38мм-4-метра-столешница-ренессанс-38-мм-1-группа-4-м-1223,countertop,"СТОЛЕШНИЦЫ РЕНЕССАНС 38мм (4 метра): Столешница Ренессанс 38 мм 1 группа (4 м)",lm,5220,"официальная цена · СТОЛЕШНИЦЫ, СТЕНОВЫЕ ПАНЕЛИ РЕНЕССАНС.pdf"
ren-столешницы-ренессанс-38мм-4-метра-столешница-ренессанс-38-мм-2-группа-4-м-1224,countertop,"СТОЛЕШНИЦЫ РЕНЕССАНС 38мм (4 метра): Столешница Ренессанс 38 мм 2 группа (4 м)",lm,5390,"официальная цена · СТОЛЕШНИЦЫ, СТЕНОВЫЕ ПАНЕЛИ РЕНЕССАНС.pdf"
ren-столешницы-ренессанс-38мм-4-метра-столешница-ренессанс-38-мм-3-группа-4-м-1225,countertop,"СТОЛЕШНИЦЫ РЕНЕССАНС 38мм (4 метра): Столешница Ренессанс 38 мм 3 группа (4 м)",lm,5910,"официальная цена · СТОЛЕШНИЦЫ, СТЕНОВЫЕ ПАНЕЛИ РЕНЕССАНС.pdf"
ren-столешницы-ренессанс-38мм-4-метра-столешница-ренессанс-38-мм-4-группа-4-м-1226,countertop,"СТОЛЕШНИЦЫ РЕНЕССАНС 38мм (4 метра): Столешница Ренессанс 38 мм 4 группа (4 м)",lm,6430,"официальная цена · СТОЛЕШНИЦЫ, СТЕНОВЫЕ ПАНЕЛИ РЕНЕССАНС.pdf"
ren-стеновые-панели-ренессанс-стеновая-панель-ренессанс-1-группа-1227,countertop,"СТЕНОВЫЕ ПАНЕЛИ РЕНЕССАНС: Стеновая панель Ренессанс 1 группа",pcs,3940,"официальная цена · СТОЛЕШНИЦЫ, СТЕНОВЫЕ ПАНЕЛИ РЕНЕССАНС.pdf"
ren-стеновые-панели-ренессанс-стеновая-панель-ренессанс-2-группа-1228,countertop,"СТЕНОВЫЕ ПАНЕЛИ РЕНЕССАНС: Стеновая панель Ренессанс 2 группа",pcs,4290,"официальная цена · СТОЛЕШНИЦЫ, СТЕНОВЫЕ ПАНЕЛИ РЕНЕССАНС.pdf"
ren-стеновые-панели-ренессанс-стеновая-панель-ренессанс-3-группа-1229,countertop,"СТЕНОВЫЕ ПАНЕЛИ РЕНЕССАНС: Стеновая панель Ренессанс 3 группа",pcs,4810,"официальная цена · СТОЛЕШНИЦЫ, СТЕНОВЫЕ ПАНЕЛИ РЕНЕССАНС.pdf"
ren-стеновые-панели-ренессанс-стеновая-панель-ренессанс-4-группа-1230,countertop,"СТЕНОВЫЕ ПАНЕЛИ РЕНЕССАНС: Стеновая панель Ренессанс 4 группа",pcs,5510,"официальная цена · СТОЛЕШНИЦЫ, СТЕНОВЫЕ ПАНЕЛИ РЕНЕССАНС.pdf"
ren-столешницы-славянка-28мм-столешница-славянка-28-мм-1-группа-1231,countertop,"СТОЛЕШНИЦЫ СЛАВЯНКА 28мм: Столешница Славянка 28 мм 1 группа",lm,2960,"официальная цена · СТОЛЕШНИЦЫ, СТЕНОВЫЕ ПАНЕЛИ СЛАВЯНКА.pdf"
ren-столешницы-славянка-28мм-столешница-славянка-28-мм-2-группа-1232,countertop,"СТОЛЕШНИЦЫ СЛАВЯНКА 28мм: Столешница Славянка 28 мм 2 группа",lm,3120,"официальная цена · СТОЛЕШНИЦЫ, СТЕНОВЫЕ ПАНЕЛИ СЛАВЯНКА.pdf"
ren-столешницы-славянка-28мм-столешница-славянка-28-мм-3-группа-1233,countertop,"СТОЛЕШНИЦЫ СЛАВЯНКА 28мм: Столешница Славянка 28 мм 3 группа",lm,3600,"официальная цена · СТОЛЕШНИЦЫ, СТЕНОВЫЕ ПАНЕЛИ СЛАВЯНКА.pdf"
ren-столешницы-славянка-28мм-столешница-славянка-28-мм-4-группа-1234,countertop,"СТОЛЕШНИЦЫ СЛАВЯНКА 28мм: Столешница Славянка 28 мм 4 группа",lm,4230,"официальная цена · СТОЛЕШНИЦЫ, СТЕНОВЫЕ ПАНЕЛИ СЛАВЯНКА.pdf"
ren-столешницы-славянка-28мм-столешница-славянка-28-мм-ширина-более-600мм-1-группа-1235,countertop,"СТОЛЕШНИЦЫ СЛАВЯНКА 28мм: Столешница Славянка 28 мм ширина более 600мм 1 группа",m2,4640,"официальная цена · СТОЛЕШНИЦЫ, СТЕНОВЫЕ ПАНЕЛИ СЛАВЯНКА.pdf"
ren-столешницы-славянка-28мм-столешница-славянка-28-мм-ширина-более-600мм-2-группа-1236,countertop,"СТОЛЕШНИЦЫ СЛАВЯНКА 28мм: Столешница Славянка 28 мм ширина более 600мм 2 группа",m2,5020,"официальная цена · СТОЛЕШНИЦЫ, СТЕНОВЫЕ ПАНЕЛИ СЛАВЯНКА.pdf"
ren-столешницы-славянка-28мм-столешница-славянка-28-мм-ширина-более-600мм-3-группа-1237,countertop,"СТОЛЕШНИЦЫ СЛАВЯНКА 28мм: Столешница Славянка 28 мм ширина более 600мм 3 группа",m2,5870,"официальная цена · СТОЛЕШНИЦЫ, СТЕНОВЫЕ ПАНЕЛИ СЛАВЯНКА.pdf"
ren-столешницы-славянка-28мм-столешница-славянка-28-мм-ширина-более-600мм-4-группа-1238,countertop,"СТОЛЕШНИЦЫ СЛАВЯНКА 28мм: Столешница Славянка 28 мм ширина более 600мм 4 группа",m2,7250,"официальная цена · СТОЛЕШНИЦЫ, СТЕНОВЫЕ ПАНЕЛИ СЛАВЯНКА.pdf"
ren-столешницы-славянка-28мм-столешница-угол-славянка-800х800-28мм-1-группа-1239,countertop,"СТОЛЕШНИЦЫ СЛАВЯНКА 28мм: Столешница-угол Славянка 800х800 28мм 1 группа",pcs,4600,"официальная цена · СТОЛЕШНИЦЫ, СТЕНОВЫЕ ПАНЕЛИ СЛАВЯНКА.pdf"
ren-столешницы-славянка-28мм-столешница-угол-славянка-800х800-28мм-2-группа-1240,countertop,"СТОЛЕШНИЦЫ СЛАВЯНКА 28мм: Столешница-угол Славянка 800х800 28мм 2 группа",pcs,4790,"официальная цена · СТОЛЕШНИЦЫ, СТЕНОВЫЕ ПАНЕЛИ СЛАВЯНКА.pdf"
ren-столешницы-славянка-28мм-столешница-угол-славянка-800х800-28мм-3-группа-1241,countertop,"СТОЛЕШНИЦЫ СЛАВЯНКА 28мм: Столешница-угол Славянка 800х800 28мм 3 группа",pcs,5160,"официальная цена · СТОЛЕШНИЦЫ, СТЕНОВЫЕ ПАНЕЛИ СЛАВЯНКА.pdf"
ren-столешницы-славянка-28мм-столешница-угол-славянка-800х800-28мм-4-группа-1242,countertop,"СТОЛЕШНИЦЫ СЛАВЯНКА 28мм: Столешница-угол Славянка 800х800 28мм 4 группа",pcs,5720,"официальная цена · СТОЛЕШНИЦЫ, СТЕНОВЫЕ ПАНЕЛИ СЛАВЯНКА.pdf"
ren-столешницы-славянка-28мм-столешница-угол-славянка-900х900-28мм-1-группа-1243,countertop,"СТОЛЕШНИЦЫ СЛАВЯНКА 28мм: Столешница-угол Славянка 900х900 28мм 1 группа",pcs,5720,"официальная цена · СТОЛЕШНИЦЫ, СТЕНОВЫЕ ПАНЕЛИ СЛАВЯНКА.pdf"
ren-столешницы-славянка-28мм-столешница-угол-славянка-900х900-28мм-2-группа-1244,countertop,"СТОЛЕШНИЦЫ СЛАВЯНКА 28мм: Столешница-угол Славянка 900х900 28мм 2 группа",pcs,5910,"официальная цена · СТОЛЕШНИЦЫ, СТЕНОВЫЕ ПАНЕЛИ СЛАВЯНКА.pdf"
ren-столешницы-славянка-28мм-столешница-угол-славянка-900х900-28мм-3-группа-1245,countertop,"СТОЛЕШНИЦЫ СЛАВЯНКА 28мм: Столешница-угол Славянка 900х900 28мм 3 группа",pcs,6500,"официальная цена · СТОЛЕШНИЦЫ, СТЕНОВЫЕ ПАНЕЛИ СЛАВЯНКА.pdf"
ren-столешницы-славянка-28мм-столешница-угол-славянка-900х900-28мм-4-группа-1246,countertop,"СТОЛЕШНИЦЫ СЛАВЯНКА 28мм: Столешница-угол Славянка 900х900 28мм 4 группа",pcs,7280,"официальная цена · СТОЛЕШНИЦЫ, СТЕНОВЫЕ ПАНЕЛИ СЛАВЯНКА.pdf"
ren-столешницы-славянка-38мм-столешница-славянка-38-мм-1-группа-1247,countertop,"СТОЛЕШНИЦЫ СЛАВЯНКА 38мм: Столешница Славянка 38 мм 1 группа",lm,3850,"официальная цена · СТОЛЕШНИЦЫ, СТЕНОВЫЕ ПАНЕЛИ СЛАВЯНКА.pdf"
ren-столешницы-славянка-38мм-столешница-славянка-38-мм-1-группа-4м-1248,countertop,"СТОЛЕШНИЦЫ СЛАВЯНКА 38мм: Столешница Славянка 38 мм 1 группа (4м)",lm,5370,"официальная цена · СТОЛЕШНИЦЫ, СТЕНОВЫЕ ПАНЕЛИ СЛАВЯНКА.pdf"
ren-столешницы-славянка-38мм-столешница-славянка-38-мм-2-группа-1249,countertop,"СТОЛЕШНИЦЫ СЛАВЯНКА 38мм: Столешница Славянка 38 мм 2 группа",lm,4010,"официальная цена · СТОЛЕШНИЦЫ, СТЕНОВЫЕ ПАНЕЛИ СЛАВЯНКА.pdf"
ren-столешницы-славянка-38мм-столешница-славянка-38-мм-2-группа-4м-1250,countertop,"СТОЛЕШНИЦЫ СЛАВЯНКА 38мм: Столешница Славянка 38 мм 2 группа (4м)",lm,3090,"официальная цена · СТОЛЕШНИЦЫ, СТЕНОВЫЕ ПАНЕЛИ СЛАВЯНКА.pdf"
ren-столешницы-славянка-38мм-столешница-славянка-38-мм-3-группа-1251,countertop,"СТОЛЕШНИЦЫ СЛАВЯНКА 38мм: Столешница Славянка 38 мм 3 группа",lm,4490,"официальная цена · СТОЛЕШНИЦЫ, СТЕНОВЫЕ ПАНЕЛИ СЛАВЯНКА.pdf"
ren-столешницы-славянка-38мм-столешница-славянка-38-мм-3-группа-4м-1252,countertop,"СТОЛЕШНИЦЫ СЛАВЯНКА 38мм: Столешница Славянка 38 мм 3 группа (4м)",lm,6300,"официальная цена · СТОЛЕШНИЦЫ, СТЕНОВЫЕ ПАНЕЛИ СЛАВЯНКА.pdf"
ren-столешницы-славянка-38мм-столешница-славянка-38-мм-4-группа-1253,countertop,"СТОЛЕШНИЦЫ СЛАВЯНКА 38мм: Столешница Славянка 38 мм 4 группа",lm,5280,"официальная цена · СТОЛЕШНИЦЫ, СТЕНОВЫЕ ПАНЕЛИ СЛАВЯНКА.pdf"
ren-столешницы-славянка-38мм-столешница-славянка-38-мм-4-группа-4-м-1254,countertop,"СТОЛЕШНИЦЫ СЛАВЯНКА 38мм: Столешница Славянка 38 мм 4 группа (4 м)",lm,3810,"официальная цена · СТОЛЕШНИЦЫ, СТЕНОВЫЕ ПАНЕЛИ СЛАВЯНКА.pdf"
ren-столешницы-славянка-38мм-столешница-славянка-38-мм-ширина-более-600мм-1-группа-1255,countertop,"СТОЛЕШНИЦЫ СЛАВЯНКА 38мм: Столешница Славянка 38 мм ширина более 600мм 1 группа",m2,6350,"официальная цена · СТОЛЕШНИЦЫ, СТЕНОВЫЕ ПАНЕЛИ СЛАВЯНКА.pdf"
ren-столешницы-славянка-38мм-столешница-славянка-38-мм-ширина-более-600мм-2-группа-1256,countertop,"СТОЛЕШНИЦЫ СЛАВЯНКА 38мм: Столешница Славянка 38 мм ширина более 600мм 2 группа",m2,6720,"официальная цена · СТОЛЕШНИЦЫ, СТЕНОВЫЕ ПАНЕЛИ СЛАВЯНКА.pdf"
ren-столешницы-славянка-38мм-столешница-славянка-38-мм-ширина-более-600мм-3-группа-1257,countertop,"СТОЛЕШНИЦЫ СЛАВЯНКА 38мм: Столешница Славянка 38 мм ширина более 600мм 3 группа",m2,7650,"официальная цена · СТОЛЕШНИЦЫ, СТЕНОВЫЕ ПАНЕЛИ СЛАВЯНКА.pdf"
ren-столешницы-славянка-38мм-столешница-славянка-38-мм-ширина-более-600мм-4-группа-1258,countertop,"СТОЛЕШНИЦЫ СЛАВЯНКА 38мм: Столешница Славянка 38 мм ширина более 600мм 4 группа",m2,8950,"официальная цена · СТОЛЕШНИЦЫ, СТЕНОВЫЕ ПАНЕЛИ СЛАВЯНКА.pdf"
ren-столешницы-славянка-38мм-столешница-угол-славянка-800х800-38мм-1-группа-1259,countertop,"СТОЛЕШНИЦЫ СЛАВЯНКА 38мм: Столешница-угол Славянка 800х800 38мм 1 группа",pcs,7040,"официальная цена · СТОЛЕШНИЦЫ, СТЕНОВЫЕ ПАНЕЛИ СЛАВЯНКА.pdf"
ren-столешницы-славянка-38мм-столешница-угол-славянка-800х800-38мм-2-группа-1260,countertop,"СТОЛЕШНИЦЫ СЛАВЯНКА 38мм: Столешница-угол Славянка 800х800 38мм 2 группа",pcs,7230,"официальная цена · СТОЛЕШНИЦЫ, СТЕНОВЫЕ ПАНЕЛИ СЛАВЯНКА.pdf"
ren-столешницы-славянка-38мм-столешница-угол-славянка-800х800-38мм-3-группа-1261,countertop,"СТОЛЕШНИЦЫ СЛАВЯНКА 38мм: Столешница-угол Славянка 800х800 38мм 3 группа",pcs,7790,"официальная цена · СТОЛЕШНИЦЫ, СТЕНОВЫЕ ПАНЕЛИ СЛАВЯНКА.pdf"
ren-столешницы-славянка-38мм-столешница-угол-славянка-800х800-38мм-4-группа-1262,countertop,"СТОЛЕШНИЦЫ СЛАВЯНКА 38мм: Столешница-угол Славянка 800х800 38мм 4 группа",pcs,8340,"официальная цена · СТОЛЕШНИЦЫ, СТЕНОВЫЕ ПАНЕЛИ СЛАВЯНКА.pdf"
ren-столешницы-славянка-38мм-столешница-угол-славянка-900х900-38мм-1-группа-1263,countertop,"СТОЛЕШНИЦЫ СЛАВЯНКА 38мм: Столешница-угол Славянка 900х900 38мм 1 группа",pcs,8160,"официальная цена · СТОЛЕШНИЦЫ, СТЕНОВЫЕ ПАНЕЛИ СЛАВЯНКА.pdf"
ren-столешницы-славянка-38мм-столешница-угол-славянка-900х900-38мм-2-группа-1264,countertop,"СТОЛЕШНИЦЫ СЛАВЯНКА 38мм: Столешница-угол Славянка 900х900 38мм 2 группа",pcs,8340,"официальная цена · СТОЛЕШНИЦЫ, СТЕНОВЫЕ ПАНЕЛИ СЛАВЯНКА.pdf"
ren-столешницы-славянка-38мм-столешница-угол-славянка-900х900-38мм-3-группа-1265,countertop,"СТОЛЕШНИЦЫ СЛАВЯНКА 38мм: Столешница-угол Славянка 900х900 38мм 3 группа",pcs,9120,"официальная цена · СТОЛЕШНИЦЫ, СТЕНОВЫЕ ПАНЕЛИ СЛАВЯНКА.pdf"
ren-столешницы-славянка-38мм-столешница-угол-славянка-900х900-38мм-4-группа-1266,countertop,"СТОЛЕШНИЦЫ СЛАВЯНКА 38мм: Столешница-угол Славянка 900х900 38мм 4 группа",pcs,9910,"официальная цена · СТОЛЕШНИЦЫ, СТЕНОВЫЕ ПАНЕЛИ СЛАВЯНКА.pdf"
ren-стеновые-панели-славянка-стеновая-панель-славянка-1-группа-1267,countertop,"СТЕНОВЫЕ ПАНЕЛИ СЛАВЯНКА: Стеновая панель Славянка 1 группа",pcs,4290,"официальная цена · СТОЛЕШНИЦЫ, СТЕНОВЫЕ ПАНЕЛИ СЛАВЯНКА.pdf"
ren-стеновые-панели-славянка-стеновая-панель-славянка-2-группа-1268,countertop,"СТЕНОВЫЕ ПАНЕЛИ СЛАВЯНКА: Стеновая панель Славянка 2 группа",pcs,4640,"официальная цена · СТОЛЕШНИЦЫ, СТЕНОВЫЕ ПАНЕЛИ СЛАВЯНКА.pdf"
ren-стеновые-панели-славянка-стеновая-панель-славянка-3-группа-1269,countertop,"СТЕНОВЫЕ ПАНЕЛИ СЛАВЯНКА: Стеновая панель Славянка 3 группа",pcs,5160,"официальная цена · СТОЛЕШНИЦЫ, СТЕНОВЫЕ ПАНЕЛИ СЛАВЯНКА.pdf"
ren-стеновые-панели-славянка-стеновая-панель-славянка-4-группа-1270,countertop,"СТЕНОВЫЕ ПАНЕЛИ СЛАВЯНКА: Стеновая панель Славянка 4 группа",pcs,6210,"официальная цена · СТОЛЕШНИЦЫ, СТЕНОВЫЕ ПАНЕЛИ СЛАВЯНКА.pdf"
ren-столешницы-стеновые-панели-прочие-еврозапил-для-столешницы-1271,countertop,"СТОЛЕШНИЦЫ, СТЕНОВЫЕ ПАНЕЛИ ПРОЧИЕ: Еврозапил для столешницы",pcs,1350,"официальная цена · СТОЛЕШНИЦЫ, СТЕНОВЫЕ ПАНЕЛИ.pdf"
ren-столешницы-стеновые-панели-прочие-стеновая-панель-с-фотопечатью-1272,countertop,"СТОЛЕШНИЦЫ, СТЕНОВЫЕ ПАНЕЛИ ПРОЧИЕ: Стеновая панель с фотопечатью",pcs,3000,"официальная цена · СТОЛЕШНИЦЫ, СТЕНОВЫЕ ПАНЕЛИ.pdf"
ren-столешницы-стеновые-панели-прочие-стеновая-панель-с-фотопечатью-на-хдф-глянцевая-1273,countertop,"СТОЛЕШНИЦЫ, СТЕНОВЫЕ ПАНЕЛИ ПРОЧИЕ: Стеновая панель с фотопечатью на ХДФ глянцевая",pcs,3000,"официальная цена · СТОЛЕШНИЦЫ, СТЕНОВЫЕ ПАНЕЛИ.pdf"
ren-столешницы-стеновые-панели-прочие-стеновая-панель-с-фотопечатью-на-хдф-матовая-1274,countertop,"СТОЛЕШНИЦЫ, СТЕНОВЫЕ ПАНЕЛИ ПРОЧИЕ: Стеновая панель с фотопечатью на ХДФ матовая",pcs,2900,"официальная цена · СТОЛЕШНИЦЫ, СТЕНОВЫЕ ПАНЕЛИ.pdf"
ren-столешницы-стеновые-панели-прочие-столешница-росток-глянц-28-мм-1275,countertop,"СТОЛЕШНИЦЫ, СТЕНОВЫЕ ПАНЕЛИ ПРОЧИЕ: Столешница Росток глянц 28 мм",lm,3110,"официальная цена · СТОЛЕШНИЦЫ, СТЕНОВЫЕ ПАНЕЛИ.pdf"
ren-столешницы-стеновые-панели-прочие-столешница-росток-глянц-38-мм-1276,countertop,"СТОЛЕШНИЦЫ, СТЕНОВЫЕ ПАНЕЛИ ПРОЧИЕ: Столешница Росток глянц 38 мм",lm,2690,"официальная цена · СТОЛЕШНИЦЫ, СТЕНОВЫЕ ПАНЕЛИ.pdf"
ren-столешницы-стеновые-панели-прочие-столешница-росток-мат-28-мм-1277,countertop,"СТОЛЕШНИЦЫ, СТЕНОВЫЕ ПАНЕЛИ ПРОЧИЕ: Столешница Росток мат 28 мм",lm,1900,"официальная цена · СТОЛЕШНИЦЫ, СТЕНОВЫЕ ПАНЕЛИ.pdf"
ren-столешницы-стеновые-панели-прочие-столешница-росток-мат-38-мм-1278,countertop,"СТОЛЕШНИЦЫ, СТЕНОВЫЕ ПАНЕЛИ ПРОЧИЕ: Столешница Росток мат 38 мм",lm,4740,"официальная цена · СТОЛЕШНИЦЫ, СТЕНОВЫЕ ПАНЕЛИ.pdf"
ren-столешницы-стеновые-панели-прочие-фотопечать-на-акриле-shutterstock-1279,countertop,"СТОЛЕШНИЦЫ, СТЕНОВЫЕ ПАНЕЛИ ПРОЧИЕ: Фотопечать на акриле(Shutterstock)",m2,3190,"официальная цена · СТОЛЕШНИЦЫ, СТЕНОВЫЕ ПАНЕЛИ.pdf"
ren-столешницы-стеновые-панели-arpa-цены-указаны-без-учета-кромки-стеновая-панель-ar-1280,edge,"СТОЛЕШНИЦЫ,СТЕНОВЫЕ ПАНЕЛИ ARPA (цены указаны без учета кромки): Стеновая панель Arpa 1 группа",m2,6730,"официальная цена · СТОЛЕШНИЦЫ,СТЕНОВЫЕ ПАНЕЛИ ARPA (цены указаны без учета кромки).pdf"
ren-столешницы-стеновые-панели-arpa-цены-указаны-без-учета-кромки-стеновая-панель-ar-1281,edge,"СТОЛЕШНИЦЫ,СТЕНОВЫЕ ПАНЕЛИ ARPA (цены указаны без учета кромки): Стеновая панель Arpa 2 группа",m2,7050,"официальная цена · СТОЛЕШНИЦЫ,СТЕНОВЫЕ ПАНЕЛИ ARPA (цены указаны без учета кромки).pdf"
ren-столешницы-стеновые-панели-arpa-цены-указаны-без-учета-кромки-стеновая-панель-ar-1282,edge,"СТОЛЕШНИЦЫ,СТЕНОВЫЕ ПАНЕЛИ ARPA (цены указаны без учета кромки): Стеновая панель Arpa 3 группа",m2,7300,"официальная цена · СТОЛЕШНИЦЫ,СТЕНОВЫЕ ПАНЕЛИ ARPA (цены указаны без учета кромки).pdf"
ren-столешницы-стеновые-панели-arpa-цены-указаны-без-учета-кромки-стеновая-панель-ar-1283,edge,"СТОЛЕШНИЦЫ,СТЕНОВЫЕ ПАНЕЛИ ARPA (цены указаны без учета кромки): Стеновая панель Arpa 4 группа",m2,7490,"официальная цена · СТОЛЕШНИЦЫ,СТЕНОВЫЕ ПАНЕЛИ ARPA (цены указаны без учета кромки).pdf"
ren-столешницы-стеновые-панели-arpa-цены-указаны-без-учета-кромки-стеновая-панель-ar-1284,edge,"СТОЛЕШНИЦЫ,СТЕНОВЫЕ ПАНЕЛИ ARPA (цены указаны без учета кромки): Стеновая панель Arpa 5 группа",m2,7430,"официальная цена · СТОЛЕШНИЦЫ,СТЕНОВЫЕ ПАНЕЛИ ARPA (цены указаны без учета кромки).pdf"
ren-столешницы-стеновые-панели-arpa-цены-указаны-без-учета-кромки-стеновая-панель-ar-1285,edge,"СТОЛЕШНИЦЫ,СТЕНОВЫЕ ПАНЕЛИ ARPA (цены указаны без учета кромки): Стеновая панель Arpa 6 группа",m2,7940,"официальная цена · СТОЛЕШНИЦЫ,СТЕНОВЫЕ ПАНЕЛИ ARPA (цены указаны без учета кромки).pdf"
ren-столешницы-стеновые-панели-arpa-цены-указаны-без-учета-кромки-стеновая-панель-ar-1286,edge,"СТОЛЕШНИЦЫ,СТЕНОВЫЕ ПАНЕЛИ ARPA (цены указаны без учета кромки): Стеновая панель Arpa 7 группа",m2,8390,"официальная цена · СТОЛЕШНИЦЫ,СТЕНОВЫЕ ПАНЕЛИ ARPA (цены указаны без учета кромки).pdf"
ren-столешницы-стеновые-панели-arpa-цены-указаны-без-учета-кромки-стеновая-панель-ar-1287,edge,"СТОЛЕШНИЦЫ,СТЕНОВЫЕ ПАНЕЛИ ARPA (цены указаны без учета кромки): Стеновая панель Arpa 8 группа",m2,8580,"официальная цена · СТОЛЕШНИЦЫ,СТЕНОВЫЕ ПАНЕЛИ ARPA (цены указаны без учета кромки).pdf"
ren-столешницы-стеновые-панели-arpa-цены-указаны-без-учета-кромки-стеновая-панель-ar-1288,edge,"СТОЛЕШНИЦЫ,СТЕНОВЫЕ ПАНЕЛИ ARPA (цены указаны без учета кромки): Стеновая панель Arpa 9 группа",m2,14990,"официальная цена · СТОЛЕШНИЦЫ,СТЕНОВЫЕ ПАНЕЛИ ARPA (цены указаны без учета кромки).pdf"
ren-столешницы-стеновые-панели-arpa-цены-указаны-без-учета-кромки-столешница-arpa-38-1289,edge,"СТОЛЕШНИЦЫ,СТЕНОВЫЕ ПАНЕЛИ ARPA (цены указаны без учета кромки): Столешница Arpa 38 мм 1 группа",m2,8200,"официальная цена · СТОЛЕШНИЦЫ,СТЕНОВЫЕ ПАНЕЛИ ARPA (цены указаны без учета кромки).pdf"
ren-столешницы-стеновые-панели-arpa-цены-указаны-без-учета-кромки-столешница-arpa-38-1290,edge,"СТОЛЕШНИЦЫ,СТЕНОВЫЕ ПАНЕЛИ ARPA (цены указаны без учета кромки): Столешница Arpa 38 мм 2 группа",m2,8580,"официальная цена · СТОЛЕШНИЦЫ,СТЕНОВЫЕ ПАНЕЛИ ARPA (цены указаны без учета кромки).pdf"
ren-столешницы-стеновые-панели-arpa-цены-указаны-без-учета-кромки-столешница-arpa-38-1291,edge,"СТОЛЕШНИЦЫ,СТЕНОВЫЕ ПАНЕЛИ ARPA (цены указаны без учета кромки): Столешница Arpa 38 мм 3 группа",m2,8840,"официальная цена · СТОЛЕШНИЦЫ,СТЕНОВЫЕ ПАНЕЛИ ARPA (цены указаны без учета кромки).pdf"
ren-столешницы-стеновые-панели-arpa-цены-указаны-без-учета-кромки-столешница-arpa-38-1292,edge,"СТОЛЕШНИЦЫ,СТЕНОВЫЕ ПАНЕЛИ ARPA (цены указаны без учета кромки): Столешница Arpa 38 мм 4 группа",m2,9030,"официальная цена · СТОЛЕШНИЦЫ,СТЕНОВЫЕ ПАНЕЛИ ARPA (цены указаны без учета кромки).pdf"
ren-столешницы-стеновые-панели-arpa-цены-указаны-без-учета-кромки-столешница-arpa-38-1293,edge,"СТОЛЕШНИЦЫ,СТЕНОВЫЕ ПАНЕЛИ ARPA (цены указаны без учета кромки): Столешница Arpa 38 мм 5 группа",m2,9030,"официальная цена · СТОЛЕШНИЦЫ,СТЕНОВЫЕ ПАНЕЛИ ARPA (цены указаны без учета кромки).pdf"
ren-столешницы-стеновые-панели-arpa-цены-указаны-без-учета-кромки-столешница-arpa-38-1294,edge,"СТОЛЕШНИЦЫ,СТЕНОВЫЕ ПАНЕЛИ ARPA (цены указаны без учета кромки): Столешница Arpa 38 мм 6 группа",m2,9550,"официальная цена · СТОЛЕШНИЦЫ,СТЕНОВЫЕ ПАНЕЛИ ARPA (цены указаны без учета кромки).pdf"
ren-столешницы-стеновые-панели-arpa-цены-указаны-без-учета-кромки-столешница-arpa-38-1295,edge,"СТОЛЕШНИЦЫ,СТЕНОВЫЕ ПАНЕЛИ ARPA (цены указаны без учета кромки): Столешница Arpa 38 мм 7 группа",m2,10060,"официальная цена · СТОЛЕШНИЦЫ,СТЕНОВЫЕ ПАНЕЛИ ARPA (цены указаны без учета кромки).pdf"
ren-столешницы-стеновые-панели-arpa-цены-указаны-без-учета-кромки-столешница-arpa-38-1296,edge,"СТОЛЕШНИЦЫ,СТЕНОВЫЕ ПАНЕЛИ ARPA (цены указаны без учета кромки): Столешница Arpa 38 мм 8 группа",m2,10250,"официальная цена · СТОЛЕШНИЦЫ,СТЕНОВЫЕ ПАНЕЛИ ARPA (цены указаны без учета кромки).pdf"
ren-столешницы-стеновые-панели-arpa-цены-указаны-без-учета-кромки-столешница-arpa-38-1297,edge,"СТОЛЕШНИЦЫ,СТЕНОВЫЕ ПАНЕЛИ ARPA (цены указаны без учета кромки): Столешница Arpa 38 мм 9 группа",m2,11150,"официальная цена · СТОЛЕШНИЦЫ,СТЕНОВЫЕ ПАНЕЛИ ARPA (цены указаны без учета кромки).pdf"
ren-сетка-для-алюминиевой-рамки-сетка-аккустическая-черная-наполнения-для-ал-рамки-1298,other,"СЕТКА ДЛЯ АЛЮМИНИЕВОЙ РАМКИ: Сетка аккустическая черная(наполнения для Ал рамки)",pcs,2140,"официальная цена · СТЁКЛA.pdf"
ren-ст-кла-крашенные-крашеное-стекло-бежевое-1299,other,"СТЁКЛА КРАШЕННЫЕ: Крашеное стекло БЕЖЕВОЕ",m2,4520,"официальная цена · СТЁКЛA.pdf"
ren-ст-кла-крашенные-крашеное-стекло-белое-1300,other,"СТЁКЛА КРАШЕННЫЕ: Крашеное стекло БЕЛОЕ",m2,3710,"официальная цена · СТЁКЛA.pdf"
ren-ст-кла-крашенные-крашеное-стекло-белое-opti-white-1301,other,"СТЁКЛА КРАШЕННЫЕ: Крашеное стекло БЕЛОЕ Opti White",m2,6130,"официальная цена · СТЁКЛA.pdf"
ren-ст-кла-крашенные-крашеное-стекло-черное-1302,other,"СТЁКЛА КРАШЕННЫЕ: Крашеное стекло ЧЕРНОЕ",m2,3710,"официальная цена · СТЁКЛA.pdf"
ren-ст-кла-oracal-стекло-oracal-1303,other,"СТЁКЛА ORACAL: Стекло ORACAL",m2,4070,"официальная цена · СТЁКЛA.pdf"
ren-ст-кла-oracal-стекло-oracal-просветл-нное-1304,other,"СТЁКЛА ORACAL: Стекло ORACAL просветлённое",m2,6080,"официальная цена · СТЁКЛA.pdf"
ren-ст-кла-oracal-цветное-стекло-oracal-для-дверей-купе-1305,other,"СТЁКЛА ORACAL: Цветное стекло Oracal для дверей-купе",m2,3970,"официальная цена · СТЁКЛA.pdf"
ren-ст-кла-oracal-цветное-стекло-oracal-просветл-нное-для-дверей-купе-1306,other,"СТЁКЛА ORACAL: Цветное стекло Oracal просветлённое для дверей-купе",m2,5980,"официальная цена · СТЁКЛA.pdf"
ren-ст-кла-витраж-на-матовом-стекле-1307,other,"СТЁКЛА: Витраж на матовом стекле",m2,12450,"официальная цена · СТЁКЛA.pdf"
ren-ст-кла-витраж-на-оконном-стекле-1308,other,"СТЁКЛА: Витраж на оконном стекле",m2,11520,"официальная цена · СТЁКЛA.pdf"
ren-ст-кла-витраж-на-стекле-кризет-4мм-1309,other,"СТЁКЛА: Витраж на стекле кризет 4мм",m2,11730,"официальная цена · СТЁКЛA.pdf"
ren-ст-кла-витраж-на-тонированном-стекле-1310,other,"СТЁКЛА: Витраж на тонированном стекле",m2,12450,"официальная цена · СТЁКЛA.pdf"
ren-ст-кла-крашеное-просветленное-стекло-для-м-ма-рамир-1311,other,"СТЁКЛА: Крашеное просветленное стекло для м-ма РАМИР",m2,13700,"официальная цена · СТЁКЛA.pdf"
ren-ст-кла-крашеное-стекло-по-ral-1312,other,"СТЁКЛА: Крашеное стекло по RAL",m2,10460,"официальная цена · СТЁКЛA.pdf"
ren-ст-кла-крашеное-стекло-по-ral-для-м-ма-рамир-1313,other,"СТЁКЛА: Крашеное стекло по RAL для м-ма РАМИР",m2,10370,"официальная цена · СТЁКЛA.pdf"
ren-ст-кла-крашеное-стекло-по-ral-просветленное-1314,other,"СТЁКЛА: Крашеное стекло по RAL просветленное",m2,13790,"официальная цена · СТЁКЛA.pdf"
ren-ст-кла-стекло-brown-grey-resono-square-retro-reef-1315,other,"СТЁКЛА: Стекло Brown Grey , Resono, Square, Retro, Reef",m2,13680,"официальная цена · СТЁКЛA.pdf"
ren-ст-кла-стекло-белое-матовое-для-м-ма-рамир-1316,other,"СТЁКЛА: Стекло белое матовое для м-ма РАМИР",m2,2720,"официальная цена · СТЁКЛA.pdf"
ren-ст-кла-стекло-витраж-для-сферы-1317,other,"СТЁКЛА: Стекло Витраж для сферы",pcs,4130,"официальная цена · СТЁКЛA.pdf"
ren-ст-кла-стекло-для-сферы-1318,other,"СТЁКЛА: Стекло для СФЕРЫ",pcs,1950,"официальная цена · СТЁКЛA.pdf"
ren-ст-кла-стекло-матовое-с-пескоструйной-обработкой-4мм-1319,labor,"СТЁКЛА: Стекло матовое с пескоструйной обработкой, 4мм",m2,3140,"официальная цена · СТЁКЛA.pdf"
ren-ст-кла-стекло-матовое-дали-лабиринт-плавни-1320,other,"СТЁКЛА: Стекло Матовое,Дали,Лабиринт,Плавни",m2,5570,"официальная цена · СТЁКЛA.pdf"
ren-ст-кла-стекло-оконное-5мм-1321,other,"СТЁКЛА: Стекло оконное 5мм",m2,2400,"официальная цена · СТЁКЛA.pdf"
ren-ст-кла-стекло-оконное-6мм-1322,other,"СТЁКЛА: Стекло оконное 6мм",m2,2840,"официальная цена · СТЁКЛA.pdf"
ren-ст-кла-стекло-оконное-8мм-1323,other,"СТЁКЛА: Стекло оконное 8мм",m2,5200,"официальная цена · СТЁКЛA.pdf"
ren-ст-кла-стекло-оконное-с-пескоструйной-обработкой-4мм-1324,labor,"СТЁКЛА: Стекло оконное с пескоструйной обработкой, 4мм",m2,2890,"официальная цена · СТЁКЛA.pdf"
ren-ст-кла-стекло-сферическое-с-витражом-1325,other,"СТЁКЛА: Стекло сферическое с витражом",m2,4130,"официальная цена · СТЁКЛA.pdf"
ren-ст-кла-стекло-тонир-абстракт-кризет-дельта-топрак-диамант-1326,other,"СТЁКЛА: Стекло Тонир,Абстракт,Кризет,Дельта,Топрак,Диамант",m2,3600,"официальная цена · СТЁКЛA.pdf"
ren-ст-кла-стекло-тонированное-с-пескоструйной-обработкой-4мм-1327,labor,"СТЁКЛА: Стекло тонированное с пескоструйной обработкой, 4мм",m2,3380,"официальная цена · СТЁКЛA.pdf"
ren-зеркала-зеркало-4мм-на-скотч-с-еврообработкой-1328,labor,"ЗЕРКАЛА: Зеркало 4мм на скотч с еврообработкой",m2,2760,"официальная цена · СТЁКЛA.pdf"
ren-зеркала-зеркало-графит-бронза-1329,other,"ЗЕРКАЛА: Зеркало Графит, Бронза",m2,4200,"официальная цена · СТЁКЛA.pdf"
ren-зеркала-зеркало-графит-бронза-с-пескоструйной-обработкой-1330,labor,"ЗЕРКАЛА: Зеркало Графит, Бронза с пескоструйной обработкой",m2,3900,"официальная цена · СТЁКЛA.pdf"
ren-зеркала-зеркало-для-дверей-купе-1331,other,"ЗЕРКАЛА: Зеркало для дверей-купе",m2,2470,"официальная цена · СТЁКЛA.pdf"
ren-зеркала-зеркало-осветленное-4мм-1332,other,"ЗЕРКАЛА: Зеркало осветленное 4мм",m2,6580,"официальная цена · СТЁКЛA.pdf"
ren-зеркала-зеркало-с-гравировкой-4мм-1333,other,"ЗЕРКАЛА: Зеркало с гравировкой 4мм",m2,5250,"официальная цена · СТЁКЛA.pdf"
ren-зеркала-зеркало-с-пескостр-обраб-со-стороны-амальгамы-4мм-1334,other,"ЗЕРКАЛА: Зеркало с пескостр.обраб. со стороны амальгамы 4мм",m2,3100,"официальная цена · СТЁКЛA.pdf"
ren-зеркала-зеркало-с-пескоструйной-обработкой-фон-зеркальный-1335,labor,"ЗЕРКАЛА: Зеркало с пескоструйной обработкой (фон зеркальный)",m2,3070,"официальная цена · СТЁКЛA.pdf"
ren-зеркала-зеркало-с-пескоструйной-обработкой-фон-матовый-1336,labor,"ЗЕРКАЛА: Зеркало с пескоструйной обработкой (фон матовый)",m2,3070,"официальная цена · СТЁКЛA.pdf"
ren-зеркала-зеркало-с-пескоструйной-обработкой-для-дверей-купе-1337,labor,"ЗЕРКАЛА: Зеркало с пескоструйной обработкой для дверей-купе",m2,3070,"официальная цена · СТЁКЛA.pdf"
ren-зеркало-с-хим-травлением-айс-серебро-1338,other,"ЗЕРКАЛО С ХИМ. ТРАВЛЕНИЕМ: Айс серебро",m2,6020,"официальная цена · СТЁКЛA.pdf"
ren-зеркало-с-хим-травлением-барокко-бронза-1339,other,"ЗЕРКАЛО С ХИМ. ТРАВЛЕНИЕМ: Барокко бронза",m2,6260,"официальная цена · СТЁКЛA.pdf"
ren-зеркало-с-хим-травлением-барокко-серебро-1340,other,"ЗЕРКАЛО С ХИМ. ТРАВЛЕНИЕМ: Барокко серебро",m2,6020,"официальная цена · СТЁКЛA.pdf"
ren-зеркало-с-хим-травлением-уади-бронза-1341,other,"ЗЕРКАЛО С ХИМ. ТРАВЛЕНИЕМ: Уади бронза",m2,6250,"официальная цена · СТЁКЛA.pdf"
ren-зеркало-с-хим-травлением-уади-серебро-1342,other,"ЗЕРКАЛО С ХИМ. ТРАВЛЕНИЕМ: Уади серебро",m2,6000,"официальная цена · СТЁКЛA.pdf"
ren-зеркало-с-хим-травлением-цветы-бронза-1343,other,"ЗЕРКАЛО С ХИМ. ТРАВЛЕНИЕМ: Цветы бронза",m2,6250,"официальная цена · СТЁКЛA.pdf"
ren-зеркало-с-хим-травлением-цветы-серебро-1344,other,"ЗЕРКАЛО С ХИМ. ТРАВЛЕНИЕМ: Цветы серебро",m2,6000,"официальная цена · СТЁКЛA.pdf"
ren-зеркало-с-хим-травлением-шефлера-серебро-1345,other,"ЗЕРКАЛО С ХИМ. ТРАВЛЕНИЕМ: Шефлера серебро",m2,6000,"официальная цена · СТЁКЛA.pdf"
ren-декор-стекло-и-зеркало-барокко-сезаль-1346,other,"ДЕКОР СТЕКЛО И ЗЕРКАЛО: Барокко сезаль",m2,6990,"официальная цена · СТЁКЛA.pdf"
ren-декор-стекло-и-зеркало-золотой-век-бронза-1347,other,"ДЕКОР СТЕКЛО И ЗЕРКАЛО: Золотой век бронза",m2,7590,"официальная цена · СТЁКЛA.pdf"
ren-декор-стекло-и-зеркало-камелия-1348,other,"ДЕКОР СТЕКЛО И ЗЕРКАЛО: Камелия",m2,7590,"официальная цена · СТЁКЛA.pdf"
ren-декор-стекло-и-зеркало-лабиринт-бронза-1349,other,"ДЕКОР СТЕКЛО И ЗЕРКАЛО: Лабиринт бронза",m2,7060,"официальная цена · СТЁКЛA.pdf"
ren-декор-стекло-и-зеркало-лабиринт-серебро-1350,other,"ДЕКОР СТЕКЛО И ЗЕРКАЛО: Лабиринт серебро",m2,6660,"официальная цена · СТЁКЛA.pdf"
ren-декор-стекло-и-зеркало-лана-бежевое-1351,other,"ДЕКОР СТЕКЛО И ЗЕРКАЛО: Лана бежевое",m2,8240,"официальная цена · СТЁКЛA.pdf"
ren-декор-стекло-и-зеркало-литеус-серебро-1352,other,"ДЕКОР СТЕКЛО И ЗЕРКАЛО: Литеус серебро",m2,7810,"официальная цена · СТЁКЛA.pdf"
ren-декор-стекло-и-зеркало-магнолия-бронза-1353,other,"ДЕКОР СТЕКЛО И ЗЕРКАЛО: Магнолия бронза",m2,7590,"официальная цена · СТЁКЛA.pdf"
ren-декор-стекло-и-зеркало-магнолия-серебро-1354,other,"ДЕКОР СТЕКЛО И ЗЕРКАЛО: Магнолия серебро",m2,6770,"официальная цена · СТЁКЛA.pdf"
ren-декор-стекло-и-зеркало-мираж-серебро-1355,other,"ДЕКОР СТЕКЛО И ЗЕРКАЛО: Мираж серебро",m2,6660,"официальная цена · СТЁКЛA.pdf"
ren-декор-стекло-и-зеркало-омут-золото-1356,other,"ДЕКОР СТЕКЛО И ЗЕРКАЛО: Омут золото",m2,6530,"официальная цена · СТЁКЛA.pdf"
ren-декор-стекло-и-зеркало-омут-серебро-1357,other,"ДЕКОР СТЕКЛО И ЗЕРКАЛО: Омут серебро",m2,7330,"официальная цена · СТЁКЛA.pdf"
ren-декор-стекло-и-зеркало-оникс-1358,other,"ДЕКОР СТЕКЛО И ЗЕРКАЛО: Оникс",m2,4100,"официальная цена · СТЁКЛA.pdf"
ren-декор-стекло-и-зеркало-стекло-высота-1359,other,"ДЕКОР СТЕКЛО И ЗЕРКАЛО: Стекло Высота",m2,6330,"официальная цена · СТЁКЛA.pdf"
ren-декор-стекло-и-зеркало-стекло-лабиринт-бронза-1360,other,"ДЕКОР СТЕКЛО И ЗЕРКАЛО: Стекло Лабиринт бронза",m2,5580,"официальная цена · СТЁКЛA.pdf"
ren-декор-стекло-и-зеркало-стекло-рифленое-moru-4мм-ademglass-1361,other,"ДЕКОР СТЕКЛО И ЗЕРКАЛО: Стекло рифленое MORU 4мм (ademglass)",m2,17230,"официальная цена · СТЁКЛA.pdf"
ren-декор-стекло-и-зеркало-фантазия-золото-1362,other,"ДЕКОР СТЕКЛО И ЗЕРКАЛО: Фантазия золото",m2,7060,"официальная цена · СТЁКЛA.pdf"
ren-декор-стекло-и-зеркало-фуджи-белое-1363,other,"ДЕКОР СТЕКЛО И ЗЕРКАЛО: Фуджи белое",m2,7690,"официальная цена · СТЁКЛA.pdf"
ren-декор-стекло-и-зеркало-фуджи-черное-1364,other,"ДЕКОР СТЕКЛО И ЗЕРКАЛО: Фуджи черное",m2,7770,"официальная цена · СТЁКЛA.pdf"
ren-виды-обработки-вырез-в-стекле-под-розетку-1365,labor,"ВИДЫ ОБРАБОТКИ: Вырез в стекле под розетку",pcs,620,"официальная цена · СТЁКЛA.pdf"
ren-виды-обработки-еврообработка-для-стекла-4мм-1366,labor,"ВИДЫ ОБРАБОТКИ: Еврообработка для стекла 4мм",lm,90,"официальная цена · СТЁКЛA.pdf"
ren-виды-обработки-еврообработка-для-стекла-6мм-1367,labor,"ВИДЫ ОБРАБОТКИ: Еврообработка для стекла 6мм",lm,110,"официальная цена · СТЁКЛA.pdf"
ren-виды-обработки-еврообработка-для-стекла-8мм-1368,labor,"ВИДЫ ОБРАБОТКИ: Еврообработка для стекла 8мм",lm,210,"официальная цена · СТЁКЛA.pdf"
ren-виды-обработки-сверление-для-10мм-1369,labor,"ВИДЫ ОБРАБОТКИ: Сверление (для 10мм)",pcs,140,"официальная цена · СТЁКЛA.pdf"
ren-виды-обработки-сверление-для-4мм-1370,labor,"ВИДЫ ОБРАБОТКИ: Сверление (для 4мм)",pcs,100,"официальная цена · СТЁКЛA.pdf"
ren-виды-обработки-сверление-для-6мм-1371,labor,"ВИДЫ ОБРАБОТКИ: Сверление (для 6мм)",pcs,140,"официальная цена · СТЁКЛA.pdf"
ren-виды-обработки-сверление-для-8мм-1372,labor,"ВИДЫ ОБРАБОТКИ: Сверление (для 8мм)",pcs,140,"официальная цена · СТЁКЛA.pdf"
ren-виды-обработки-сверление-под-петли-для-4-5мм-1373,hardware,"ВИДЫ ОБРАБОТКИ: Сверление под петли (для 4-5мм)",pcs,130,"официальная цена · СТЁКЛA.pdf"
ren-виды-обработки-фацет-1-5см-1374,labor,"ВИДЫ ОБРАБОТКИ: Фацет 1,5см",lm,270,"официальная цена · СТЁКЛA.pdf"
ren-виды-обработки-фацет-1см-1375,labor,"ВИДЫ ОБРАБОТКИ: Фацет 1см",lm,230,"официальная цена · СТЁКЛA.pdf"
ren-виды-обработки-фацет-2см-1376,labor,"ВИДЫ ОБРАБОТКИ: Фацет 2см",lm,420,"официальная цена · СТЁКЛA.pdf"
ren-виды-обработки-фотопечать-на-стекле-4-мм-shutterstock-1377,labor,"ВИДЫ ОБРАБОТКИ: фотопечать на стекле 4 мм(shutterstock)",m2,2390,"официальная цена · СТЁКЛA.pdf"
ren-ст-кла-ренессанс-стекло-графит-4мм-1378,other,"СТЁКЛА РЕНЕССАНС: Стекло Графит 4мм",m2,3070,"официальная цена · СТЁКЛА РЕНЕССАНС.pdf"
ren-ст-кла-ренессанс-стекло-графит-6мм-1379,other,"СТЁКЛА РЕНЕССАНС: Стекло Графит 6мм",m2,4610,"официальная цена · СТЁКЛА РЕНЕССАНС.pdf"
ren-ст-кла-ренессанс-стекло-имейджин-4мм-1380,other,"СТЁКЛА РЕНЕССАНС: Стекло Имейджин 4мм",m2,8350,"официальная цена · СТЁКЛА РЕНЕССАНС.pdf"
ren-ст-кла-ренессанс-стекло-кафедрал-4мм-1381,other,"СТЁКЛА РЕНЕССАНС: Стекло Кафедрал 4мм",m2,8740,"официальная цена · СТЁКЛА РЕНЕССАНС.pdf"
ren-ст-кла-ренессанс-стекло-крепи-бесцветное-4мм-1382,other,"СТЁКЛА РЕНЕССАНС: Стекло Крепи бесцветное 4мм",m2,5590,"официальная цена · СТЁКЛА РЕНЕССАНС.pdf"
ren-ст-кла-ренессанс-стекло-крепи-графит-4мм-1383,other,"СТЁКЛА РЕНЕССАНС: Стекло Крепи графит 4мм",m2,5790,"официальная цена · СТЁКЛА РЕНЕССАНС.pdf"
ren-ст-кла-ренессанс-стекло-матовое-белое-4мм-1384,other,"СТЁКЛА РЕНЕССАНС: Стекло матовое белое 4мм",m2,2880,"официальная цена · СТЁКЛА РЕНЕССАНС.pdf"
ren-ст-кла-ренессанс-стекло-матовое-лабиринт-4мм-1385,other,"СТЁКЛА РЕНЕССАНС: Стекло матовое Лабиринт 4мм",m2,5450,"официальная цена · СТЁКЛА РЕНЕССАНС.pdf"
ren-ст-кла-ренессанс-стекло-оконное-4мм-1386,other,"СТЁКЛА РЕНЕССАНС: Стекло оконное 4мм",m2,1950,"официальная цена · СТЁКЛА РЕНЕССАНС.pdf"
ren-ст-кла-ренессанс-стекло-оконное-просветленное-4мм-1387,other,"СТЁКЛА РЕНЕССАНС: Стекло оконное просветленное 4мм",m2,4510,"официальная цена · СТЁКЛА РЕНЕССАНС.pdf"
ren-ст-кла-ренессанс-стекло-оконное-просветленное-6мм-1388,other,"СТЁКЛА РЕНЕССАНС: Стекло оконное просветленное 6мм",m2,7180,"официальная цена · СТЁКЛА РЕНЕССАНС.pdf"
ren-ст-кла-ренессанс-стекло-тонированное-4мм-1389,other,"СТЁКЛА РЕНЕССАНС: Стекло тонированное 4мм",m2,3050,"официальная цена · СТЁКЛА РЕНЕССАНС.pdf"
ren-ст-кла-ренессанс-стекло-тонированное-6мм-1390,other,"СТЁКЛА РЕНЕССАНС: Стекло тонированное 6мм",m2,3770,"официальная цена · СТЁКЛА РЕНЕССАНС.pdf"
ren-ст-кла-ренессанс-стекло-ч-рная-тонировка-4мм-1391,other,"СТЁКЛА РЕНЕССАНС: Стекло Чёрная тонировка 4мм",m2,7170,"официальная цена · СТЁКЛА РЕНЕССАНС.pdf"
ren-ст-кла-ренессанс-стекло-шпион-бронза-4мм-1392,other,"СТЁКЛА РЕНЕССАНС: Стекло Шпион бронза 4мм",m2,6950,"официальная цена · СТЁКЛА РЕНЕССАНС.pdf"
ren-ст-кла-ренессанс-стекло-шпион-графит-4мм-1393,other,"СТЁКЛА РЕНЕССАНС: Стекло Шпион графит 4мм",m2,6950,"официальная цена · СТЁКЛА РЕНЕССАНС.pdf"
ren-ст-кла-ренессанс-стекло-эстриадо-оптивайт-4мм-1394,other,"СТЁКЛА РЕНЕССАНС: Стекло Эстриадо оптивайт 4мм",m2,9240,"официальная цена · СТЁКЛА РЕНЕССАНС.pdf"
ren-фасады-agt-пластик-agt-с-компенсацией-без-кромки-1-группа-1395,edge,"ФАСАДЫ AGT: Пластик AGT с компенсацией (без кромки) 1 группа",m2,4390,"официальная цена · ФАСАДЫ AGT.pdf"
ren-фасады-agt-пластик-agt-с-компенсацией-без-кромки-2-группа-1396,edge,"ФАСАДЫ AGT: Пластик AGT с компенсацией (без кромки) 2 группа",m2,4540,"официальная цена · ФАСАДЫ AGT.pdf"
ren-фасады-agt-пластик-agt-с-компенсацией-без-кромки-3-группа-1397,edge,"ФАСАДЫ AGT: Пластик AGT с компенсацией (без кромки) 3 группа",m2,4750,"официальная цена · ФАСАДЫ AGT.pdf"
ren-фасады-agt-пластик-agt-с-компенсацией-без-кромки-4-группа-1398,edge,"ФАСАДЫ AGT: Пластик AGT с компенсацией (без кромки) 4 группа",m2,5670,"официальная цена · ФАСАДЫ AGT.pdf"
ren-фасады-agt-пластик-agt-с-компенсацией-без-кромки-5-группа-1399,edge,"ФАСАДЫ AGT: Пластик AGT с компенсацией (без кромки) 5 группа",m2,11360,"официальная цена · ФАСАДЫ AGT.pdf"
ren-фасады-agt-пластик-agt-с-компенсацией-без-кромки-6-группа-1400,edge,"ФАСАДЫ AGT: Пластик AGT с компенсацией (без кромки) 6 группа",m2,12350,"официальная цена · ФАСАДЫ AGT.pdf"
ren-кромка-для-плит-agt-кромка-для-плит-agt-1401,edge,"КРОМКА ДЛЯ ПЛИТ AGT: Кромка для плит AGT",lm,220,"официальная цена · ФАСАДЫ AGT.pdf"
ren-фасады-alvic-пластик-alvic-без-кромки-1-группа-1471,edge,"ФАСАДЫ ALVIC: Пластик Alvic без кромки 1 группа",m2,12530,"официальная цена · ФАСАДЫ ALVIC.pdf"
ren-фасады-alvic-пластик-alvic-без-кромки-2-группа-1472,edge,"ФАСАДЫ ALVIC: Пластик Alvic без кромки 2 группа",m2,15590,"официальная цена · ФАСАДЫ ALVIC.pdf"
ren-фасады-alvic-пластик-alvic-без-кромки-3-группа-1473,edge,"ФАСАДЫ ALVIC: Пластик Alvic без кромки 3 группа",m2,18640,"официальная цена · ФАСАДЫ ALVIC.pdf"
ren-фасады-alvic-пластик-alvic-без-кромки-4-группа-1474,edge,"ФАСАДЫ ALVIC: Пластик Alvic без кромки 4 группа",m2,20080,"официальная цена · ФАСАДЫ ALVIC.pdf"
ren-фасады-alvic-пластик-alvic-без-кромки-5-группа-1475,edge,"ФАСАДЫ ALVIC: Пластик Alvic без кромки 5 группа",m2,23460,"официальная цена · ФАСАДЫ ALVIC.pdf"
ren-фасады-alvic-пластик-alvic-без-кромки-6-группа-1476,edge,"ФАСАДЫ ALVIC: Пластик Alvic без кромки 6 группа",m2,24580,"официальная цена · ФАСАДЫ ALVIC.pdf"
ren-фасады-alvic-пластик-alvic-без-кромки-7-группа-1477,edge,"ФАСАДЫ ALVIC: Пластик Alvic без кромки 7 группа",m2,25710,"официальная цена · ФАСАДЫ ALVIC.pdf"
ren-кромка-для-плит-alvic-кромка-alvic-двухцветная-1478,edge,"КРОМКА ДЛЯ ПЛИТ ALVIC: Кромка Alvic двухцветная",lm,310,"официальная цена · ФАСАДЫ ALVIC.pdf"
ren-кромка-для-плит-alvic-кромка-alvic-одноцветная-1479,edge,"КРОМКА ДЛЯ ПЛИТ ALVIC: Кромка Alvic одноцветная",lm,310,"официальная цена · ФАСАДЫ ALVIC.pdf"
ren-кромка-для-плит-alvic-кромка-для-пластика-alvic-synchron-1480,edge,"КРОМКА ДЛЯ ПЛИТ ALVIC: Кромка для пластика ALVIC SYNCHRON",lm,220,"официальная цена · ФАСАДЫ ALVIC.pdf"
ren-фасады-arpa-пластик-arpa-италия-с-компенсацией-без-кромки-1-группа-16мм-10мм-1542,edge,"ФАСАДЫ ARPA: Пластик Arpa (Италия) с компенсацией (без кромки) 1 группа 16мм, 10мм",m2,6730,"официальная цена · ФАСАДЫ ARPA.pdf"
ren-фасады-arpa-пластик-arpa-италия-с-компенсацией-без-кромки-2-группа-16мм-10мм-1543,edge,"ФАСАДЫ ARPA: Пластик Arpa (Италия) с компенсацией (без кромки) 2 группа 16мм, 10мм",m2,7050,"официальная цена · ФАСАДЫ ARPA.pdf"
ren-фасады-arpa-пластик-arpa-италия-с-компенсацией-без-кромки-3-группа-16мм-10мм-1544,edge,"ФАСАДЫ ARPA: Пластик Arpa (Италия) с компенсацией (без кромки) 3 группа 16мм, 10мм",m2,7300,"официальная цена · ФАСАДЫ ARPA.pdf"
ren-фасады-arpa-пластик-arpa-италия-с-компенсацией-без-кромки-4-группа-16мм-10мм-1545,edge,"ФАСАДЫ ARPA: Пластик Arpa (Италия) с компенсацией (без кромки) 4 группа 16мм, 10мм",m2,7490,"официальная цена · ФАСАДЫ ARPA.pdf"
ren-фасады-arpa-пластик-arpa-италия-с-компенсацией-без-кромки-5-группа-16мм-10мм-1546,edge,"ФАСАДЫ ARPA: Пластик Arpa (Италия) с компенсацией (без кромки) 5 группа 16мм, 10мм",m2,7430,"официальная цена · ФАСАДЫ ARPA.pdf"
ren-фасады-arpa-пластик-arpa-италия-с-компенсацией-без-кромки-6-группа-16мм-10мм-1547,edge,"ФАСАДЫ ARPA: Пластик Arpa (Италия) с компенсацией (без кромки) 6 группа 16мм, 10мм",m2,7940,"официальная цена · ФАСАДЫ ARPA.pdf"
ren-фасады-arpa-пластик-arpa-италия-с-компенсацией-без-кромки-7-группа-16мм-10мм-1548,edge,"ФАСАДЫ ARPA: Пластик Arpa (Италия) с компенсацией (без кромки) 7 группа 16мм, 10мм",m2,8390,"официальная цена · ФАСАДЫ ARPA.pdf"
ren-фасады-arpa-пластик-arpa-италия-с-компенсацией-без-кромки-8-группа-16мм-10мм-1549,edge,"ФАСАДЫ ARPA: Пластик Arpa (Италия) с компенсацией (без кромки) 8 группа 16мм, 10мм",m2,8580,"официальная цена · ФАСАДЫ ARPA.pdf"
ren-фасады-arpa-пластик-arpa-италия-с-компенсацией-без-кромки-9-группа-16мм-10мм-1550,edge,"ФАСАДЫ ARPA: Пластик Arpa (Италия) с компенсацией (без кромки) 9 группа 16мм, 10мм",m2,14990,"официальная цена · ФАСАДЫ ARPA.pdf"
ren-фасады-arpa-сфера-пластик-717-без-кромки-1551,edge,"ФАСАДЫ ARPA: Сфера ПЛАСТИК 717 (без кромки)",pcs,6620,"официальная цена · ФАСАДЫ ARPA.pdf"
ren-фасады-cleaf-пластик-cleaf-без-кромки-1-категория-1813,edge,"ФАСАДЫ CLEAF: Пластик Cleaf без кромки 1 категория",m2,5040,"официальная цена · ФАСАДЫ CLEAF.pdf"
ren-фасады-cleaf-пластик-cleaf-без-кромки-2-категория-1814,edge,"ФАСАДЫ CLEAF: Пластик Cleaf без кромки 2 категория",m2,5530,"официальная цена · ФАСАДЫ CLEAF.pdf"
ren-фасады-cleaf-пластик-cleaf-без-кромки-3-категория-1815,edge,"ФАСАДЫ CLEAF: Пластик Cleaf без кромки 3 категория",m2,5850,"официальная цена · ФАСАДЫ CLEAF.pdf"
ren-фасады-cleaf-плита-cleaf-без-кромки-1-категория-1816,edge,"ФАСАДЫ CLEAF: Плита Cleaf без кромки 1 категория",m2,10990,"официальная цена · ФАСАДЫ CLEAF.pdf"
ren-фасады-cleaf-плита-cleaf-без-кромки-2-категория-1817,edge,"ФАСАДЫ CLEAF: Плита Cleaf без кромки 2 категория",m2,12100,"официальная цена · ФАСАДЫ CLEAF.pdf"
ren-фасады-cleaf-плита-cleaf-без-кромки-3-категория-1818,edge,"ФАСАДЫ CLEAF: Плита Cleaf без кромки 3 категория",m2,13090,"официальная цена · ФАСАДЫ CLEAF.pdf"
ren-фасады-cleaf-плита-cleaf-без-кромки-4-категория-1819,edge,"ФАСАДЫ CLEAF: Плита Cleaf без кромки 4 категория",m2,14570,"официальная цена · ФАСАДЫ CLEAF.pdf"
ren-фасады-cleaf-плита-cleaf-без-кромки-5-категория-1820,edge,"ФАСАДЫ CLEAF: Плита Cleaf без кромки 5 категория",m2,16170,"официальная цена · ФАСАДЫ CLEAF.pdf"
ren-кромка-для-плит-cleaf-кромка-для-плит-cleaf-1821,edge,"КРОМКА ДЛЯ ПЛИТ CLEAF: Кромка для плит CLEAF",lm,400,"официальная цена · ФАСАДЫ CLEAF.pdf"
ren-плита-cleaf-6-категория-плита-cleaf-без-кромки-6-категория-1917,edge,"Плита CLEAF 6 категория: Плита Cleaf без кромки 6 категория",m2,21480,"официальная цена · ФАСАДЫ CLEAF.pdf"
ren-лмдф-egger-perfectsensе-лмдф-perfectsense-egger-18мм-1-категория-цена-с-кромкой-1918,edge,"ЛМДФ EGGER PERFECTSENSЕ: ЛМДФ PerfectSense EGGER (18мм) 1 категория цена с кромкой",m2,7830,"официальная цена · ФАСАДЫ EGGER PERFECTSENSE.pdf"
ren-лмдф-egger-perfectsensе-лмдф-perfectsense-egger-18мм-3-категория-цена-с-кромкой-1919,edge,"ЛМДФ EGGER PERFECTSENSЕ: ЛМДФ PerfectSense EGGER (18мм) 3 категория цена с кромкой",m2,10260,"официальная цена · ФАСАДЫ EGGER PERFECTSENSE.pdf"
ren-лмдф-egger-perfectsensе-лмдф-perfectsense-egger-18мм-4-категория-цена-с-кромкой-1920,edge,"ЛМДФ EGGER PERFECTSENSЕ: ЛМДФ PerfectSense EGGER (18мм) 4 категория цена с кромкой",m2,11520,"официальная цена · ФАСАДЫ EGGER PERFECTSENSE.pdf"
ren-лмдф-egger-perfectsensе-лмдф-perfectsense-egger-18мм-5-категория-цена-с-кромкой-1921,edge,"ЛМДФ EGGER PERFECTSENSЕ: ЛМДФ PerfectSense EGGER (18мм) 5 категория цена с кромкой",m2,12420,"официальная цена · ФАСАДЫ EGGER PERFECTSENSE.pdf"
ren-фасады-eterno-пластик-eterno-без-кромки-1-группа-1950,edge,"ФАСАДЫ ETERNO: Пластик ETERNO без кромки 1 группа",m2,9380,"официальная цена · ФАСАДЫ ETERNO.pdf"
ren-фасады-eterno-пластик-eterno-без-кромки-2-группа-1951,edge,"ФАСАДЫ ETERNO: Пластик ETERNO без кромки 2 группа",m2,11600,"официальная цена · ФАСАДЫ ETERNO.pdf"
ren-фасады-eterno-пластик-eterno-без-кромки-3-группа-1952,edge,"ФАСАДЫ ETERNO: Пластик ETERNO без кромки 3 группа",m2,14070,"официальная цена · ФАСАДЫ ETERNO.pdf"
ren-кромка-для-плит-etrno-кромка-eterno-1953,edge,"КРОМКА ДЛЯ ПЛИТ ETRNO: Кромка ETERNO",lm,310,"официальная цена · ФАСАДЫ ETERNO.pdf"
ren-пластик-fenix-пластик-fenix-без-кромки-1-категория-2031,edge,"ПЛАСТИК FENIX: Пластик Fenix (без кромки)1 категория",m2,11490,"официальная цена · ФАСАДЫ FENIX.pdf"
ren-пластик-fenix-пластик-fenix-без-кромки-2-категория-2032,edge,"ПЛАСТИК FENIX: Пластик Fenix (без кромки)2 категория",m2,16250,"официальная цена · ФАСАДЫ FENIX.pdf"
ren-пластик-fenix-пластик-fenix-без-кромки-3-категория-2033,edge,"ПЛАСТИК FENIX: Пластик Fenix (без кромки)3 категория",m2,16250,"официальная цена · ФАСАДЫ FENIX.pdf"
ren-пластик-gentas-пластик-gentas-1-категория-2064,other,"ПЛАСТИК GENTAS: Пластик GENTAS 1 категория",m2,6370,"официальная цена · ФАСАДЫ GENTAS.pdf"
ren-пластик-gentas-пластик-gentas-2-категория-2065,other,"ПЛАСТИК GENTAS: Пластик GENTAS 2 категория",m2,7100,"официальная цена · ФАСАДЫ GENTAS.pdf"
ren-пластик-gentas-пластик-gentas-3-категория-2066,other,"ПЛАСТИК GENTAS: Пластик GENTAS 3 категория",m2,7460,"официальная цена · ФАСАДЫ GENTAS.pdf"
ren-пластик-gentas-пластик-gentas-4-категория-2067,other,"ПЛАСТИК GENTAS: Пластик GENTAS 4 категория",m2,9000,"официальная цена · ФАСАДЫ GENTAS.pdf"
ren-пластик-gentas-пластик-gentas-5-категория-2068,other,"ПЛАСТИК GENTAS: Пластик GENTAS 5 категория",m2,11560,"официальная цена · ФАСАДЫ GENTAS.pdf"
ren-пластик-gentas-пластик-gentas-6-категория-2069,other,"ПЛАСТИК GENTAS: Пластик GENTAS 6 категория",m2,19830,"официальная цена · ФАСАДЫ GENTAS.pdf"
ren-фасады-kastamonu-пластик-kastamonu-без-кромки-1-группа-2205,edge,"ФАСАДЫ KASTAMONU: Пластик KASTAMONU без кромки 1 группа",m2,6730,"официальная цена · ФАСАДЫ KASTAMONU.pdf"
ren-фасады-kastamonu-пластик-kastamonu-без-кромки-2-группа-2206,edge,"ФАСАДЫ KASTAMONU: Пластик KASTAMONU без кромки 2 группа",m2,7480,"официальная цена · ФАСАДЫ KASTAMONU.pdf"
ren-фасады-kastamonu-пластик-kastamonu-без-кромки-3-группа-2207,edge,"ФАСАДЫ KASTAMONU: Пластик KASTAMONU без кромки 3 группа",m2,8350,"официальная цена · ФАСАДЫ KASTAMONU.pdf"
ren-фасады-kastamonu-пластик-kastamonu-без-кромки-4-группа-2208,edge,"ФАСАДЫ KASTAMONU: Пластик KASTAMONU без кромки 4 группа",m2,9100,"официальная цена · ФАСАДЫ KASTAMONU.pdf"
ren-фасады-kastamonu-пластик-kastamonu-без-кромки-5-группа-2209,edge,"ФАСАДЫ KASTAMONU: Пластик KASTAMONU без кромки 5 группа",m2,13220,"официальная цена · ФАСАДЫ KASTAMONU.pdf"
ren-фасады-kastamonu-пластик-kastamonu-без-кромки-6-группа-2210,edge,"ФАСАДЫ KASTAMONU: Пластик KASTAMONU без кромки 6 группа",m2,17210,"официальная цена · ФАСАДЫ KASTAMONU.pdf"
ren-фасады-kastamonu-пластик-kastamonu-без-кромки-7-группа-2211,edge,"ФАСАДЫ KASTAMONU: Пластик KASTAMONU без кромки 7 группа",m2,18700,"официальная цена · ФАСАДЫ KASTAMONU.pdf"
ren-кромка-длдя-плиты-kastamonu-кромка-для-плит-kastamonu-2212,edge,"КРОМКА ДЛДЯ ПЛИТЫ KASTAMONU: Кромка для плит KASTAMONU",lm,280,"официальная цена · ФАСАДЫ KASTAMONU.pdf"
ren-tss-плиты-smart-sma-1-категория-19-2306,other,"TSS ПЛИТЫ SMART: SMA 1 категория(19)",m2,10830,"официальная цена · ФАСАДЫ SM`ART  TSS.pdf"
ren-tss-плиты-smart-sma-1-категория-8мм-2307,other,"TSS ПЛИТЫ SMART: SMA 1 категория(8мм)",m2,10840,"официальная цена · ФАСАДЫ SM`ART  TSS.pdf"
ren-tss-плиты-smart-sma-2-категория-19-2308,other,"TSS ПЛИТЫ SMART: SMA 2 категория(19)",m2,12810,"официальная цена · ФАСАДЫ SM`ART  TSS.pdf"
ren-tss-плиты-smart-sma-2-категория-8мм-2309,other,"TSS ПЛИТЫ SMART: SMA 2 категория(8мм)",m2,12820,"официальная цена · ФАСАДЫ SM`ART  TSS.pdf"
ren-кромка-для-плит-смарт-1х23мм-кромка-для-плит-smart-1х23-2310,edge,"КРОМКА ДЛЯ ПЛИТ СМАРТ 1х23мм: Кромка для плит SMART 1х23",lm,380,"официальная цена · ФАСАДЫ SM`ART  TSS.pdf"
ren-фасады-массив-дуба-багет-из-массива-дуба-прямой-высокий-2-h-80мм-г-пенза-2329,facade,"ФАСАДЫ МАССИВ ДУБА: Багет из массива дуба прямой высокий №2 (h=80мм) (г.Пенза)",lm,3040,"официальная цена · ФАСАДЫ МАССИВ ДУБА.pdf"
ren-фасады-массив-дуба-багет-из-массива-дуба-прямой-высокий-4-h-110мм-г-пенза-2330,facade,"ФАСАДЫ МАССИВ ДУБА: Багет из массива дуба прямой высокий №4 (h=110мм) (г.Пенза)",lm,4290,"официальная цена · ФАСАДЫ МАССИВ ДУБА.pdf"
ren-фасады-массив-дуба-балюстрады-прямые-из-массива-дуба-2331,facade,"ФАСАДЫ МАССИВ ДУБА: Балюстрады прямые из массива дуба",lm,1200,"официальная цена · ФАСАДЫ МАССИВ ДУБА.pdf"
ren-фасады-массив-дуба-балюстрады-прямые-из-массива-дуба-планка-с2-х-сторон-2332,facade,"ФАСАДЫ МАССИВ ДУБА: Балюстрады прямые из массива дуба планка с2-х сторон",lm,1750,"официальная цена · ФАСАДЫ МАССИВ ДУБА.pdf"
ren-фасады-массив-дуба-балюстрады-сферич-из-массива-дуба-2333,facade,"ФАСАДЫ МАССИВ ДУБА: Балюстрады СФЕРИЧ. из массива дуба",pcs,2840,"официальная цена · ФАСАДЫ МАССИВ ДУБА.pdf"
ren-фасады-массив-дуба-изготовление-перекрестия-за-1-перекрестие-2334,facade,"ФАСАДЫ МАССИВ ДУБА: Изготовление перекрестия (за 1 перекрестие)",pcs,2900,"официальная цена · ФАСАДЫ МАССИВ ДУБА.pdf"
ren-фасады-массив-дуба-нестандартная-высота-сферического-фасада-из-массива-за-каждые-2335,facade,"ФАСАДЫ МАССИВ ДУБА: Нестандартная высота сферического фасада из массива(за каждые 100 мм)",pcs,960,"официальная цена · ФАСАДЫ МАССИВ ДУБА.pdf"
ren-фасады-массив-дуба-стекло-витраж-для-фасадов-из-массива-дуба-2336,facade,"ФАСАДЫ МАССИВ ДУБА: Стекло Витраж для фасадов из массива дуба",m2,8450,"официальная цена · ФАСАДЫ МАССИВ ДУБА.pdf"
ren-фасады-массив-дуба-фасад-из-массива-дуба-супер-пилястра-2337,facade,"ФАСАДЫ МАССИВ ДУБА: Фасад из массива дуба Супер пилястра",pcs,2210,"официальная цена · ФАСАДЫ МАССИВ ДУБА.pdf"
ren-фасады-массив-дуба-фасад-из-массива-дуба-багет-сферический-с-четвертью-2338,facade,"ФАСАДЫ МАССИВ ДУБА: Фасад из массива дуба багет сферический с четвертью",pcs,2210,"официальная цена · ФАСАДЫ МАССИВ ДУБА.pdf"
ren-фасады-массив-дуба-фасад-из-массива-дуба-багет-прямой-2339,facade,"ФАСАДЫ МАССИВ ДУБА: Фасад из массива дуба Багет прямой",lm,1100,"официальная цена · ФАСАДЫ МАССИВ ДУБА.pdf"
ren-фасады-массив-дуба-фасад-из-массива-дуба-багет-прямой-обычный-2340,facade,"ФАСАДЫ МАССИВ ДУБА: Фасад из массива дуба багет прямой обычный",lm,960,"официальная цена · ФАСАДЫ МАССИВ ДУБА.pdf"
ren-фасады-массив-дуба-фасад-из-массива-дуба-багет-прямой-с-четвертью-2341,facade,"ФАСАДЫ МАССИВ ДУБА: Фасад из массива дуба багет прямой с четвертью",lm,1100,"официальная цена · ФАСАДЫ МАССИВ ДУБА.pdf"
ren-фасады-массив-дуба-фасад-из-массива-дуба-пилястра-2342,facade,"ФАСАДЫ МАССИВ ДУБА: Фасад из массива дуба Пилястра",pcs,1100,"официальная цена · ФАСАДЫ МАССИВ ДУБА.pdf"
ren-фасады-массив-дуба-фасад-из-массива-дуба-сферический-2343,facade,"ФАСАДЫ МАССИВ ДУБА: Фасад из массива дуба СФЕРИЧЕСКИЙ",pcs,8880,"официальная цена · ФАСАДЫ МАССИВ ДУБА.pdf"
ren-фасады-массив-дуба-фасад-из-массива-дуба-сферический-багет-2344,facade,"ФАСАДЫ МАССИВ ДУБА: Фасад из массива дуба СФЕРИЧЕСКИЙ БАГЕТ",pcs,2210,"официальная цена · ФАСАДЫ МАССИВ ДУБА.pdf"
ren-фасады-массив-дуба-фасад-из-массива-дуба-цоколь-сферический-2345,facade,"ФАСАДЫ МАССИВ ДУБА: Фасад из массива дуба цоколь сферический",pcs,1140,"официальная цена · ФАСАДЫ МАССИВ ДУБА.pdf"
ren-фасады-массив-дуба-фасады-из-массива-дуба-1-категория-2346,facade,"ФАСАДЫ МАССИВ ДУБА: Фасады из массива дуба 1 категория",m2,24210,"официальная цена · ФАСАДЫ МАССИВ ДУБА.pdf"
ren-фасады-массив-дуба-фасады-из-массива-дуба-2-категория-2347,facade,"ФАСАДЫ МАССИВ ДУБА: Фасады из массива дуба 2 категория",m2,24210,"официальная цена · ФАСАДЫ МАССИВ ДУБА.pdf"
ren-фасады-массив-дуба-фасады-из-массива-дуба-3-категория-2348,facade,"ФАСАДЫ МАССИВ ДУБА: Фасады из массива дуба 3 категория",m2,24210,"официальная цена · ФАСАДЫ МАССИВ ДУБА.pdf"
ren-фасады-натуральный-шпон-нш-1-группа-2410,facade,"ФАСАДЫ НАТУРАЛЬНЫЙ ШПОН: НШ 1 ГРУППА",m2,13650,"официальная цена · ФАСАДЫ МДФ ШПОН.pdf"
ren-фасады-натуральный-шпон-нш-2-группа-2411,facade,"ФАСАДЫ НАТУРАЛЬНЫЙ ШПОН: НШ 2 ГРУППА",m2,15390,"официальная цена · ФАСАДЫ МДФ ШПОН.pdf"
ren-фасады-натуральный-шпон-нш-3-группа-2412,facade,"ФАСАДЫ НАТУРАЛЬНЫЙ ШПОН: НШ 3 ГРУППА",m2,17080,"официальная цена · ФАСАДЫ МДФ ШПОН.pdf"
ren-фасады-натуральный-шпон-нш-4-группа-2413,facade,"ФАСАДЫ НАТУРАЛЬНЫЙ ШПОН: НШ 4 ГРУППА",m2,17440,"официальная цена · ФАСАДЫ МДФ ШПОН.pdf"
ren-фасады-натуральный-шпон-нш-5-группа-2414,facade,"ФАСАДЫ НАТУРАЛЬНЫЙ ШПОН: НШ 5 ГРУППА",m2,18450,"официальная цена · ФАСАДЫ МДФ ШПОН.pdf"
ren-фасады-натуральный-шпон-нш-6-группа-2415,facade,"ФАСАДЫ НАТУРАЛЬНЫЙ ШПОН: НШ 6 ГРУППА",m2,19890,"официальная цена · ФАСАДЫ МДФ ШПОН.pdf"
ren-фасады-натуральный-шпон-нш-7-группа-2416,facade,"ФАСАДЫ НАТУРАЛЬНЫЙ ШПОН: НШ 7 ГРУППА",m2,20850,"официальная цена · ФАСАДЫ МДФ ШПОН.pdf"
ren-фасады-натуральный-шпон-нш-8-группа-2417,facade,"ФАСАДЫ НАТУРАЛЬНЫЙ ШПОН: НШ 8 ГРУППА",m2,23000,"официальная цена · ФАСАДЫ МДФ ШПОН.pdf"
ren-фасады-натуральный-шпон-нш-9-группа-2418,facade,"ФАСАДЫ НАТУРАЛЬНЫЙ ШПОН: НШ 9 ГРУППА",m2,25550,"официальная цена · ФАСАДЫ МДФ ШПОН.pdf"
ren-фасады-натуральный-шпон-нш10-группа-2419,facade,"ФАСАДЫ НАТУРАЛЬНЫЙ ШПОН: НШ10 ГРУППА",m2,28020,"официальная цена · ФАСАДЫ МДФ ШПОН.pdf"
ren-фасады-натуральный-шпон-нш11-группа-2420,facade,"ФАСАДЫ НАТУРАЛЬНЫЙ ШПОН: НШ11 ГРУППА",m2,31840,"официальная цена · ФАСАДЫ МДФ ШПОН.pdf"
ren-фасады-натуральный-шпон-нш12-группа-2421,facade,"ФАСАДЫ НАТУРАЛЬНЫЙ ШПОН: НШ12 ГРУППА",m2,39860,"официальная цена · ФАСАДЫ МДФ ШПОН.pdf"
ren-фасады-натуральный-шпон-нш13-группа-2422,facade,"ФАСАДЫ НАТУРАЛЬНЫЙ ШПОН: НШ13 ГРУППА",m2,44790,"официальная цена · ФАСАДЫ МДФ ШПОН.pdf"
ren-фасады-натуральный-шпон-нш14-группа-2423,facade,"ФАСАДЫ НАТУРАЛЬНЫЙ ШПОН: НШ14 ГРУППА",m2,51080,"официальная цена · ФАСАДЫ МДФ ШПОН.pdf"
ren-фасады-натуральный-шпон-нш15-группа-2424,facade,"ФАСАДЫ НАТУРАЛЬНЫЙ ШПОН: НШ15 ГРУППА",m2,55270,"официальная цена · ФАСАДЫ МДФ ШПОН.pdf"
ren-фасады-натуральный-шпон-нш16-группа-2425,facade,"ФАСАДЫ НАТУРАЛЬНЫЙ ШПОН: НШ16 ГРУППА",m2,63410,"официальная цена · ФАСАДЫ МДФ ШПОН.pdf"
ren-фасады-натуральный-шпон-нш17-группа-2426,facade,"ФАСАДЫ НАТУРАЛЬНЫЙ ШПОН: НШ17 ГРУППА",m2,71970,"официальная цена · ФАСАДЫ МДФ ШПОН.pdf"
ren-фасады-натуральный-шпон-нш18-группа-2427,facade,"ФАСАДЫ НАТУРАЛЬНЫЙ ШПОН: НШ18 ГРУППА",m2,78020,"официальная цена · ФАСАДЫ МДФ ШПОН.pdf"
ren-фасады-натуральный-шпон-нш19-группа-2428,facade,"ФАСАДЫ НАТУРАЛЬНЫЙ ШПОН: НШ19 ГРУППА",m2,85380,"официальная цена · ФАСАДЫ МДФ ШПОН.pdf"
ren-кромка-натуральный-шпон-кромка-нш-1-группа-1х23мм-2429,edge,"КРОМКА НАТУРАЛЬНЫЙ ШПОН: Кромка НШ 1 группа 1х23мм",lm,290,"официальная цена · ФАСАДЫ МДФ ШПОН.pdf"
ren-кромка-натуральный-шпон-кромка-нш-2-группа-1х23мм-2430,edge,"КРОМКА НАТУРАЛЬНЫЙ ШПОН: Кромка НШ 2 группа 1х23мм",lm,350,"официальная цена · ФАСАДЫ МДФ ШПОН.pdf"
ren-кромка-натуральный-шпон-кромка-нш-3-группа-1х23мм-2431,edge,"КРОМКА НАТУРАЛЬНЫЙ ШПОН: Кромка НШ 3 группа 1х23мм",lm,390,"официальная цена · ФАСАДЫ МДФ ШПОН.pdf"
ren-кромка-натуральный-шпон-кромка-нш-4-группа-1х23мм-2432,edge,"КРОМКА НАТУРАЛЬНЫЙ ШПОН: Кромка НШ 4 группа 1х23мм",lm,450,"официальная цена · ФАСАДЫ МДФ ШПОН.pdf"
ren-кромка-натуральный-шпон-кромка-нш-5-группа-1х23мм-2433,edge,"КРОМКА НАТУРАЛЬНЫЙ ШПОН: Кромка НШ 5 группа 1х23мм",lm,450,"официальная цена · ФАСАДЫ МДФ ШПОН.pdf"
ren-кромка-натуральный-шпон-кромка-нш-6-группа-1х23мм-2434,edge,"КРОМКА НАТУРАЛЬНЫЙ ШПОН: Кромка НШ 6 группа 1х23мм",lm,500,"официальная цена · ФАСАДЫ МДФ ШПОН.pdf"
ren-кромка-натуральный-шпон-кромка-нш-7-группа-1х23мм-2435,edge,"КРОМКА НАТУРАЛЬНЫЙ ШПОН: Кромка НШ 7 группа 1х23мм",lm,500,"официальная цена · ФАСАДЫ МДФ ШПОН.pdf"
ren-кромка-натуральный-шпон-кромка-нш-8-группа-1х23мм-2436,edge,"КРОМКА НАТУРАЛЬНЫЙ ШПОН: Кромка НШ 8 группа 1х23мм",lm,560,"официальная цена · ФАСАДЫ МДФ ШПОН.pdf"
ren-кромка-натуральный-шпон-кромка-нш-9-группа-1х23мм-2437,edge,"КРОМКА НАТУРАЛЬНЫЙ ШПОН: Кромка НШ 9 группа 1х23мм",lm,750,"официальная цена · ФАСАДЫ МДФ ШПОН.pdf"
ren-кромка-натуральный-шпон-кромка-нш10-группа-1х23мм-2438,edge,"КРОМКА НАТУРАЛЬНЫЙ ШПОН: Кромка НШ10 группа 1х23мм",lm,750,"официальная цена · ФАСАДЫ МДФ ШПОН.pdf"
ren-кромка-натуральный-шпон-кромка-нш11-группа-1х23мм-2439,edge,"КРОМКА НАТУРАЛЬНЫЙ ШПОН: Кромка НШ11 группа 1х23мм",lm,560,"официальная цена · ФАСАДЫ МДФ ШПОН.pdf"
ren-кромка-натуральный-шпон-кромка-нш12-группа-1х23мм-2440,edge,"КРОМКА НАТУРАЛЬНЫЙ ШПОН: Кромка НШ12 группа 1х23мм",lm,1430,"официальная цена · ФАСАДЫ МДФ ШПОН.pdf"
ren-кромка-натуральный-шпон-кромка-нш13-группа-1х23мм-2441,edge,"КРОМКА НАТУРАЛЬНЫЙ ШПОН: Кромка НШ13 группа 1х23мм",lm,2780,"официальная цена · ФАСАДЫ МДФ ШПОН.pdf"
ren-кромка-натуральный-шпон-кромка-нш14-группа-1х23мм-2442,edge,"КРОМКА НАТУРАЛЬНЫЙ ШПОН: Кромка НШ14 группа 1х23мм",lm,2780,"официальная цена · ФАСАДЫ МДФ ШПОН.pdf"
ren-кромка-натуральный-шпон-кромка-нш15-группа-1х23мм-2443,edge,"КРОМКА НАТУРАЛЬНЫЙ ШПОН: Кромка НШ15 группа 1х23мм",lm,2780,"официальная цена · ФАСАДЫ МДФ ШПОН.pdf"
ren-кромка-натуральный-шпон-кромка-нш16-группа-1х23мм-2444,edge,"КРОМКА НАТУРАЛЬНЫЙ ШПОН: Кромка НШ16 группа 1х23мм",lm,2780,"официальная цена · ФАСАДЫ МДФ ШПОН.pdf"
ren-кромка-натуральный-шпон-кромка-нш17-группа-1х23мм-2445,edge,"КРОМКА НАТУРАЛЬНЫЙ ШПОН: Кромка НШ17 группа 1х23мм",lm,2780,"официальная цена · ФАСАДЫ МДФ ШПОН.pdf"
ren-кромка-натуральный-шпон-кромка-нш18-группа-1х23мм-2446,edge,"КРОМКА НАТУРАЛЬНЫЙ ШПОН: Кромка НШ18 группа 1х23мм",lm,2780,"официальная цена · ФАСАДЫ МДФ ШПОН.pdf"
ren-кромка-натуральный-шпон-кромка-нш19-группа-1х23мм-2447,edge,"КРОМКА НАТУРАЛЬНЫЙ ШПОН: Кромка НШ19 группа 1х23мм",lm,2780,"официальная цена · ФАСАДЫ МДФ ШПОН.pdf"
ren-сферы-r300-и-r150-сфера-нш-группа-1-h-601-800мм-2448,other,"СФЕРЫ R300 И R150: Сфера НШ (группа 1) (h= 601-800мм)",pcs,8430,"официальная цена · ФАСАДЫ МДФ ШПОН.pdf"
ren-сферы-r300-и-r150-сфера-нш-группа-2-h-601-800мм-2449,other,"СФЕРЫ R300 И R150: Сфера НШ (группа 2) (h= 601-800мм)",pcs,8990,"официальная цена · ФАСАДЫ МДФ ШПОН.pdf"
ren-сферы-r300-и-r150-сфера-нш-группа-3-h-601-800мм-2450,other,"СФЕРЫ R300 И R150: Сфера НШ (группа 3) (h= 601-800мм)",pcs,9490,"официальная цена · ФАСАДЫ МДФ ШПОН.pdf"
ren-сферы-r300-и-r150-сфера-нш-группа-4-h-601-800мм-2451,other,"СФЕРЫ R300 И R150: Сфера НШ (группа 4) (h= 601-800мм)",pcs,10210,"официальная цена · ФАСАДЫ МДФ ШПОН.pdf"
ren-сферы-r300-и-r150-сфера-нш-группа-5-h-601-800мм-2452,other,"СФЕРЫ R300 И R150: Сфера НШ (группа 5) (h= 601-800мм)",pcs,10760,"официальная цена · ФАСАДЫ МДФ ШПОН.pdf"
ren-сферы-r300-и-r150-сфера-нш-группа-6-h-601-800мм-2453,other,"СФЕРЫ R300 И R150: Сфера НШ (группа 6) (h= 601-800мм)",pcs,11590,"официальная цена · ФАСАДЫ МДФ ШПОН.pdf"
ren-сферы-r300-и-r150-сфера-нш-группа-7-h-601-800мм-2454,other,"СФЕРЫ R300 И R150: Сфера НШ (группа 7) (h= 601-800мм)",pcs,12320,"официальная цена · ФАСАДЫ МДФ ШПОН.pdf"
ren-сферы-r300-и-r150-сфера-нш-группа-8-h-601-800мм-2455,other,"СФЕРЫ R300 И R150: Сфера НШ (группа 8) (h= 601-800мм)",pcs,13040,"официальная цена · ФАСАДЫ МДФ ШПОН.pdf"
ren-сферы-r300-и-r150-сфера-нш-группа-9-h-601-800мм-2456,other,"СФЕРЫ R300 И R150: Сфера НШ (группа 9) (h= 601-800мм)",pcs,14200,"официальная цена · ФАСАДЫ МДФ ШПОН.pdf"
ren-сферы-r300-и-r150-сфера-нш-группа10-h-601-800мм-2457,other,"СФЕРЫ R300 И R150: Сфера НШ (группа10) (h= 601-800мм)",pcs,15480,"официальная цена · ФАСАДЫ МДФ ШПОН.pdf"
ren-сферы-r300-и-r150-сфера-нш-группа11-h-601-800мм-2458,other,"СФЕРЫ R300 И R150: Сфера НШ (группа11) (h= 601-800мм)",pcs,17200,"официальная цена · ФАСАДЫ МДФ ШПОН.pdf"
ren-сферы-r300-и-r150-сфера-нш-группа12-h-601-800мм-2459,other,"СФЕРЫ R300 И R150: Сфера НШ (группа12) (h= 601-800мм)",pcs,21360,"официальная цена · ФАСАДЫ МДФ ШПОН.pdf"
ren-сферы-r300-и-r150-сфера-нш-группа13-h-601-800мм-2460,other,"СФЕРЫ R300 И R150: Сфера НШ (группа13) (h= 601-800мм)",pcs,23910,"официальная цена · ФАСАДЫ МДФ ШПОН.pdf"
ren-сферы-r300-и-r150-сфера-нш-группа14-h-601-800мм-2461,other,"СФЕРЫ R300 И R150: Сфера НШ (группа14) (h= 601-800мм)",pcs,26800,"официальная цена · ФАСАДЫ МДФ ШПОН.pdf"
ren-сферы-r300-и-r150-сфера-нш-группа15-h-601-800мм-2462,other,"СФЕРЫ R300 И R150: Сфера НШ (группа15) (h= 601-800мм)",pcs,29180,"официальная цена · ФАСАДЫ МДФ ШПОН.pdf"
ren-сферы-r300-и-r150-сфера-нш-группа16-h-601-800мм-2463,other,"СФЕРЫ R300 И R150: Сфера НШ (группа16) (h= 601-800мм)",pcs,32620,"официальная цена · ФАСАДЫ МДФ ШПОН.pdf"
ren-сферы-r300-и-r150-сфера-нш-группа17-h-601-800мм-2464,other,"СФЕРЫ R300 И R150: Сфера НШ (группа17) (h= 601-800мм)",pcs,37230,"официальная цена · ФАСАДЫ МДФ ШПОН.pdf"
ren-сферы-r300-и-r150-сфера-нш-группа18-h-601-800мм-2465,other,"СФЕРЫ R300 И R150: Сфера НШ (группа18) (h= 601-800мм)",pcs,40220,"официальная цена · ФАСАДЫ МДФ ШПОН.pdf"
ren-сферы-r300-и-r150-сфера-нш-группа19-h-601-800мм-2466,other,"СФЕРЫ R300 И R150: Сфера НШ (группа19) (h= 601-800мм)",pcs,43880,"официальная цена · ФАСАДЫ МДФ ШПОН.pdf"
ren-доп-для-сферы-r300-и-r150-сфера-нш-группа-1-за-каждые-следующие-100мм-свыше-800м-2467,other,"ДОП ДЛЯ СФЕРЫ R300 И R150: Сфера НШ (группа 1) (за каждые следующие 100мм свыше 800мм)",pcs,1170,"официальная цена · ФАСАДЫ МДФ ШПОН.pdf"
ren-доп-для-сферы-r300-и-r150-сфера-нш-группа-2-за-каждые-следующие-100мм-свыше-800м-2468,other,"ДОП ДЛЯ СФЕРЫ R300 И R150: Сфера НШ (группа 2) (за каждые следующие 100мм свыше 800мм)",pcs,1280,"официальная цена · ФАСАДЫ МДФ ШПОН.pdf"
ren-доп-для-сферы-r300-и-r150-сфера-нш-группа-3-за-каждые-следующие-100мм-свыше-800м-2469,other,"ДОП ДЛЯ СФЕРЫ R300 И R150: Сфера НШ (группа 3) (за каждые следующие 100мм свыше 800мм)",pcs,1330,"официальная цена · ФАСАДЫ МДФ ШПОН.pdf"
ren-доп-для-сферы-r300-и-r150-сфера-нш-группа-4-за-каждые-следующие-100мм-свыше-800м-2470,other,"ДОП ДЛЯ СФЕРЫ R300 И R150: Сфера НШ (группа 4) (за каждые следующие 100мм свыше 800мм)",pcs,1440,"официальная цена · ФАСАДЫ МДФ ШПОН.pdf"
ren-доп-для-сферы-r300-и-r150-сфера-нш-группа-5-за-каждые-следующие-100мм-свыше-800м-2471,other,"ДОП ДЛЯ СФЕРЫ R300 И R150: Сфера НШ (группа 5) (за каждые следующие 100мм свыше 800мм)",pcs,1500,"официальная цена · ФАСАДЫ МДФ ШПОН.pdf"
ren-доп-для-сферы-r300-и-r150-сфера-нш-группа-6-за-каждые-следующие-100мм-свыше-800м-2472,other,"ДОП ДЛЯ СФЕРЫ R300 И R150: Сфера НШ (группа 6) (за каждые следующие 100мм свыше 800мм)",pcs,1610,"официальная цена · ФАСАДЫ МДФ ШПОН.pdf"
ren-доп-для-сферы-r300-и-r150-сфера-нш-группа-7-за-каждые-следующие-100мм-свыше-800м-2473,other,"ДОП ДЛЯ СФЕРЫ R300 И R150: Сфера НШ (группа 7) (за каждые следующие 100мм свыше 800мм)",pcs,1720,"официальная цена · ФАСАДЫ МДФ ШПОН.pdf"
ren-доп-для-сферы-r300-и-r150-сфера-нш-группа-8-за-каждые-следующие-100мм-свыше-800м-2474,other,"ДОП ДЛЯ СФЕРЫ R300 И R150: Сфера НШ (группа 8) (за каждые следующие 100мм свыше 800мм)",pcs,1830,"официальная цена · ФАСАДЫ МДФ ШПОН.pdf"
ren-доп-для-сферы-r300-и-r150-сфера-нш-группа-9-за-каждые-следующие-100мм-свыше-800м-2475,other,"ДОП ДЛЯ СФЕРЫ R300 И R150: Сфера НШ (группа 9) (за каждые следующие 100мм свыше 800мм)",pcs,2000,"официальная цена · ФАСАДЫ МДФ ШПОН.pdf"
ren-доп-для-сферы-r300-и-r150-сфера-нш-группа10-за-каждые-следующие-100мм-свыше-800м-2476,other,"ДОП ДЛЯ СФЕРЫ R300 И R150: Сфера НШ (группа10) (за каждые следующие 100мм свыше 800мм)",pcs,2160,"официальная цена · ФАСАДЫ МДФ ШПОН.pdf"
ren-доп-для-сферы-r300-и-r150-сфера-нш-группа11-за-каждые-следующие-100мм-свыше-800м-2477,other,"ДОП ДЛЯ СФЕРЫ R300 И R150: Сфера НШ (группа11) (за каждые следующие 100мм свыше 800мм)",pcs,2390,"официальная цена · ФАСАДЫ МДФ ШПОН.pdf"
ren-доп-для-сферы-r300-и-r150-сфера-нш-группа12-за-каждые-следующие-100мм-свыше-800м-2478,other,"ДОП ДЛЯ СФЕРЫ R300 И R150: Сфера НШ (группа12) (за каждые следующие 100мм свыше 800мм)",pcs,3000,"официальная цена · ФАСАДЫ МДФ ШПОН.pdf"
ren-доп-для-сферы-r300-и-r150-сфера-нш-группа13-за-каждые-следующие-100мм-свыше-800м-2479,other,"ДОП ДЛЯ СФЕРЫ R300 И R150: Сфера НШ (группа13) (за каждые следующие 100мм свыше 800мм)",pcs,3330,"официальная цена · ФАСАДЫ МДФ ШПОН.pdf"
ren-доп-для-сферы-r300-и-r150-сфера-нш-группа14-за-каждые-следующие-100мм-свыше-800м-2480,other,"ДОП ДЛЯ СФЕРЫ R300 И R150: Сфера НШ (группа14) (за каждые следующие 100мм свыше 800мм)",pcs,3720,"официальная цена · ФАСАДЫ МДФ ШПОН.pdf"
ren-доп-для-сферы-r300-и-r150-сфера-нш-группа15-за-каждые-следующие-100мм-свыше-800м-2481,other,"ДОП ДЛЯ СФЕРЫ R300 И R150: Сфера НШ (группа15) (за каждые следующие 100мм свыше 800мм)",pcs,4050,"официальная цена · ФАСАДЫ МДФ ШПОН.pdf"
ren-доп-для-сферы-r300-и-r150-сфера-нш-группа16-за-каждые-следующие-100мм-свыше-800м-2482,other,"ДОП ДЛЯ СФЕРЫ R300 И R150: Сфера НШ (группа16) (за каждые следующие 100мм свыше 800мм)",pcs,4550,"официальная цена · ФАСАДЫ МДФ ШПОН.pdf"
ren-доп-для-сферы-r300-и-r150-сфера-нш-группа17-за-каждые-следующие-100мм-свыше-800м-2483,other,"ДОП ДЛЯ СФЕРЫ R300 И R150: Сфера НШ (группа17) (за каждые следующие 100мм свыше 800мм)",pcs,5210,"официальная цена · ФАСАДЫ МДФ ШПОН.pdf"
ren-доп-для-сферы-r300-и-r150-сфера-нш-группа18-за-каждые-следующие-100мм-свыше-800м-2484,other,"ДОП ДЛЯ СФЕРЫ R300 И R150: Сфера НШ (группа18) (за каждые следующие 100мм свыше 800мм)",pcs,5600,"официальная цена · ФАСАДЫ МДФ ШПОН.pdf"
ren-доп-для-сферы-r300-и-r150-сфера-нш-группа19-за-каждые-следующие-100мм-свыше-800м-2485,other,"ДОП ДЛЯ СФЕРЫ R300 И R150: Сфера НШ (группа19) (за каждые следующие 100мм свыше 800мм)",pcs,6100,"официальная цена · ФАСАДЫ МДФ ШПОН.pdf"
ren-примечание-наценка-на-запил-45-град-мш-2486,other,"ПРИМЕЧАНИЕ: Наценка на запил 45 град. МШ",m2,580,"официальная цена · ФАСАДЫ МУЛЬТИШПОН 1.pdf"
ren-фасады-мультишпон-мыло-мультишпон-мыло-1-категория-2487,facade,"ФАСАДЫ МУЛЬТИШПОН МЫЛО: МУЛЬТИШПОН МЫЛО 1 КАТЕГОРИЯ",m2,13810,"официальная цена · ФАСАДЫ МУЛЬТИШПОН 1.pdf"
ren-фасады-мультишпон-мыло-мультишпон-мыло-1-категория-32мм-с-2х-сторон-2488,facade,"ФАСАДЫ МУЛЬТИШПОН МЫЛО: МУЛЬТИШПОН МЫЛО 1 КАТЕГОРИЯ 32мм с 2х сторон",m2,15870,"официальная цена · ФАСАДЫ МУЛЬТИШПОН 1.pdf"
ren-фасады-мультишпон-мыло-мультишпон-мыло-2-категория-2489,facade,"ФАСАДЫ МУЛЬТИШПОН МЫЛО: МУЛЬТИШПОН МЫЛО 2 КАТЕГОРИЯ",m2,15700,"официальная цена · ФАСАДЫ МУЛЬТИШПОН 1.pdf"
ren-фасады-мультишпон-мыло-мультишпон-мыло-3-категория-2490,facade,"ФАСАДЫ МУЛЬТИШПОН МЫЛО: МУЛЬТИШПОН МЫЛО 3 КАТЕГОРИЯ",m2,19310,"официальная цена · ФАСАДЫ МУЛЬТИШПОН 1.pdf"
ren-фасады-мультишпон-мыло-мультишпон-мыло-4-категория-2491,facade,"ФАСАДЫ МУЛЬТИШПОН МЫЛО: МУЛЬТИШПОН МЫЛО 4 КАТЕГОРИЯ",m2,29400,"официальная цена · ФАСАДЫ МУЛЬТИШПОН 1.pdf"
ren-фасады-мультишпон-мыло-мультишпон-мыло-5-категория-2492,facade,"ФАСАДЫ МУЛЬТИШПОН МЫЛО: МУЛЬТИШПОН МЫЛО 5 КАТЕГОРИЯ",m2,49380,"официальная цена · ФАСАДЫ МУЛЬТИШПОН 1.pdf"
ren-фасады-мультишпон-мыло-мультишпон-мыло-6-категория-2493,facade,"ФАСАДЫ МУЛЬТИШПОН МЫЛО: МУЛЬТИШПОН МЫЛО 6 КАТЕГОРИЯ",m2,73230,"официальная цена · ФАСАДЫ МУЛЬТИШПОН 1.pdf"
ren-мультишпон-фрезеровка-мш-витрина-2494,facade,"МУЛЬТИШПОН ФРЕЗЕРОВКА: МШ Витрина",m2,1940,"официальная цена · ФАСАДЫ МУЛЬТИШПОН 1.pdf"
ren-мультишпон-фрезеровка-мш-интегро-10-2495,facade,"МУЛЬТИШПОН ФРЕЗЕРОВКА: МШ Интегро №10",m2,3350,"официальная цена · ФАСАДЫ МУЛЬТИШПОН 1.pdf"
ren-мультишпон-фрезеровка-мш-нуар-2496,facade,"МУЛЬТИШПОН ФРЕЗЕРОВКА: МШ Нуар",m2,5500,"официальная цена · ФАСАДЫ МУЛЬТИШПОН 1.pdf"
ren-мультишпон-фрезеровка-мш-равено-с-накладками-2497,facade,"МУЛЬТИШПОН ФРЕЗЕРОВКА: МШ Равено(с накладками)",m2,6470,"официальная цена · ФАСАДЫ МУЛЬТИШПОН 1.pdf"
ren-мультишпон-фрезеровка-мш-рейн-2498,facade,"МУЛЬТИШПОН ФРЕЗЕРОВКА: МШ Рейн",m2,5500,"официальная цена · ФАСАДЫ МУЛЬТИШПОН 1.pdf"
ren-сферы-r300-и-r150-сфера-мш-группа-1-h-601-800мм-2499,other,"СФЕРЫ R300 И R150: Сфера МШ (группа 1) (h= 601-800мм)",pcs,10210,"официальная цена · ФАСАДЫ МУЛЬТИШПОН 1.pdf"
ren-сферы-r300-и-r150-сфера-мш-группа-2-h-601-800мм-2500,other,"СФЕРЫ R300 И R150: Сфера МШ (группа 2) (h= 601-800мм)",pcs,11320,"официальная цена · ФАСАДЫ МУЛЬТИШПОН 1.pdf"
ren-сферы-r300-и-r150-сфера-мш-группа-3-h-601-800мм-2501,other,"СФЕРЫ R300 И R150: Сфера МШ (группа 3) (h= 601-800мм)",pcs,13540,"официальная цена · ФАСАДЫ МУЛЬТИШПОН 1.pdf"
ren-сферы-r300-и-r150-сфера-мш-группа-4-h-601-800мм-2502,other,"СФЕРЫ R300 И R150: Сфера МШ (группа 4) (h= 601-800мм)",pcs,19810,"официальная цена · ФАСАДЫ МУЛЬТИШПОН 1.pdf"
ren-сферы-r300-и-r150-сфера-мш-группа-5-h-601-800мм-2503,other,"СФЕРЫ R300 И R150: Сфера МШ (группа 5) (h= 601-800мм)",pcs,32180,"официальная цена · ФАСАДЫ МУЛЬТИШПОН 1.pdf"
ren-сферы-r300-и-r150-сфера-мш-группа-6-h-601-800мм-2504,other,"СФЕРЫ R300 И R150: Сфера МШ (группа 6) (h= 601-800мм)",pcs,46930,"официальная цена · ФАСАДЫ МУЛЬТИШПОН 1.pdf"
ren-доп-для-сферы-r300-и-r150-сфера-мш-группа-1-за-каждые-следующие-100мм-свыше-800м-2505,other,"ДОП ДЛЯ СФЕРЫ R300 И R150: Сфера МШ (группа 1) (за каждые следующие 100мм свыше 800мм)",pcs,1390,"официальная цена · ФАСАДЫ МУЛЬТИШПОН 1.pdf"
ren-доп-для-сферы-r300-и-r150-сфера-мш-группа-2-за-каждые-следующие-100мм-свыше-800м-2506,other,"ДОП ДЛЯ СФЕРЫ R300 И R150: Сфера МШ (группа 2) (за каждые следующие 100мм свыше 800мм)",pcs,1550,"официальная цена · ФАСАДЫ МУЛЬТИШПОН 1.pdf"
ren-доп-для-сферы-r300-и-r150-сфера-мш-группа-3-за-каждые-следующие-100мм-свыше-800м-2507,other,"ДОП ДЛЯ СФЕРЫ R300 И R150: Сфера МШ (группа 3) (за каждые следующие 100мм свыше 800мм)",pcs,1890,"официальная цена · ФАСАДЫ МУЛЬТИШПОН 1.pdf"
ren-доп-для-сферы-r300-и-r150-сфера-мш-группа-4-за-каждые-следующие-100мм-свыше-800м-2508,other,"ДОП ДЛЯ СФЕРЫ R300 И R150: Сфера МШ (группа 4) (за каждые следующие 100мм свыше 800мм)",pcs,2720,"официальная цена · ФАСАДЫ МУЛЬТИШПОН 1.pdf"
ren-доп-для-сферы-r300-и-r150-сфера-мш-группа-5-за-каждые-следующие-100мм-свыше-800м-2509,other,"ДОП ДЛЯ СФЕРЫ R300 И R150: Сфера МШ (группа 5) (за каждые следующие 100мм свыше 800мм)",pcs,4440,"официальная цена · ФАСАДЫ МУЛЬТИШПОН 1.pdf"
ren-доп-для-сферы-r300-и-r150-сфера-мш-группа-6-за-каждые-следующие-100мм-свыше-800м-2510,other,"ДОП ДЛЯ СФЕРЫ R300 И R150: Сфера МШ (группа 6) (за каждые следующие 100мм свыше 800мм)",pcs,6490,"официальная цена · ФАСАДЫ МУЛЬТИШПОН 1.pdf"
ren-кромка-мультишпон-кромка-на-мультишпон-1x23-2511,edge,"КРОМКА МУЛЬТИШПОН: Кромка на мультишпон 1x23",lm,450,"официальная цена · ФАСАДЫ МУЛЬТИШПОН 1.pdf"
ren-кромка-мультишпон-кромка-на-мультишпон-1x38-2512,edge,"КРОМКА МУЛЬТИШПОН: Кромка на мультишпон 1x38",lm,1740,"официальная цена · ФАСАДЫ МУЛЬТИШПОН 1.pdf"
ren-наценка-на-диагональную-текстуру-наценка-на-диагональную-текстуру-мш-группа-1-2513,other,"НАЦЕНКА НА ДИАГОНАЛЬНУЮ ТЕКСТУРУ: Наценка на диагональную текстуру МШ (группа 1)",m2,2330,"официальная цена · ФАСАДЫ МУЛЬТИШПОН 1.pdf"
ren-наценка-на-диагональную-текстуру-наценка-на-диагональную-текстуру-мш-группа-2-2514,other,"НАЦЕНКА НА ДИАГОНАЛЬНУЮ ТЕКСТУРУ: Наценка на диагональную текстуру МШ (группа 2)",m2,2910,"официальная цена · ФАСАДЫ МУЛЬТИШПОН 1.pdf"
ren-наценка-на-диагональную-текстуру-наценка-на-диагональную-текстуру-мш-группа-3-2515,other,"НАЦЕНКА НА ДИАГОНАЛЬНУЮ ТЕКСТУРУ: Наценка на диагональную текстуру МШ (группа 3)",m2,3950,"официальная цена · ФАСАДЫ МУЛЬТИШПОН 1.pdf"
ren-наценка-на-диагональную-текстуру-наценка-на-диагональную-текстуру-мш-группа-4-2516,other,"НАЦЕНКА НА ДИАГОНАЛЬНУЮ ТЕКСТУРУ: Наценка на диагональную текстуру МШ (группа 4)",m2,6860,"официальная цена · ФАСАДЫ МУЛЬТИШПОН 1.pdf"
ren-наценка-на-диагональную-текстуру-наценка-на-диагональную-текстуру-мш-группа-5-2517,other,"НАЦЕНКА НА ДИАГОНАЛЬНУЮ ТЕКСТУРУ: Наценка на диагональную текстуру МШ (группа 5)",m2,12690,"официальная цена · ФАСАДЫ МУЛЬТИШПОН 1.pdf"
ren-наценка-на-диагональную-текстуру-наценка-на-диагональную-текстуру-мш-группа-6-2518,other,"НАЦЕНКА НА ДИАГОНАЛЬНУЮ ТЕКСТУРУ: Наценка на диагональную текстуру МШ (группа 6)",m2,19610,"официальная цена · ФАСАДЫ МУЛЬТИШПОН 1.pdf"
ren-фасады-мультишпон-мультишпон-1-категория-2675,facade,"ФАСАДЫ МУЛЬТИШПОН: МУЛЬТИШПОН 1 КАТЕГОРИЯ",m2,17550,"официальная цена · ФАСАДЫ МУЛЬТИШПОН 2.pdf"
ren-фасады-мультишпон-мультишпон-2-категория-2676,facade,"ФАСАДЫ МУЛЬТИШПОН: МУЛЬТИШПОН 2 КАТЕГОРИЯ",m2,28050,"официальная цена · ФАСАДЫ МУЛЬТИШПОН 2.pdf"
ren-фасады-мультишпон-мультишпон-3-категория-2677,facade,"ФАСАДЫ МУЛЬТИШПОН: МУЛЬТИШПОН 3 КАТЕГОРИЯ",m2,38230,"официальная цена · ФАСАДЫ МУЛЬТИШПОН 2.pdf"
ren-фасады-мультишпон-мультишпон-4-категория-2678,facade,"ФАСАДЫ МУЛЬТИШПОН: МУЛЬТИШПОН 4 КАТЕГОРИЯ",m2,49760,"официальная цена · ФАСАДЫ МУЛЬТИШПОН 2.pdf"
ren-фасады-мультишпон-мультишпон-5-категория-2679,facade,"ФАСАДЫ МУЛЬТИШПОН: МУЛЬТИШПОН 5 КАТЕГОРИЯ",m2,62450,"официальная цена · ФАСАДЫ МУЛЬТИШПОН 2.pdf"
ren-фасады-мультишпон-мультишпон-6-категория-2680,facade,"ФАСАДЫ МУЛЬТИШПОН: МУЛЬТИШПОН 6 КАТЕГОРИЯ",m2,88980,"официальная цена · ФАСАДЫ МУЛЬТИШПОН 2.pdf"
ren-фасады-пфф-mattelux-фасады-mattelux-в-кромке-abs-2809,edge,"ФАСАДЫ ПФФ MATTELUX: Фасады MATTELUX в кромке ABS",m2,13900,"официальная цена · ФАСАДЫ ПФФ MATTELUX.pdf"
ren-фасады-пфф-softlux-фасад-softlux-в-однотонн-кромке-2844,edge,"ФАСАДЫ ПФФ SOFTLUX: Фасад SOFTLUX в однотонн.кромке",m2,10070,"официальная цена · ФАСАДЫ ПФФ SOFTLUX.pdf"
ren-фасады-пфф-woodlux-фасад-woodlux-в-кромке-идентичной-декору-2852,edge,"ФАСАДЫ ПФФ WOODLUX: Фасад WOODLUX в кромке идентичной декору",m2,7870,"официальная цена · ФАСАДЫ ПФФ WOODLUX.pdf"
ren-фасады-шпон-шпон-18-zenzero-03-дуб-2-ст-rm-034-rm-034-тнг-тнг-мат-2865,facade,"ФАСАДЫ ШПОН: ШПОН(18) Zenzero 03, Дуб-2-ст, RM-034-RM-034, ТНГ-ТНГ, мат",m2,20650,"официальная цена · ФАСАДЫ ШПОН.pdf"
ren-фасады-шпон-шпон-18-американский-орех-натуральный-2-ст-тнг-тнг-мат-2866,facade,"ФАСАДЫ ШПОН: ШПОН(18) Американский орех натуральный 2-ст, ТНГ-ТНГ, мат",m2,20130,"официальная цена · ФАСАДЫ ШПОН.pdf"
ren-фасады-шпон-шпон-18-борнео-трюфель-дуб-2-ст-dec-e-003-dec-e-003-тнг-тнг-мат-2867,facade,"ФАСАДЫ ШПОН: ШПОН(18) Борнео трюфель, Дуб-2-ст, DEC-E-003-DEC-E-003, ТНГ-ТНГ, мат",m2,21910,"официальная цена · ФАСАДЫ ШПОН.pdf"
ren-фасады-шпон-шпон-18-венге-10-дуб-2-ст-rm-026-rm-026-тнг-тнг-мат-2868,facade,"ФАСАДЫ ШПОН: ШПОН(18) Венге 10, Дуб-2-ст, RM-026-RM-026, ТНГ-ТНГ, мат",m2,20670,"официальная цена · ФАСАДЫ ШПОН.pdf"
ren-фасады-шпон-шпон-18-вишня-дуб-2-ст-rm-028-rm-028-тнг-тнг-мат-2869,facade,"ФАСАДЫ ШПОН: ШПОН(18) Вишня, Дуб-2-ст, RM-028-RM-028, ТНГ-ТНГ, мат",m2,20670,"официальная цена · ФАСАДЫ ШПОН.pdf"
ren-фасады-шпон-шпон-18-дуб-натуральный-2-ст-тнг-тнг-мат-2870,facade,"ФАСАДЫ ШПОН: ШПОН(18) Дуб натуральный 2-ст, ТНГ-ТНГ, мат",m2,18870,"официальная цена · ФАСАДЫ ШПОН.pdf"
ren-фасады-шпон-шпон-18-старинный-орех-25-дуб-2-ст-rm-016-rm-016-тнг-тнг-мат-2871,facade,"ФАСАДЫ ШПОН: ШПОН(18) Старинный орех 25, Дуб-2-ст, RM-016-RM-016, ТНГ-ТНГ, мат",m2,20670,"официальная цена · ФАСАДЫ ШПОН.pdf"
ren-фасады-шпон-шпон-18-ясень-2-ст-ral9001-ral9001-тнг-тнг-мат-мат-2872,facade,"ФАСАДЫ ШПОН: ШПОН(18) Ясень-2-ст, RAL9001 RAL9001, ТНГ ТНГ, мат мат",m2,25500,"официальная цена · ФАСАДЫ ШПОН.pdf"
ren-ручка-из-шпона-ручка-из-шпона-альберо-0-500мм-2873,hardware,"РУЧКА ИЗ ШПОНА: Ручка из шпона Альберо (0-500мм)",pcs,3030,"официальная цена · ФАСАДЫ ШПОН.pdf"
ren-ручка-из-шпона-ручка-из-шпона-альберо-1000-1500мм-2874,hardware,"РУЧКА ИЗ ШПОНА: Ручка из шпона Альберо (1000-1500мм)",pcs,5430,"официальная цена · ФАСАДЫ ШПОН.pdf"
ren-ручка-из-шпона-ручка-из-шпона-альберо-500-1000мм-2875,hardware,"РУЧКА ИЗ ШПОНА: Ручка из шпона Альберо (500-1000мм)",pcs,3630,"официальная цена · ФАСАДЫ ШПОН.pdf"
ren-ручка-из-шпона-ручка-из-шпона-экзюпери-0-500мм-2876,hardware,"РУЧКА ИЗ ШПОНА: Ручка из шпона Экзюпери (0-500мм)",pcs,3030,"официальная цена · ФАСАДЫ ШПОН.pdf"
ren-ручка-из-шпона-ручка-из-шпона-экзюпери-500-1000мм-2877,hardware,"РУЧКА ИЗ ШПОНА: Ручка из шпона Экзюпери (500-1000мм)",pcs,3630,"официальная цена · ФАСАДЫ ШПОН.pdf"
ren-бутылочницы-и-наполнение-корзина-ф-150-бок-с-доводчиком-2878,other,"БУТЫЛОЧНИЦЫ И НАПОЛНЕНИЕ: Корзина (Ф-150) бок (с доводчиком)",pcs,3430,"официальная цена · ФУРНИТУРA.pdf"
ren-бутылочницы-и-наполнение-корзина-ф-150-бок-гл-460-2879,other,"БУТЫЛОЧНИЦЫ И НАПОЛНЕНИЕ: Корзина (Ф-150) бок гл.460",pcs,1190,"официальная цена · ФУРНИТУРA.pdf"
ren-бутылочницы-и-наполнение-корзина-ф-200-бок-гл-460-2880,other,"БУТЫЛОЧНИЦЫ И НАПОЛНЕНИЕ: Корзина (Ф-200) бок гл.460",pcs,1260,"официальная цена · ФУРНИТУРA.pdf"
ren-бутылочницы-и-наполнение-корзина-ф-200-бок-гл-460-с-доводчиком-2881,other,"БУТЫЛОЧНИЦЫ И НАПОЛНЕНИЕ: Корзина (Ф-200) бок гл.460 (с доводчиком)",pcs,1780,"официальная цена · ФУРНИТУРA.pdf"
ren-бутылочницы-и-наполнение-корзина-ф-200-низ-гл-440-2882,other,"БУТЫЛОЧНИЦЫ И НАПОЛНЕНИЕ: Корзина (Ф-200) низ гл.440",pcs,1740,"официальная цена · ФУРНИТУРA.pdf"
ren-бутылочницы-и-наполнение-корзина-ф-300-гл-460-с-доводчиком-2883,other,"БУТЫЛОЧНИЦЫ И НАПОЛНЕНИЕ: Корзина (Ф-300) гл.460 (с доводчиком)",pcs,6740,"официальная цена · ФУРНИТУРA.pdf"
ren-бутылочницы-и-наполнение-лоток-для-столовых-приборов-белый-шир-лотка-195-265-глу-2884,other,"БУТЫЛОЧНИЦЫ И НАПОЛНЕНИЕ: Лоток для столовых приборов БЕЛЫЙ (шир.лотка 195-265 глуб.лотка 380-484)",pcs,340,"официальная цена · ФУРНИТУРA.pdf"
ren-бутылочницы-и-наполнение-лоток-для-столовых-приборов-белый-шир-лотка-319-385-глу-2885,other,"БУТЫЛОЧНИЦЫ И НАПОЛНЕНИЕ: Лоток для столовых приборов БЕЛЫЙ (шир.лотка 319-385, глуб.лотка 380-484)",pcs,400,"официальная цена · ФУРНИТУРA.pdf"
ren-бутылочницы-и-наполнение-лоток-для-столовых-приборов-белый-шир-лотка-388-463-глу-2886,other,"БУТЫЛОЧНИЦЫ И НАПОЛНЕНИЕ: Лоток для столовых приборов БЕЛЫЙ (шир.лотка 388-463, глуб.лотка 380-484)",pcs,470,"официальная цена · ФУРНИТУРA.pdf"
ren-бутылочницы-и-наполнение-лоток-для-столовых-приборов-белый-шир-лотка-494-540-глу-2887,other,"БУТЫЛОЧНИЦЫ И НАПОЛНЕНИЕ: Лоток для столовых приборов БЕЛЫЙ (шир.лотка 494-540, глуб.лотка 383-490)",pcs,510,"официальная цена · ФУРНИТУРA.pdf"
ren-бутылочницы-и-наполнение-лоток-для-столовых-приборов-серый-шир-лотка-195-265-глу-2888,other,"БУТЫЛОЧНИЦЫ И НАПОЛНЕНИЕ: Лоток для столовых приборов СЕРЫЙ (шир.лотка 195-265, глуб.лотка 380-484)",pcs,350,"официальная цена · ФУРНИТУРA.pdf"
ren-бутылочницы-и-наполнение-лоток-для-столовых-приборов-серый-шир-лотка-319-385-глу-2889,other,"БУТЫЛОЧНИЦЫ И НАПОЛНЕНИЕ: Лоток для столовых приборов СЕРЫЙ (шир.лотка 319-385, глуб.лотка 380-484)",pcs,340,"официальная цена · ФУРНИТУРA.pdf"
ren-бутылочницы-и-наполнение-лоток-для-столовых-приборов-серый-шир-лотка-388-463-глу-2890,other,"БУТЫЛОЧНИЦЫ И НАПОЛНЕНИЕ: Лоток для столовых приборов СЕРЫЙ (шир.лотка 388-463, глуб.лотка 380-484)",pcs,390,"официальная цена · ФУРНИТУРA.pdf"
ren-бутылочницы-и-наполнение-лоток-для-столовых-приборов-серый-шир-лотка-494-540-глу-2891,other,"БУТЫЛОЧНИЦЫ И НАПОЛНЕНИЕ: Лоток для столовых приборов СЕРЫЙ (шир.лотка 494-540, глуб.лотка 383-490)",pcs,420,"официальная цена · ФУРНИТУРA.pdf"
ren-кронштейны-кронштейн-барный-газовый-n-100-2892,other,"КРОНШТЕЙНЫ: Кронштейн барный газовый N=100",pcs,80,"официальная цена · ФУРНИТУРA.pdf"
ren-кронштейны-кронштейн-барный-газовый-n-50-2893,other,"КРОНШТЕЙНЫ: Кронштейн барный газовый N=50",pcs,120,"официальная цена · ФУРНИТУРA.pdf"
ren-кронштейны-кронштейн-барный-газовый-n-80-2894,other,"КРОНШТЕЙНЫ: Кронштейн барный газовый N=80",pcs,90,"официальная цена · ФУРНИТУРA.pdf"
ren-кронштейны-кронштейн-барный-простой-2895,other,"КРОНШТЕЙНЫ: Кронштейн барный простой",pcs,350,"официальная цена · ФУРНИТУРA.pdf"
ren-кронштейны-кронштейн-газовый-для-нижних-полок-2896,other,"КРОНШТЕЙНЫ: Кронштейн газовый для нижних полок",pcs,110,"официальная цена · ФУРНИТУРA.pdf"
ren-кронштейны-кронштейн-с-регулируемым-углом-открывания-2897,other,"КРОНШТЕЙНЫ: Кронштейн с регулируемым углом открывания",pcs,370,"официальная цена · ФУРНИТУРA.pdf"
ren-матрацы-и-ортопедические-конструкции-матрац-элит-сп-03-серия-прима-800х1860-2898,other,"МАТРАЦЫ И ОРТОПЕДИЧЕСКИЕ КОНСТРУКЦИИ: Матрац Элит СП-03 серия ПРИМА 800х1860",pcs,13480,"официальная цена · ФУРНИТУРA.pdf"
ren-матрацы-и-ортопедические-конструкции-матрац-элит-сп-03-серия-прима-900х1860-2899,other,"МАТРАЦЫ И ОРТОПЕДИЧЕСКИЕ КОНСТРУКЦИИ: Матрац Элит СП-03 серия ПРИМА 900х1860",pcs,16310,"официальная цена · ФУРНИТУРA.pdf"
ren-матрацы-и-ортопедические-конструкции-ортопед-с-подъемным-механизмом-1400х2000-с--2900,other,"МАТРАЦЫ И ОРТОПЕДИЧЕСКИЕ КОНСТРУКЦИИ: Ортопед с подъемным механизмом 1400х2000 (с крепежом)",pcs,7420,"официальная цена · ФУРНИТУРA.pdf"
ren-матрацы-и-ортопедические-конструкции-ортопед-с-подъемным-механизмом-2000х2000-с--2901,other,"МАТРАЦЫ И ОРТОПЕДИЧЕСКИЕ КОНСТРУКЦИИ: Ортопед с подъемным механизмом 2000х2000 (с крепежом)",pcs,10320,"официальная цена · ФУРНИТУРA.pdf"
ren-матрацы-и-ортопедические-конструкции-ортопед-с-подъемным-механизмом-900х2000-с-к-2902,other,"МАТРАЦЫ И ОРТОПЕДИЧЕСКИЕ КОНСТРУКЦИИ: Ортопед с подъемным механизмом 900х2000 (с крепежом)",pcs,6190,"официальная цена · ФУРНИТУРA.pdf"
ren-матрацы-и-ортопедические-конструкции-ортопедическая-конструкция-1400х2000-2903,other,"МАТРАЦЫ И ОРТОПЕДИЧЕСКИЕ КОНСТРУКЦИИ: Ортопедическая конструкция 1400х2000",pcs,6690,"официальная цена · ФУРНИТУРA.pdf"
ren-матрацы-и-ортопедические-конструкции-ортопедическая-конструкция-2000х2000-2904,other,"МАТРАЦЫ И ОРТОПЕДИЧЕСКИЕ КОНСТРУКЦИИ: Ортопедическая конструкция 2000х2000",pcs,9590,"официальная цена · ФУРНИТУРA.pdf"
ren-матрацы-и-ортопедические-конструкции-ортопедическая-конструкция-900х2000-2905,other,"МАТРАЦЫ И ОРТОПЕДИЧЕСКИЕ КОНСТРУКЦИИ: Ортопедическая конструкция 900х2000",pcs,5450,"официальная цена · ФУРНИТУРA.pdf"
ren-ножки-1004-a60-ножка-пластиковая-серии-1004-h-60мм-мдм-2906,hardware,"НОЖКИ: 1004.A60 Ножка пластиковая серии 1004, h=60мм (МДМ)",pcs,260,"официальная цена · ФУРНИТУРA.pdf"
ren-ножки-301-ножка-на-100мм-d-25мм-хром-сатиновый-2907,hardware,"НОЖКИ: №301 Ножка на 100мм D=25мм Хром сатиновый",pcs,340,"официальная цена · ФУРНИТУРA.pdf"
ren-ножки-302-ножка-на-100мм-d-50мм-хром-полированный-2908,hardware,"НОЖКИ: №302 Ножка на 100мм D=50мм Хром полированный",pcs,910,"официальная цена · ФУРНИТУРA.pdf"
ren-ножки-302-ножка-на-100мм-d-50мм-хром-сатиновый-2909,hardware,"НОЖКИ: №302 Ножка на 100мм D=50мм Хром сатиновый",pcs,850,"официальная цена · ФУРНИТУРA.pdf"
ren-ножки-колесная-опора-2910,hardware,"НОЖКИ: Колесная опора",pcs,50,"официальная цена · ФУРНИТУРA.pdf"
ren-ножки-ножка-пластмассовая-на-100мм-белая-2911,hardware,"НОЖКИ: Ножка пластмассовая на 100мм белая",pcs,40,"официальная цена · ФУРНИТУРA.pdf"
ren-ножки-ножка-пластмассовая-на-100мм-черная-2912,hardware,"НОЖКИ: Ножка пластмассовая на 100мм черная",pcs,40,"официальная цена · ФУРНИТУРA.pdf"
ren-ножки-ножка-пластмассовая-на-120мм-2913,hardware,"НОЖКИ: Ножка пластмассовая на 120мм",pcs,40,"официальная цена · ФУРНИТУРA.pdf"
ren-ножки-ножка-пластмассовая-на-150мм-2914,hardware,"НОЖКИ: Ножка пластмассовая на 150мм",pcs,40,"официальная цена · ФУРНИТУРA.pdf"
ren-ножки-ножка-регулируемая-хром-на-100-мм-2915,hardware,"НОЖКИ: Ножка регулируемая Хром на 100 мм",pcs,60,"официальная цена · ФУРНИТУРA.pdf"
ren-ножки-опора-h22-мм-2916,hardware,"НОЖКИ: Опора h22 мм",pcs,60,"официальная цена · ФУРНИТУРA.pdf"
ren-ножки-опора-м-6-2917,hardware,"НОЖКИ: Опора М-6",pcs,20,"официальная цена · ФУРНИТУРA.pdf"
ren-ножки-подпятник-для-трубы-d-50-мм-2918,hardware,"НОЖКИ: Подпятник для трубы D=50 мм",pcs,20,"официальная цена · ФУРНИТУРA.pdf"
ren-навесы-навес-регулируемый-abs-левый-и-правый-с-накладками-2919,other,"НАВЕСЫ: Навес регулируемый ABS (левый и правый) с накладками",set,260,"официальная цена · ФУРНИТУРA.pdf"
ren-навесы-подвеска-регулируемая-для-полок-навес-2920,other,"НАВЕСЫ: Подвеска регулируемая для полок (Навес)",pcs,70,"официальная цена · ФУРНИТУРA.pdf"
ren-навесы-полоса-крепежная-монтажная-лента-2м-2921,labor,"НАВЕСЫ: Полоса крепежная (Монтажная лента 2м)",pcs,280,"официальная цена · ФУРНИТУРA.pdf"
ren-направляющие-для-ящиков-направляющие-для-ящиков-пвш-2922,hardware,"НАПРАВЛЯЮЩИЕ ДЛЯ ЯЩИКОВ: Направляющие для ящиков ПВШ",set,330,"официальная цена · ФУРНИТУРA.pdf"
ren-направляющие-для-ящиков-направляющие-для-ящиков-пвш-db4525-с-доводчиком-на-300-м-2923,hardware,"НАПРАВЛЯЮЩИЕ ДЛЯ ЯЩИКОВ: Направляющие для ящиков ПВШ ""DB4525"" с доводчиком на 300 мм",set,570,"официальная цена · ФУРНИТУРA.pdf"
ren-направляющие-для-ящиков-направляющие-для-ящиков-пвш-с-доводчиком-2924,hardware,"НАПРАВЛЯЮЩИЕ ДЛЯ ЯЩИКОВ: Направляющие для ящиков ПВШ с доводчиком",set,840,"официальная цена · ФУРНИТУРA.pdf"
ren-направляющие-для-ящиков-направляющие-для-ящиков-пвш-усиленные-2925,hardware,"НАПРАВЛЯЮЩИЕ ДЛЯ ЯЩИКОВ: Направляющие для ящиков ПВШ усиленные",set,430,"официальная цена · ФУРНИТУРA.pdf"
ren-направляющие-для-ящиков-направляющие-роликовые-2926,hardware,"НАПРАВЛЯЮЩИЕ ДЛЯ ЯЩИКОВ: Направляющие роликовые",set,290,"официальная цена · ФУРНИТУРA.pdf"
ren-петли-амортизатор-для-фасада-демпфер-2927,hardware,"ПЕТЛИ: Амортизатор для фасада (демпфер)",pcs,50,"официальная цена · ФУРНИТУРA.pdf"
ren-петли-петля-для-стеклянной-двери-2928,hardware,"ПЕТЛИ: Петля для стеклянной двери",pcs,320,"официальная цена · ФУРНИТУРA.pdf"
ren-пристеночный-бортик-водоотбойник-алюмин-к-т-заглушек-2929,other,"ПРИСТЕНОЧНЫЙ БОРТИК: Водоотбойник алюмин(+к-т заглушек)",pcs,840,"официальная цена · ФУРНИТУРA.pdf"
ren-пристеночный-бортик-водоотбойник-вставка-и-к-т-заглушек-2930,other,"ПРИСТЕНОЧНЫЙ БОРТИК: Водоотбойник(+вставка и к-т заглушек)",pcs,710,"официальная цена · ФУРНИТУРA.pdf"
ren-пристеночный-бортик-пристеночный-бортик-korner-3м-к-т-заглушек-lb-23-2931,other,"ПРИСТЕНОЧНЫЙ БОРТИК: Пристеночный бортик Korner (3м + к-т заглушек) LB-23",pcs,1490,"официальная цена · ФУРНИТУРA.pdf"
ren-пристеночный-бортик-пристеночный-бортик-korner-3м-к-т-заглушек-lb-37-2932,other,"ПРИСТЕНОЧНЫЙ БОРТИК: Пристеночный бортик Korner (3м + к-т заглушек) LB-37",pcs,2250,"официальная цена · ФУРНИТУРA.pdf"
ren-пристеночный-бортик-пристеночный-бортик-thermoplast-3м-ap740-высокий-2933,other,"ПРИСТЕНОЧНЫЙ БОРТИК: Пристеночный бортик THERMOPLAST (3м) AP740 (высокий)",pcs,2420,"официальная цена · ФУРНИТУРA.pdf"
ren-пристеночный-бортик-пристеночный-бортик-thermoplast-3м-mrk120-низкий-2934,other,"ПРИСТЕНОЧНЫЙ БОРТИК: Пристеночный бортик THERMOPLAST (3м) MRK120 (низкий)",pcs,1480,"официальная цена · ФУРНИТУРA.pdf"
ren-прочая-фурнитура-fa100-алюминиевый-поддон-для-кух-базы-под-раковину-1000мм-мдм-2935,hardware,"ПРОЧАЯ ФУРНИТУРА: FA100 Алюминиевый поддон для кух. базы под раковину 1000мм (МДМ)",pcs,2100,"официальная цена · ФУРНИТУРA.pdf"
ren-прочая-фурнитура-fa120-алюминиевый-поддон-для-кух-базы-под-раковину-1200мм-мдм-2936,hardware,"ПРОЧАЯ ФУРНИТУРА: FA120 Алюминиевый поддон для кух. базы под раковину 1200мм (МДМ)",pcs,2130,"официальная цена · ФУРНИТУРA.pdf"
ren-прочая-фурнитура-fa60-алюминиевый-поддон-для-кух-базы-под-раковину-600мм-мдм-2937,hardware,"ПРОЧАЯ ФУРНИТУРА: FA60 Алюминиевый поддон для кух. базы под раковину 600мм (МДМ)",pcs,1090,"официальная цена · ФУРНИТУРA.pdf"
ren-прочая-фурнитура-fa80-алюминиевый-поддон-для-кух-базы-под-раковину-800мм-мдм-2938,hardware,"ПРОЧАЯ ФУРНИТУРА: FA80 Алюминиевый поддон для кух. базы под раковину 800мм (МДМ)",pcs,1390,"официальная цена · ФУРНИТУРA.pdf"
ren-прочая-фурнитура-fa90-алюминиевый-поддон-для-кух-базы-под-раковину-900мм-мдм-2939,hardware,"ПРОЧАЯ ФУРНИТУРА: FA90 Алюминиевый поддон для кух. базы под раковину 900мм (МДМ)",pcs,1500,"официальная цена · ФУРНИТУРA.pdf"
ren-прочая-фурнитура-замок-мебельный-2940,hardware,"ПРОЧАЯ ФУРНИТУРА: Замок мебельный",set,90,"официальная цена · ФУРНИТУРA.pdf"
ren-прочая-фурнитура-комплект-термоизоляционных-планок-для-дш-2941,hardware,"ПРОЧАЯ ФУРНИТУРА: Комплект термоизоляционных планок для ДШ",set,390,"официальная цена · ФУРНИТУРA.pdf"
ren-прочая-фурнитура-механизм-калошница-2942,hardware,"ПРОЧАЯ ФУРНИТУРА: Механизм Калошница",set,230,"официальная цена · ФУРНИТУРA.pdf"
ren-прочая-фурнитура-планка-для-стеновой-панели-2943,hardware,"ПРОЧАЯ ФУРНИТУРА: Планка для стеновой панели",pcs,80,"официальная цена · ФУРНИТУРA.pdf"
ren-прочая-фурнитура-планка-для-столешницы-28мм-2944,hardware,"ПРОЧАЯ ФУРНИТУРА: Планка для столешницы 28мм",pcs,200,"официальная цена · ФУРНИТУРA.pdf"
ren-прочая-фурнитура-планка-для-столешницы-38мм-2945,hardware,"ПРОЧАЯ ФУРНИТУРА: Планка для столешницы 38мм",pcs,500,"официальная цена · ФУРНИТУРA.pdf"
ren-прочая-фурнитура-поддон-алюм-в-секцию-с-мойкой-900мм-865х523-2946,hardware,"ПРОЧАЯ ФУРНИТУРА: Поддон алюм. в секцию с мойкой 900мм (865х523)",pcs,1320,"официальная цена · ФУРНИТУРA.pdf"
ren-прочая-фурнитура-подсветка-d-50-2947,hardware,"ПРОЧАЯ ФУРНИТУРА: Подсветка D-50",pcs,1640,"официальная цена · ФУРНИТУРA.pdf"
ren-прочая-фурнитура-уголок-grandis-метал-25х25-2948,hardware,"ПРОЧАЯ ФУРНИТУРА: Уголок Grandis метал.25х25",pcs,30,"официальная цена · ФУРНИТУРA.pdf"
ren-прочая-фурнитура-эксцентриковая-стяжка-vb-35-никель-2949,hardware,"ПРОЧАЯ ФУРНИТУРА: Эксцентриковая стяжка VB 35 никель",pcs,120,"официальная цена · ФУРНИТУРA.pdf"
ren-прочая-фурнитура-эксцентриковая-стяжка-vb-35-пластм-2950,hardware,"ПРОЧАЯ ФУРНИТУРА: Эксцентриковая стяжка VB 35 пластм.",pcs,50,"официальная цена · ФУРНИТУРA.pdf"
ren-ручки-грибок-бронза-6267-юлдуз-2951,hardware,"РУЧКИ: Грибок Бронза 6267 (Юлдуз)",pcs,50,"официальная цена · ФУРНИТУРA.pdf"
ren-ручки-ручка-23199-ав-ст-бронза-96мм-юлдуз-2952,hardware,"РУЧКИ: Ручка 23199 АВ ст.бронза 96мм (Юлдуз)",pcs,60,"официальная цена · ФУРНИТУРA.pdf"
ren-ручки-ручка-6266-ав-96-ст-бронза-юлдуз-код1580-2953,hardware,"РУЧКИ: Ручка 6266 АВ 96 ст. бронза (Юлдуз код1580)",pcs,60,"официальная цена · ФУРНИТУРA.pdf"
ren-ручки-ручка-rs-06-128-ba-ст-бронза-юлдуз-код1762-2954,hardware,"РУЧКИ: Ручка RS-06-128 BA ст. бронза (Юлдуз код1762)",pcs,90,"официальная цена · ФУРНИТУРA.pdf"
ren-ручки-ручка-rs-06-96-ba-ст-бронза-юлдуз-код1613-2955,hardware,"РУЧКИ: Ручка RS-06-96 BA ст. бронза (Юлдуз код1613)",pcs,60,"официальная цена · ФУРНИТУРA.pdf"
ren-ручки-ручка-врезная-fr006-хром-глянц-st-128мм-2956,hardware,"РУЧКИ: Ручка врезная FR006 Хром глянц St 128мм",pcs,690,"официальная цена · ФУРНИТУРA.pdf"
ren-ручки-ручка-искорка-22782-хром-cp-128мм-2595-юлдуз-2957,hardware,"РУЧКИ: Ручка Искорка 22782 хром CP 128мм (2595) (Юлдуз)",pcs,130,"официальная цена · ФУРНИТУРA.pdf"
ren-ручки-ручка-искорка-22782-хром-cp-160мм-2596-юлдуз-2958,hardware,"РУЧКИ: Ручка Искорка 22782 хром CP 160мм (2596) (Юлдуз)",pcs,140,"официальная цена · ФУРНИТУРA.pdf"
ren-ручки-ручка-искорка-22782-хром-cp-96мм-2594-юлдуз-2959,hardware,"РУЧКИ: Ручка Искорка 22782 хром CP 96мм (2594) (Юлдуз)",pcs,110,"официальная цена · ФУРНИТУРA.pdf"
ren-ручки-ручка-раковина-50мм-бук-2960,hardware,"РУЧКИ: Ручка Раковина 50мм Бук",pcs,250,"официальная цена · ФУРНИТУРA.pdf"
ren-ручки-ручка-раковина-50мм-какао-10-2961,hardware,"РУЧКИ: Ручка Раковина 50мм какао №10",pcs,250,"официальная цена · ФУРНИТУРA.pdf"
ren-ручки-ручка-с-15-металлик-металлик-96мм-2962,hardware,"РУЧКИ: Ручка С-15 металлик+металлик 96мм",pcs,20,"официальная цена · ФУРНИТУРA.pdf"
ren-ручки-ручка-с-15-хром-металлик-128мм-2963,hardware,"РУЧКИ: Ручка С-15 хром+металлик 128мм",pcs,30,"официальная цена · ФУРНИТУРA.pdf"
ren-ручки-ручка-с-15-хром-металлик-160мм-2964,hardware,"РУЧКИ: Ручка С-15 хром+металлик 160мм",pcs,40,"официальная цена · ФУРНИТУРA.pdf"
ren-ручки-ручка-с-15-хром-металлик-192мм-2965,hardware,"РУЧКИ: Ручка С-15 хром+металлик 192мм",pcs,40,"официальная цена · ФУРНИТУРA.pdf"
ren-ручки-ручка-с-15-хром-металлик-224мм-2966,hardware,"РУЧКИ: Ручка С-15 хром+металлик 224мм",pcs,40,"официальная цена · ФУРНИТУРA.pdf"
ren-ручки-ручка-с-15-хром-металлик-256мм-2967,hardware,"РУЧКИ: Ручка С-15 хром+металлик 256мм",pcs,40,"официальная цена · ФУРНИТУРA.pdf"
ren-ручки-ручка-с-15-хром-металлик-288мм-2968,hardware,"РУЧКИ: Ручка С-15 хром+металлик 288мм",pcs,40,"официальная цена · ФУРНИТУРA.pdf"
ren-ручки-ручка-с-15-хром-металлик-320мм-2969,hardware,"РУЧКИ: Ручка С-15 хром+металлик 320мм",pcs,50,"официальная цена · ФУРНИТУРA.pdf"
ren-ручки-ручка-с-15-хром-металлик-352мм-2970,hardware,"РУЧКИ: Ручка С-15 хром+металлик 352мм",pcs,50,"официальная цена · ФУРНИТУРA.pdf"
ren-ручки-ручка-с-15-хром-металлик-384мм-2971,hardware,"РУЧКИ: Ручка С-15 хром+металлик 384мм",pcs,50,"официальная цена · ФУРНИТУРA.pdf"
ren-ручки-ручка-с-15-хром-металлик-416мм-2972,hardware,"РУЧКИ: Ручка С-15 хром+металлик 416мм",pcs,60,"официальная цена · ФУРНИТУРA.pdf"
ren-ручки-ручка-с-15-хром-металлик-448мм-2973,hardware,"РУЧКИ: Ручка С-15 хром+металлик 448мм",pcs,60,"официальная цена · ФУРНИТУРA.pdf"
ren-ручки-ручка-с-15-хром-металлик-480мм-2974,hardware,"РУЧКИ: Ручка С-15 хром+металлик 480мм",pcs,60,"официальная цена · ФУРНИТУРA.pdf"
ren-ручки-ручка-с-15-хром-металлик-96мм-2975,hardware,"РУЧКИ: Ручка С-15 хром+металлик 96мм",pcs,30,"официальная цена · ФУРНИТУРA.pdf"
ren-ручки-ручка-с-18-хром-венге-128мм-2976,hardware,"РУЧКИ: Ручка С-18 хром+венге 128мм",pcs,30,"официальная цена · ФУРНИТУРA.pdf"
ren-ручки-ручка-с-18-хром-венге-160мм-2977,hardware,"РУЧКИ: Ручка С-18 хром+венге 160мм",pcs,30,"официальная цена · ФУРНИТУРA.pdf"
ren-ручки-ручка-с-18-хром-венге-192мм-2978,hardware,"РУЧКИ: Ручка С-18 хром+венге 192мм",pcs,40,"официальная цена · ФУРНИТУРA.pdf"
ren-ручки-ручка-с-18-хром-венге-224мм-2979,hardware,"РУЧКИ: Ручка С-18 хром+венге 224мм",pcs,40,"официальная цена · ФУРНИТУРA.pdf"
ren-ручки-ручка-с-18-хром-венге-96мм-2980,hardware,"РУЧКИ: Ручка С-18 хром+венге 96мм",pcs,30,"официальная цена · ФУРНИТУРA.pdf"
ren-ручки-ручка-с-18-хром-дуб-беленый-128мм-2981,hardware,"РУЧКИ: Ручка С-18 хром+дуб беленый 128мм",pcs,30,"официальная цена · ФУРНИТУРA.pdf"
ren-ручки-ручка-с-18-хром-металлик-128мм-2982,hardware,"РУЧКИ: Ручка С-18 хром+металлик 128мм",pcs,30,"официальная цена · ФУРНИТУРA.pdf"
ren-ручки-ручка-с-18-хром-металлик-160мм-2983,hardware,"РУЧКИ: Ручка С-18 хром+металлик 160мм",pcs,30,"официальная цена · ФУРНИТУРA.pdf"
ren-ручки-ручка-с-18-хром-металлик-192мм-2984,hardware,"РУЧКИ: Ручка С-18 хром+металлик 192мм",pcs,40,"официальная цена · ФУРНИТУРA.pdf"
ren-ручки-ручка-с-18-хром-металлик-224мм-2985,hardware,"РУЧКИ: Ручка С-18 хром+металлик 224мм",pcs,40,"официальная цена · ФУРНИТУРA.pdf"
ren-ручки-ручка-с-18-хром-металлик-96мм-2986,hardware,"РУЧКИ: Ручка С-18 хром+металлик 96мм",pcs,30,"официальная цена · ФУРНИТУРA.pdf"
ren-ручки-ручка-скамейка-27018-со-стразами-128мм-2987,hardware,"РУЧКИ: Ручка Скамейка 27018 со стразами 128мм",pcs,300,"официальная цена · ФУРНИТУРA.pdf"
ren-ручки-ручка-скамейка-27018-хром-со-стразами-96мм-2988,hardware,"РУЧКИ: Ручка Скамейка 27018 хром со стразами 96мм",pcs,250,"официальная цена · ФУРНИТУРA.pdf"
ren-ручки-ручка-грибок-6267-медь-юлдуз-2989,hardware,"РУЧКИ: Ручка-грибок 6267 медь (Юлдуз)",pcs,50,"официальная цена · ФУРНИТУРA.pdf"
ren-ручки-ручка-скоба-в-тон-2990,hardware,"РУЧКИ: Ручка-скоба в тон",pcs,10,"официальная цена · ФУРНИТУРA.pdf"
ren-сушилки-сушилка-на-400-белая-2991,other,"СУШИЛКИ: Сушилка на 400 белая",set,490,"официальная цена · ФУРНИТУРA.pdf"
ren-сушилки-сушилка-на-400-хром-2992,other,"СУШИЛКИ: Сушилка на 400 хром",set,490,"официальная цена · ФУРНИТУРA.pdf"
ren-сушилки-сушилка-на-500-белая-2993,other,"СУШИЛКИ: Сушилка на 500 белая",set,620,"официальная цена · ФУРНИТУРA.pdf"
ren-сушилки-сушилка-на-500-хром-2994,other,"СУШИЛКИ: Сушилка на 500 хром",set,620,"официальная цена · ФУРНИТУРA.pdf"
ren-сушилки-сушилка-на-600-белая-2995,other,"СУШИЛКИ: Сушилка на 600 белая",set,710,"официальная цена · ФУРНИТУРA.pdf"
ren-сушилки-сушилка-на-600-хром-2996,other,"СУШИЛКИ: Сушилка на 600 хром",set,710,"официальная цена · ФУРНИТУРA.pdf"
ren-сушилки-сушилка-на-700-белая-2997,other,"СУШИЛКИ: Сушилка на 700 белая",set,750,"официальная цена · ФУРНИТУРA.pdf"
ren-сушилки-сушилка-на-700-хром-2998,other,"СУШИЛКИ: Сушилка на 700 хром",set,750,"официальная цена · ФУРНИТУРA.pdf"
ren-сушилки-сушилка-на-800-белая-2999,other,"СУШИЛКИ: Сушилка на 800 белая",set,910,"официальная цена · ФУРНИТУРA.pdf"
ren-сушилки-сушилка-на-800-хром-3000,other,"СУШИЛКИ: Сушилка на 800 хром",set,910,"официальная цена · ФУРНИТУРA.pdf"
ren-сушилки-сушилка-на-900-белая-3001,other,"СУШИЛКИ: Сушилка на 900 белая",set,960,"официальная цена · ФУРНИТУРA.pdf"
ren-сушилки-сушилка-на-900-хром-3002,other,"СУШИЛКИ: Сушилка на 900 хром",set,960,"официальная цена · ФУРНИТУРA.pdf"
ren-сушилки-сушка-variant-400-хром-с-двойным-поддоном-3003,other,"СУШИЛКИ: Сушка VARIANT 400 хром (с двойным поддоном)",set,1240,"официальная цена · ФУРНИТУРA.pdf"
ren-сушилки-сушка-variant-500-хром-с-двойным-поддоном-3004,other,"СУШИЛКИ: Сушка VARIANT 500 хром (с двойным поддоном)",set,1400,"официальная цена · ФУРНИТУРA.pdf"
ren-сушилки-сушка-variant-600-хром-с-двойным-поддоном-3005,other,"СУШИЛКИ: Сушка VARIANT 600 хром (с двойным поддоном)",set,1570,"официальная цена · ФУРНИТУРA.pdf"
ren-сушилки-сушка-variant-700-хром-с-двойным-поддоном-3006,other,"СУШИЛКИ: Сушка VARIANT 700 хром (с двойным поддоном)",set,1730,"официальная цена · ФУРНИТУРA.pdf"
ren-сушилки-сушка-variant-800-хром-с-двойным-поддоном-3007,other,"СУШИЛКИ: Сушка VARIANT 800 хром (с двойным поддоном)",set,2080,"официальная цена · ФУРНИТУРA.pdf"
ren-сушилки-сушка-variant-900-хром-с-двойным-поддоном-3008,other,"СУШИЛКИ: Сушка VARIANT 900 хром (с двойным поддоном)",set,2350,"официальная цена · ФУРНИТУРA.pdf"
ren-сушилки-сушка-в-угловую-секцию-600х600-3009,other,"СУШИЛКИ: Сушка в угловую секцию 600х600",set,620,"официальная цена · ФУРНИТУРA.pdf"
ren-мойки-и-смесители-мойка-es-10-фурнитекс-3010,other,"МОЙКИ И СМЕСИТЕЛИ: Мойка ES-10 (Фурнитекс)",pcs,5080,"официальная цена · ФУРНИТУРA.pdf"
ren-мойки-и-смесители-мойка-es-11-фурнитекс-3011,other,"МОЙКИ И СМЕСИТЕЛИ: Мойка ES-11 (Фурнитекс)",pcs,5710,"официальная цена · ФУРНИТУРA.pdf"
ren-мойки-и-смесители-мойка-es-12-фурнитекс-3012,other,"МОЙКИ И СМЕСИТЕЛИ: Мойка ES-12 (Фурнитекс)",pcs,5840,"официальная цена · ФУРНИТУРA.pdf"
ren-мойки-и-смесители-мойка-es-13-фурнитекс-3013,other,"МОЙКИ И СМЕСИТЕЛИ: Мойка ES-13 (Фурнитекс)",pcs,5410,"официальная цена · ФУРНИТУРA.pdf"
ren-мойки-и-смесители-мойка-es-14-фурнитекс-3014,other,"МОЙКИ И СМЕСИТЕЛИ: Мойка ES-14 (Фурнитекс)",pcs,5910,"официальная цена · ФУРНИТУРA.pdf"
ren-мойки-и-смесители-мойка-es-15-фурнитекс-3015,other,"МОЙКИ И СМЕСИТЕЛИ: Мойка ES-15 (Фурнитекс)",pcs,7390,"официальная цена · ФУРНИТУРA.pdf"
ren-мойки-и-смесители-мойка-es-16-фурнитекс-3016,other,"МОЙКИ И СМЕСИТЕЛИ: Мойка ES-16 (Фурнитекс)",pcs,7850,"официальная цена · ФУРНИТУРA.pdf"
ren-мойки-и-смесители-мойка-es-17-фурнитекс-3017,other,"МОЙКИ И СМЕСИТЕЛИ: Мойка ES-17 (Фурнитекс)",pcs,7000,"официальная цена · ФУРНИТУРA.pdf"
ren-мойки-и-смесители-мойка-es-18-фурнитекс-3018,other,"МОЙКИ И СМЕСИТЕЛИ: Мойка ES-18 (Фурнитекс)",pcs,8130,"официальная цена · ФУРНИТУРA.pdf"
ren-мойки-и-смесители-мойка-es-19-фурнитекс-3019,other,"МОЙКИ И СМЕСИТЕЛИ: Мойка ES-19 (Фурнитекс)",pcs,8570,"официальная цена · ФУРНИТУРA.pdf"
ren-мойки-и-смесители-мойка-es-20-фурнитекс-3020,other,"МОЙКИ И СМЕСИТЕЛИ: Мойка ES-20 (Фурнитекс)",pcs,8790,"официальная цена · ФУРНИТУРA.pdf"
ren-мойки-и-смесители-мойка-es-21-фурнитекс-3021,other,"МОЙКИ И СМЕСИТЕЛИ: Мойка ES-21 (Фурнитекс)",pcs,8790,"официальная цена · ФУРНИТУРA.pdf"
ren-мойки-и-смесители-мойка-es-22-фурнитекс-3022,other,"МОЙКИ И СМЕСИТЕЛИ: Мойка ES-22 (Фурнитекс)",pcs,10510,"официальная цена · ФУРНИТУРA.pdf"
ren-мойки-и-смесители-мойка-es-23-фурнитекс-3023,other,"МОЙКИ И СМЕСИТЕЛИ: Мойка ES-23 (Фурнитекс)",pcs,9920,"официальная цена · ФУРНИТУРA.pdf"
ren-мойки-и-смесители-мойка-es-24-фурнитекс-3024,other,"МОЙКИ И СМЕСИТЕЛИ: Мойка ES-24 (Фурнитекс)",pcs,9180,"официальная цена · ФУРНИТУРA.pdf"
ren-мойки-и-смесители-мойка-es-25-фурнитекс-3025,other,"МОЙКИ И СМЕСИТЕЛИ: Мойка ES-25 (Фурнитекс)",pcs,10050,"официальная цена · ФУРНИТУРA.pdf"
ren-мойки-и-смесители-мойка-es-26-фурнитекс-3026,other,"МОЙКИ И СМЕСИТЕЛИ: Мойка ES-26 (Фурнитекс)",pcs,6910,"официальная цена · ФУРНИТУРA.pdf"
ren-мойки-и-смесители-мойка-es-27-фурнитекс-3027,other,"МОЙКИ И СМЕСИТЕЛИ: Мойка ES-27 (Фурнитекс)",pcs,8760,"официальная цена · ФУРНИТУРA.pdf"
ren-мойки-и-смесители-мойка-gran-stone-gs-12-фурнитекс-3028,other,"МОЙКИ И СМЕСИТЕЛИ: Мойка Gran-Stone GS-12 (Фурнитекс)",pcs,7550,"официальная цена · ФУРНИТУРA.pdf"
ren-мойки-и-смесители-мойка-gran-stone-gs-45-фурнитекс-3029,other,"МОЙКИ И СМЕСИТЕЛИ: Мойка Gran-Stone GS-45 (Фурнитекс)",pcs,4340,"официальная цена · ФУРНИТУРA.pdf"
ren-мойки-и-смесители-мойка-gran-stone-gs-78-фурнитекс-3030,other,"МОЙКИ И СМЕСИТЕЛИ: Мойка Gran-Stone GS-78 (Фурнитекс)",pcs,7190,"официальная цена · ФУРНИТУРA.pdf"
ren-мойки-и-смесители-мойка-marrbaxx-черный-матовый-фурнитекс-модель-22-3031,other,"МОЙКИ И СМЕСИТЕЛИ: Мойка MARRBAXX черный матовый (Фурнитекс модель 22)",pcs,6430,"официальная цена · ФУРНИТУРA.pdf"
ren-мойки-и-смесители-мойка-ms-10-фурнитекс-3032,other,"МОЙКИ И СМЕСИТЕЛИ: Мойка MS-10 (Фурнитекс)",pcs,5670,"официальная цена · ФУРНИТУРA.pdf"
ren-мойки-и-смесители-мойка-ms-12-фурнитекс-3033,other,"МОЙКИ И СМЕСИТЕЛИ: Мойка MS-12 (Фурнитекс)",pcs,8200,"официальная цена · ФУРНИТУРA.pdf"
ren-мойки-и-смесители-мойка-ms-15-фурнитекс-3034,other,"МОЙКИ И СМЕСИТЕЛИ: Мойка MS-15 (Фурнитекс)",pcs,6650,"официальная цена · ФУРНИТУРA.pdf"
ren-мойки-и-смесители-мойка-ms-2-фурнитекс-3035,other,"МОЙКИ И СМЕСИТЕЛИ: Мойка MS-2 (Фурнитекс)",pcs,4710,"официальная цена · ФУРНИТУРA.pdf"
ren-мойки-и-смесители-мойка-ms-3-фурнитекс-3036,other,"МОЙКИ И СМЕСИТЕЛИ: Мойка MS-3 (Фурнитекс)",pcs,4800,"официальная цена · ФУРНИТУРA.pdf"
ren-мойки-и-смесители-мойка-ms-4-фурнитекс-3037,other,"МОЙКИ И СМЕСИТЕЛИ: Мойка MS-4 (Фурнитекс)",pcs,4800,"официальная цена · ФУРНИТУРA.pdf"
ren-мойки-и-смесители-мойка-ms-5-фурнитекс-3038,other,"МОЙКИ И СМЕСИТЕЛИ: Мойка MS-5 (Фурнитекс)",pcs,6540,"официальная цена · ФУРНИТУРA.pdf"
ren-мойки-и-смесители-мойка-ms-7-фурнитекс-3039,other,"МОЙКИ И СМЕСИТЕЛИ: Мойка MS-7 (Фурнитекс)",pcs,7090,"официальная цена · ФУРНИТУРA.pdf"
ren-мойки-и-смесители-мойка-ms-8-фурнитекс-3040,other,"МОЙКИ И СМЕСИТЕЛИ: Мойка MS-8 (Фурнитекс)",pcs,5670,"официальная цена · ФУРНИТУРA.pdf"
ren-мойки-и-смесители-мойка-квадратная-380х380мм-0-6мм-глянец-фурнитекс-18-3041,other,"МОЙКИ И СМЕСИТЕЛИ: Мойка квадратная 380х380мм (0,6мм) глянец (Фурнитекс №18)",pcs,2140,"официальная цена · ФУРНИТУРA.pdf"
ren-мойки-и-смесители-мойка-квадратная-480х480мм-0-6мм-глянец-фурнитекс-10-3042,other,"МОЙКИ И СМЕСИТЕЛИ: Мойка квадратная 480х480мм (0,6мм) глянец (Фурнитекс №10)",pcs,2620,"официальная цена · ФУРНИТУРA.pdf"
ren-мойки-и-смесители-мойка-квадратная-480х480мм-0-8мм-глянец-фурнитекс-10-3043,other,"МОЙКИ И СМЕСИТЕЛИ: Мойка квадратная 480х480мм (0,8мм) глянец (Фурнитекс №10)",pcs,3160,"официальная цена · ФУРНИТУРA.pdf"
ren-мойки-и-смесители-мойка-керамическая-u-100-3044,other,"МОЙКИ И СМЕСИТЕЛИ: Мойка керамическая U-100",pcs,6680,"официальная цена · ФУРНИТУРA.pdf"
ren-мойки-и-смесители-мойка-керамическая-u-103-3045,other,"МОЙКИ И СМЕСИТЕЛИ: Мойка керамическая U-103",pcs,5850,"официальная цена · ФУРНИТУРA.pdf"
ren-мойки-и-смесители-мойка-керамическая-u-105-3046,other,"МОЙКИ И СМЕСИТЕЛИ: Мойка керамическая U-105",pcs,10960,"официальная цена · ФУРНИТУРA.pdf"
ren-мойки-и-смесители-мойка-керамическая-u-107-м-3047,other,"МОЙКИ И СМЕСИТЕЛИ: Мойка керамическая U-107 М",pcs,7230,"официальная цена · ФУРНИТУРA.pdf"
ren-мойки-и-смесители-мойка-керамическая-u-108-3048,other,"МОЙКИ И СМЕСИТЕЛИ: Мойка керамическая U-108",pcs,6350,"официальная цена · ФУРНИТУРA.pdf"
ren-мойки-и-смесители-мойка-керамическая-u-110-3049,other,"МОЙКИ И СМЕСИТЕЛИ: Мойка керамическая U-110",pcs,9380,"официальная цена · ФУРНИТУРA.pdf"
ren-мойки-и-смесители-мойка-керамическая-u-204-3050,other,"МОЙКИ И СМЕСИТЕЛИ: Мойка керамическая U-204",pcs,8720,"официальная цена · ФУРНИТУРA.pdf"
ren-мойки-и-смесители-мойка-керамическая-u-207-3051,other,"МОЙКИ И СМЕСИТЕЛИ: Мойка керамическая U-207",pcs,9570,"официальная цена · ФУРНИТУРA.pdf"
ren-мойки-и-смесители-мойка-керамическая-u-400-3052,other,"МОЙКИ И СМЕСИТЕЛИ: Мойка керамическая U-400",pcs,12340,"официальная цена · ФУРНИТУРA.pdf"
ren-мойки-и-смесители-мойка-керамическая-u-401-3053,other,"МОЙКИ И СМЕСИТЕЛИ: Мойка керамическая U-401",pcs,8970,"официальная цена · ФУРНИТУРA.pdf"
ren-мойки-и-смесители-мойка-керамическая-u-404-3054,other,"МОЙКИ И СМЕСИТЕЛИ: Мойка керамическая U-404",pcs,8720,"официальная цена · ФУРНИТУРA.pdf"
ren-мойки-и-смесители-мойка-керамическая-u-406-3055,other,"МОЙКИ И СМЕСИТЕЛИ: Мойка керамическая U-406",pcs,9810,"официальная цена · ФУРНИТУРA.pdf"
ren-мойки-и-смесители-мойка-керамическая-u-407-3056,other,"МОЙКИ И СМЕСИТЕЛИ: Мойка керамическая U-407",pcs,6120,"официальная цена · ФУРНИТУРA.pdf"
ren-мойки-и-смесители-мойка-керамическая-u-408-3057,other,"МОЙКИ И СМЕСИТЕЛИ: Мойка керамическая U-408",pcs,9710,"официальная цена · ФУРНИТУРA.pdf"
ren-мойки-и-смесители-мойка-керамическая-u-501-3058,other,"МОЙКИ И СМЕСИТЕЛИ: Мойка керамическая U-501",pcs,12460,"официальная цена · ФУРНИТУРA.pdf"
ren-мойки-и-смесители-мойка-керамическая-u-505-3059,other,"МОЙКИ И СМЕСИТЕЛИ: Мойка керамическая U-505",pcs,10710,"официальная цена · ФУРНИТУРA.pdf"
ren-мойки-и-смесители-мойка-керамическая-u-506-3060,other,"МОЙКИ И СМЕСИТЕЛИ: Мойка керамическая U-506",pcs,9800,"официальная цена · ФУРНИТУРA.pdf"
ren-мойки-и-смесители-мойка-керамическая-u-507-3061,other,"МОЙКИ И СМЕСИТЕЛИ: Мойка керамическая U-507",pcs,9750,"официальная цена · ФУРНИТУРA.pdf"
ren-мойки-и-смесители-мойка-круглая-480х430х180мм-0-8мм-глянец-фурнитекс-01-3062,other,"МОЙКИ И СМЕСИТЕЛИ: Мойка круглая 480х430х180мм (0,8мм) глянец (Фурнитекс №01)",pcs,2730,"официальная цена · ФУРНИТУРA.pdf"
ren-мойки-и-смесители-мойка-круглая-d-430-0-6мм-глянец-фурнитекс-02-3063,other,"МОЙКИ И СМЕСИТЕЛИ: Мойка круглая D=430 (0,6мм) глянец (Фурнитекс №02)",pcs,2090,"официальная цена · ФУРНИТУРA.pdf"
ren-мойки-и-смесители-мойка-круглая-d-490-0-6мм-глянец-фурнитекс-03-3064,other,"МОЙКИ И СМЕСИТЕЛИ: Мойка круглая D=490 (0,6мм) глянец (Фурнитекс №03)",pcs,1830,"официальная цена · ФУРНИТУРA.pdf"
ren-мойки-и-смесители-мойка-круглая-d-490-0-6мм-матовая-фурнитекс-04-3065,other,"МОЙКИ И СМЕСИТЕЛИ: Мойка круглая D=490 (0,6мм) матовая (Фурнитекс №04)",pcs,2620,"официальная цена · ФУРНИТУРA.pdf"
ren-мойки-и-смесители-мойка-круглая-d-490-0-8мм-глянец-фурнитекс-03-3066,other,"МОЙКИ И СМЕСИТЕЛИ: Мойка круглая D=490 (0,8мм) глянец (Фурнитекс №03)",pcs,2750,"официальная цена · ФУРНИТУРA.pdf"
ren-мойки-и-смесители-мойка-круглая-d-490-0-8мм-матовая-фурнитекс-04-3067,other,"МОЙКИ И СМЕСИТЕЛИ: Мойка круглая D=490 (0,8мм) матовая (Фурнитекс №04)",pcs,3160,"официальная цена · ФУРНИТУРA.pdf"
ren-мойки-и-смесители-мойка-круглая-d-510-0-6мм-глянец-фурнитекс-03-3068,other,"МОЙКИ И СМЕСИТЕЛИ: Мойка круглая D=510 (0,6мм) глянец (Фурнитекс №03)",pcs,2400,"официальная цена · ФУРНИТУРA.pdf"
ren-мойки-и-смесители-мойка-круглая-d-510-0-6мм-матовая-фурнитекс-04-3069,other,"МОЙКИ И СМЕСИТЕЛИ: Мойка круглая D=510 (0,6мм) матовая (Фурнитекс №04)",pcs,2730,"официальная цена · ФУРНИТУРA.pdf"
ren-мойки-и-смесители-мойка-круглая-d-510-0-8мм-глянец-фурнитекс-03-3070,other,"МОЙКИ И СМЕСИТЕЛИ: Мойка круглая D=510 (0,8мм) глянец (Фурнитекс №03)",pcs,3160,"официальная цена · ФУРНИТУРA.pdf"
ren-мойки-и-смесители-мойка-круглая-d-510-0-8мм-матовая-фурнитекс-04-3071,other,"МОЙКИ И СМЕСИТЕЛИ: Мойка круглая D=510 (0,8мм) матовая (Фурнитекс №04)",pcs,3270,"официальная цена · ФУРНИТУРA.pdf"
ren-мойки-и-смесители-мойка-накладная-500х600мм-0-6мм-фурнитекс-13-3072,other,"МОЙКИ И СМЕСИТЕЛИ: Мойка накладная 500х600мм (0,6мм) (Фурнитекс №13)",pcs,1360,"официальная цена · ФУРНИТУРA.pdf"
ren-мойки-и-смесители-мойка-накладная-500х600мм-0-8мм-фурнитекс-13-3073,other,"МОЙКИ И СМЕСИТЕЛИ: Мойка накладная 500х600мм (0,8мм) (Фурнитекс №13)",pcs,3270,"официальная цена · ФУРНИТУРA.pdf"
ren-мойки-и-смесители-мойка-накладная-600х600мм-0-6мм-фурнитекс-14-3074,other,"МОЙКИ И СМЕСИТЕЛИ: Мойка накладная 600х600мм (0,6мм) (Фурнитекс №14)",pcs,1550,"официальная цена · ФУРНИТУРA.pdf"
ren-мойки-и-смесители-мойка-накладная-800х600мм-0-6мм-фурнитекс-15-3075,other,"МОЙКИ И СМЕСИТЕЛИ: Мойка накладная 800х600мм (0,6мм) (Фурнитекс №15)",pcs,1840,"официальная цена · ФУРНИТУРA.pdf"
ren-мойки-и-смесители-мойка-накладная-800х600мм-0-8мм-фурнитекс-16-3076,other,"МОЙКИ И СМЕСИТЕЛИ: Мойка накладная 800х600мм (0,8мм) (Фурнитекс №16)",pcs,5680,"официальная цена · ФУРНИТУРA.pdf"
ren-мойки-и-смесители-мойка-овальная-570х450мм-0-6мм-левая-фурнитекс-05-3077,other,"МОЙКИ И СМЕСИТЕЛИ: Мойка овальная 570х450мм (0,6мм) левая (Фурнитекс №05)",pcs,2660,"официальная цена · ФУРНИТУРA.pdf"
ren-мойки-и-смесители-мойка-овальная-570х450мм-0-6мм-правая-фурнитекс-05-3078,other,"МОЙКИ И СМЕСИТЕЛИ: Мойка овальная 570х450мм (0,6мм) правая (Фурнитекс №05)",pcs,2660,"официальная цена · ФУРНИТУРA.pdf"
ren-мойки-и-смесители-мойка-овальная-570х450мм-0-8мм-левая-фурнитекс-05-3079,other,"МОЙКИ И СМЕСИТЕЛИ: Мойка овальная 570х450мм (0,8мм) левая (Фурнитекс №05)",pcs,3030,"официальная цена · ФУРНИТУРA.pdf"
ren-мойки-и-смесители-мойка-овальная-570х450мм-0-8мм-правая-фурнитекс-05-3080,other,"МОЙКИ И СМЕСИТЕЛИ: Мойка овальная 570х450мм (0,8мм) правая (Фурнитекс №05)",pcs,3030,"официальная цена · ФУРНИТУРA.pdf"
ren-мойки-и-смесители-мойка-овальная-770х500мм-0-6мм-левая-фурнитекс-06-3081,other,"МОЙКИ И СМЕСИТЕЛИ: Мойка овальная 770х500мм (0,6мм) левая (Фурнитекс №06)",pcs,3380,"официальная цена · ФУРНИТУРA.pdf"
ren-мойки-и-смесители-мойка-овальная-770х500мм-0-6мм-правая-фурнитекс-06-3082,other,"МОЙКИ И СМЕСИТЕЛИ: Мойка овальная 770х500мм (0,6мм) правая (Фурнитекс №06)",pcs,3380,"официальная цена · ФУРНИТУРA.pdf"
ren-мойки-и-смесители-мойка-овальная-770х500мм-0-8мм-левая-фурнитекс-06-3083,other,"МОЙКИ И СМЕСИТЕЛИ: Мойка овальная 770х500мм (0,8мм) левая (Фурнитекс №06)",pcs,4140,"официальная цена · ФУРНИТУРA.pdf"
ren-мойки-и-смесители-мойка-овальная-770х500мм-0-8мм-правая-фурнитекс-06-3084,other,"МОЙКИ И СМЕСИТЕЛИ: Мойка овальная 770х500мм (0,8мм) правая (Фурнитекс №06)",pcs,4140,"официальная цена · ФУРНИТУРA.pdf"
ren-мойки-и-смесители-мойка-прямоугольная-580х480мм-0-6мм-левая-фурнитекс-09-3085,other,"МОЙКИ И СМЕСИТЕЛИ: Мойка прямоугольная 580х480мм (0,6мм) левая (Фурнитекс №09)",pcs,2990,"официальная цена · ФУРНИТУРA.pdf"
ren-мойки-и-смесители-мойка-прямоугольная-580х480мм-0-6мм-правая-фурнитекс-09-3086,other,"МОЙКИ И СМЕСИТЕЛИ: Мойка прямоугольная 580х480мм (0,6мм) правая (Фурнитекс №09)",pcs,2990,"официальная цена · ФУРНИТУРA.pdf"
ren-мойки-и-смесители-мойка-прямоугольная-580х480мм-0-8мм-левая-фурнитекс-09-3087,other,"МОЙКИ И СМЕСИТЕЛИ: Мойка прямоугольная 580х480мм (0,8мм) левая (Фурнитекс №09)",pcs,3310,"официальная цена · ФУРНИТУРA.pdf"
ren-мойки-и-смесители-мойка-прямоугольная-580х480мм-0-8мм-правая-фурнитекс-09-3088,other,"МОЙКИ И СМЕСИТЕЛИ: Мойка прямоугольная 580х480мм (0,8мм) правая (Фурнитекс №09)",pcs,3310,"официальная цена · ФУРНИТУРA.pdf"
ren-мойки-и-смесители-мойка-прямоугольная-660х430мм-0-6мм-левая-фурнитекс-08-3089,other,"МОЙКИ И СМЕСИТЕЛИ: Мойка прямоугольная 660х430мм (0,6мм) левая (Фурнитекс №08)",pcs,3270,"официальная цена · ФУРНИТУРA.pdf"
ren-мойки-и-смесители-мойка-прямоугольная-660х430мм-0-6мм-правая-фурнитекс-08-3090,other,"МОЙКИ И СМЕСИТЕЛИ: Мойка прямоугольная 660х430мм (0,6мм) правая (Фурнитекс №08)",pcs,3270,"официальная цена · ФУРНИТУРA.pdf"
ren-мойки-и-смесители-мойка-прямоугольная-660х430мм-0-8мм-левая-фурнитекс-08-3091,other,"МОЙКИ И СМЕСИТЕЛИ: Мойка прямоугольная 660х430мм (0,8мм) левая (Фурнитекс №08)",pcs,3530,"официальная цена · ФУРНИТУРA.pdf"
ren-мойки-и-смесители-мойка-прямоугольная-660х430мм-0-8мм-правая-фурнитекс-08-3092,other,"МОЙКИ И СМЕСИТЕЛИ: Мойка прямоугольная 660х430мм (0,8мм) правая (Фурнитекс №08)",pcs,3530,"официальная цена · ФУРНИТУРA.pdf"
ren-мойки-и-смесители-мойка-прямоугольная-760х430мм-0-6мм-левая-фурнитекс-07-3093,other,"МОЙКИ И СМЕСИТЕЛИ: Мойка прямоугольная 760х430мм (0,6мм) левая (Фурнитекс №07)",pcs,3270,"официальная цена · ФУРНИТУРA.pdf"
ren-мойки-и-смесители-мойка-прямоугольная-760х430мм-0-8мм-левая-фурнитекс-07-3094,other,"МОЙКИ И СМЕСИТЕЛИ: Мойка прямоугольная 760х430мм (0,8мм) левая (Фурнитекс №07)",pcs,4030,"официальная цена · ФУРНИТУРA.pdf"
ren-мойки-и-смесители-мойка-прямоугольная-760х430мм-0-8мм-правая-фурнитекс-07-3095,other,"МОЙКИ И СМЕСИТЕЛИ: Мойка прямоугольная 760х430мм (0,8мм) правая (Фурнитекс №07)",pcs,4030,"официальная цена · ФУРНИТУРA.pdf"
ren-мойки-и-смесители-мойка-прямоугольная-780х480-с-двумя-одинаковыми-чашами-0-8-фур-3096,other,"МОЙКИ И СМЕСИТЕЛИ: Мойка прямоугольная 780х480 с двумя одинаковыми чашами 0,8 (Фурнитекс №11)",pcs,6100,"официальная цена · ФУРНИТУРA.pdf"
ren-мойки-и-смесители-мойка-с-2-мя-разными-чашами-700х500мм-0-8мм-фурнитекс-19-3097,other,"МОЙКИ И СМЕСИТЕЛИ: Мойка с 2-мя разными чашами 700х500мм (0,8мм) (Фурнитекс №19)",pcs,3820,"официальная цена · ФУРНИТУРA.pdf"
ren-мойки-и-смесители-смеситель-u-002-3098,other,"МОЙКИ И СМЕСИТЕЛИ: Смеситель U-002",set,8940,"официальная цена · ФУРНИТУРA.pdf"
ren-мойки-и-смесители-смеситель-u-005-3099,other,"МОЙКИ И СМЕСИТЕЛИ: Смеситель U-005",set,12610,"официальная цена · ФУРНИТУРA.pdf"
ren-штанги-трубы-и-полки-сетчатые-rt03gr-штангодержатель-для-овальной-штанги-серебро-3100,other,"ШТАНГИ, ТРУБЫ И ПОЛКИ СЕТЧАТЫЕ: RT03GR Штангодержатель для овальной штанги серебро (МДМ)",pcs,60,"официальная цена · ФУРНИТУРA.pdf"
ren-штанги-трубы-и-полки-сетчатые-rt03zbl-штангодержатель-для-овальной-штанги-черный-3101,other,"ШТАНГИ, ТРУБЫ И ПОЛКИ СЕТЧАТЫЕ: RT03ZBL Штангодержатель для овальной штанги черный (МДМ)",pcs,40,"официальная цена · ФУРНИТУРA.pdf"
ren-штанги-трубы-и-полки-сетчатые-rt03zgl-штангодержатель-для-овальной-штанги-золото-3102,other,"ШТАНГИ, ТРУБЫ И ПОЛКИ СЕТЧАТЫЕ: RT03ZGL Штангодержатель для овальной штанги золото (МДМ)",pcs,50,"официальная цена · ФУРНИТУРA.pdf"
ren-штанги-трубы-и-полки-сетчатые-ta02albl-штанга-овальная-15х30-с-пазом-под-демпфер-3103,other,"ШТАНГИ, ТРУБЫ И ПОЛКИ СЕТЧАТЫЕ: TA02ALBL Штанга овальная 15х30 с пазом под демпфер черная L-3000 (МДМ)",pcs,990,"официальная цена · ФУРНИТУРA.pdf"
ren-штанги-трубы-и-полки-сетчатые-ta02alglm-штанга-овальная-15х30-с-пазом-под-демпфе-3104,other,"ШТАНГИ, ТРУБЫ И ПОЛКИ СЕТЧАТЫЕ: TA02ALGLM Штанга овальная 15х30 с пазом под демпфер золото мат. L-3000 (МДМ)",pcs,920,"официальная цена · ФУРНИТУРA.pdf"
ren-штанги-трубы-и-полки-сетчатые-ta02algr-штанга-овальная-15х30-с-пазом-под-демпфер-3105,other,"ШТАНГИ, ТРУБЫ И ПОЛКИ СЕТЧАТЫЕ: TA02ALGR Штанга овальная 15х30 с пазом под демпфер серебро L-3000 (МДМ)",pcs,840,"официальная цена · ФУРНИТУРA.pdf"
ren-штанги-трубы-и-полки-сетчатые-держатель-рейлинга-3106,other,"ШТАНГИ, ТРУБЫ И ПОЛКИ СЕТЧАТЫЕ: Держатель рейлинга",pcs,60,"официальная цена · ФУРНИТУРA.pdf"
ren-штанги-трубы-и-полки-сетчатые-заглушка-рейлинга-3107,other,"ШТАНГИ, ТРУБЫ И ПОЛКИ СЕТЧАТЫЕ: Заглушка рейлинга",pcs,40,"официальная цена · ФУРНИТУРA.pdf"
ren-штанги-трубы-и-полки-сетчатые-кольцо-на-трубу-d50мм-для-крепления-корзин-3108,other,"ШТАНГИ, ТРУБЫ И ПОЛКИ СЕТЧАТЫЕ: Кольцо на трубу D50мм для крепления корзин",pcs,180,"официальная цена · ФУРНИТУРA.pdf"
ren-штанги-трубы-и-полки-сетчатые-крючок-для-релинга-d-16-3109,other,"ШТАНГИ, ТРУБЫ И ПОЛКИ СЕТЧАТЫЕ: Крючок для Релинга D-16",pcs,20,"официальная цена · ФУРНИТУРA.pdf"
ren-штанги-трубы-и-полки-сетчатые-полка-на-трубу-d50мм-для-бокалов-3110,other,"ШТАНГИ, ТРУБЫ И ПОЛКИ СЕТЧАТЫЕ: Полка на трубу D50мм для бокалов",pcs,800,"официальная цена · ФУРНИТУРA.pdf"
ren-штанги-трубы-и-полки-сетчатые-полка-на-трубу-d50мм-для-бутылок-3111,other,"ШТАНГИ, ТРУБЫ И ПОЛКИ СЕТЧАТЫЕ: Полка на трубу D50мм для бутылок",pcs,1400,"официальная цена · ФУРНИТУРA.pdf"
ren-штанги-трубы-и-полки-сетчатые-полка-на-трубу-d50мм-для-фруктов-стеклянная-3112,other,"ШТАНГИ, ТРУБЫ И ПОЛКИ СЕТЧАТЫЕ: Полка на трубу D50мм для фруктов стеклянная",pcs,2080,"официальная цена · ФУРНИТУРA.pdf"
ren-штанги-трубы-и-полки-сетчатые-полка-сетчатая-230-заглушки-карманы-клипсы-3113,other,"ШТАНГИ, ТРУБЫ И ПОЛКИ СЕТЧАТЫЕ: Полка сетчатая 230 +заглушки+карманы+клипсы",lm,1730,"официальная цена · ФУРНИТУРA.pdf"
ren-штанги-трубы-и-полки-сетчатые-полка-сетчатая-300-заглушки-карманы-клипсы-3114,other,"ШТАНГИ, ТРУБЫ И ПОЛКИ СЕТЧАТЫЕ: Полка сетчатая 300 +заглушки+карманы+клипсы",lm,1570,"официальная цена · ФУРНИТУРA.pdf"
ren-штанги-трубы-и-полки-сетчатые-полка-сетчатая-350-заглушки-карманы-клипсы-3115,other,"ШТАНГИ, ТРУБЫ И ПОЛКИ СЕТЧАТЫЕ: Полка сетчатая 350 +заглушки+карманы+клипсы",lm,1670,"официальная цена · ФУРНИТУРA.pdf"
ren-штанги-трубы-и-полки-сетчатые-полка-сетчатая-400-заглушки-карманы-клипсы-3116,other,"ШТАНГИ, ТРУБЫ И ПОЛКИ СЕТЧАТЫЕ: Полка сетчатая 400 +заглушки+карманы+клипсы",lm,1940,"официальная цена · ФУРНИТУРA.pdf"
ren-штанги-трубы-и-полки-сетчатые-полка-сетчатая-450-заглушки-карманы-клипсы-3117,other,"ШТАНГИ, ТРУБЫ И ПОЛКИ СЕТЧАТЫЕ: Полка сетчатая 450 +заглушки+карманы+клипсы",lm,1950,"официальная цена · ФУРНИТУРA.pdf"
ren-штанги-трубы-и-полки-сетчатые-полка-сетчатая-500-заглушки-карманы-клипсы-3118,other,"ШТАНГИ, ТРУБЫ И ПОЛКИ СЕТЧАТЫЕ: Полка сетчатая 500 +заглушки+карманы+клипсы",lm,2020,"официальная цена · ФУРНИТУРA.pdf"
ren-штанги-трубы-и-полки-сетчатые-рейлинг-d-16-3119,other,"ШТАНГИ, ТРУБЫ И ПОЛКИ СЕТЧАТЫЕ: Рейлинг D-16",lm,400,"официальная цена · ФУРНИТУРA.pdf"
ren-штанги-трубы-и-полки-сетчатые-соединитель-перпендикулярный-2-х-труб-3120,other,"ШТАНГИ, ТРУБЫ И ПОЛКИ СЕТЧАТЫЕ: Соединитель перпендикулярный 2-х труб",pcs,80,"официальная цена · ФУРНИТУРA.pdf"
ren-штанги-трубы-и-полки-сетчатые-соединитель-перпендикулярный-3-х-труб-3121,other,"ШТАНГИ, ТРУБЫ И ПОЛКИ СЕТЧАТЫЕ: Соединитель перпендикулярный 3-х труб",pcs,120,"официальная цена · ФУРНИТУРA.pdf"
ren-штанги-трубы-и-полки-сетчатые-труба-d25-мм-3122,other,"ШТАНГИ, ТРУБЫ И ПОЛКИ СЕТЧАТЫЕ: Труба D25 мм",lm,220,"официальная цена · ФУРНИТУРA.pdf"
ren-штанги-трубы-и-полки-сетчатые-труба-d50-мм-3123,other,"ШТАНГИ, ТРУБЫ И ПОЛКИ СЕТЧАТЫЕ: Труба D50 мм",lm,920,"официальная цена · ФУРНИТУРA.pdf"
ren-штанги-трубы-и-полки-сетчатые-угол-для-рейлинга-90-градусов-3124,other,"ШТАНГИ, ТРУБЫ И ПОЛКИ СЕТЧАТЫЕ: Угол для рейлинга (90 градусов)",pcs,70,"официальная цена · ФУРНИТУРA.pdf"
ren-штанги-трубы-и-полки-сетчатые-фланец-d25-мм-3125,other,"ШТАНГИ, ТРУБЫ И ПОЛКИ СЕТЧАТЫЕ: Фланец D25 мм",pcs,10,"официальная цена · ФУРНИТУРA.pdf"
ren-штанги-трубы-и-полки-сетчатые-фланец-d50-мм-3126,other,"ШТАНГИ, ТРУБЫ И ПОЛКИ СЕТЧАТЫЕ: Фланец D50 мм",pcs,50,"официальная цена · ФУРНИТУРA.pdf"
ren-штанги-трубы-и-полки-сетчатые-штанга-выдвижная-3127,other,"ШТАНГИ, ТРУБЫ И ПОЛКИ СЕТЧАТЫЕ: Штанга выдвижная",pcs,150,"официальная цена · ФУРНИТУРA.pdf"
ren-штанги-трубы-и-полки-сетчатые-штангодержатель-подвесной-глухой-3128,other,"ШТАНГИ, ТРУБЫ И ПОЛКИ СЕТЧАТЫЕ: Штангодержатель подвесной глухой",pcs,80,"официальная цена · ФУРНИТУРA.pdf"
ren-штанги-трубы-и-полки-сетчатые-штангодержатель-подвесной-сквозной-3129,other,"ШТАНГИ, ТРУБЫ И ПОЛКИ СЕТЧАТЫЕ: Штангодержатель подвесной сквозной",pcs,80,"официальная цена · ФУРНИТУРA.pdf"
ren-ручки-врезные-schuco-ручка-врезная-в-торец-210мм-3130,hardware,"РУЧКИ ВРЕЗНЫЕ SCHUCO: Ручка врезная в торец 210мм",pcs,1580,"официальная цена · ФУРНИТУРA.pdf"
ren-ручки-врезные-schuco-ручка-врезная-в-торец-320мм-3131,hardware,"РУЧКИ ВРЕЗНЫЕ SCHUCO: Ручка врезная в торец 320мм",pcs,1690,"официальная цена · ФУРНИТУРA.pdf"
ren-ручки-врезные-schuco-ручка-врезная-в-торец-420мм-3132,hardware,"РУЧКИ ВРЕЗНЫЕ SCHUCO: Ручка врезная в торец 420мм",pcs,1810,"официальная цена · ФУРНИТУРA.pdf"
ren-ручки-врезные-schuco-ручка-врезная-в-торец-в-размер-фасада-150мм-3133,hardware,"РУЧКИ ВРЕЗНЫЕ SCHUCO: Ручка врезная в торец в размер фасада 150мм",pcs,1420,"официальная цена · ФУРНИТУРA.pdf"
ren-ручки-врезные-schuco-ручка-врезная-в-торец-в-размер-фасада-300мм-3134,hardware,"РУЧКИ ВРЕЗНЫЕ SCHUCO: Ручка врезная в торец в размер фасада 300мм",pcs,1140,"официальная цена · ФУРНИТУРA.pdf"
ren-ручки-врезные-schuco-ручка-врезная-в-торец-в-размер-фасада-400мм-3135,hardware,"РУЧКИ ВРЕЗНЫЕ SCHUCO: Ручка врезная в торец в размер фасада 400мм",pcs,1310,"официальная цена · ФУРНИТУРA.pdf"
ren-ручки-врезные-schuco-ручка-врезная-в-торец-в-размер-фасада-450мм-3136,hardware,"РУЧКИ ВРЕЗНЫЕ SCHUCO: Ручка врезная в торец в размер фасада 450мм",pcs,1340,"официальная цена · ФУРНИТУРA.pdf"
ren-ручки-врезные-schuco-ручка-врезная-в-торец-в-размер-фасада-500мм-3137,hardware,"РУЧКИ ВРЕЗНЫЕ SCHUCO: Ручка врезная в торец в размер фасада 500мм",pcs,1400,"официальная цена · ФУРНИТУРA.pdf"
ren-ручки-врезные-schuco-ручка-врезная-в-торец-в-размер-фасада-600мм-3138,hardware,"РУЧКИ ВРЕЗНЫЕ SCHUCO: Ручка врезная в торец в размер фасада 600мм",pcs,2150,"официальная цена · ФУРНИТУРA.pdf"
ren-ручки-врезные-schuco-ручка-врезная-в-торец-в-размер-фасада-900мм-3139,hardware,"РУЧКИ ВРЕЗНЫЕ SCHUCO: Ручка врезная в торец в размер фасада 900мм",pcs,3500,"официальная цена · ФУРНИТУРA.pdf"
ren-подъ-мные-механизмы-blum-blum-aventos-hk-27-подъемник-3140,hardware,"ПОДЪЁМНЫЕ МЕХАНИЗМЫ BLUM: Blum Aventos HK 27 Подъемник",set,5030,"официальная цена · ФУРНИТУРА BLUM.pdf"
ren-подъ-мные-механизмы-blum-blum-aventos-hk-top-23-подъемник-с-tip-on-белый-3141,hardware,"ПОДЪЁМНЫЕ МЕХАНИЗМЫ BLUM: Blum Aventos HK TOP 23 Подъемник с TIP-ON белый",set,12310,"официальная цена · ФУРНИТУРА BLUM.pdf"
ren-подъ-мные-механизмы-blum-blum-aventos-hk-top-23-подъемник-с-tip-on-серый-3142,hardware,"ПОДЪЁМНЫЕ МЕХАНИЗМЫ BLUM: Blum Aventos HK TOP 23 Подъемник с TIP-ON серый",set,11940,"официальная цена · ФУРНИТУРА BLUM.pdf"
ren-подъ-мные-механизмы-blum-blum-aventos-hk-top-25-3143,hardware,"ПОДЪЁМНЫЕ МЕХАНИЗМЫ BLUM: Blum Aventos HK TOP 25",set,12250,"официальная цена · ФУРНИТУРА BLUM.pdf"
ren-подъ-мные-механизмы-blum-blum-aventos-hk-top-25-подъемник-с-tip-on-белый-3144,hardware,"ПОДЪЁМНЫЕ МЕХАНИЗМЫ BLUM: Blum Aventos HK TOP 25 Подъемник с TIP-ON белый",set,12670,"официальная цена · ФУРНИТУРА BLUM.pdf"
ren-подъ-мные-механизмы-blum-blum-aventos-hk-top-25-подъемник-с-tip-on-серый-3145,hardware,"ПОДЪЁМНЫЕ МЕХАНИЗМЫ BLUM: Blum Aventos HK TOP 25 Подъемник с TIP-ON серый",set,12300,"официальная цена · ФУРНИТУРА BLUM.pdf"
ren-подъ-мные-механизмы-blum-blum-aventos-hk-top-25-подъемник-серый-3146,hardware,"ПОДЪЁМНЫЕ МЕХАНИЗМЫ BLUM: Blum Aventos HK TOP 25 Подъемник серый",set,11780,"официальная цена · ФУРНИТУРА BLUM.pdf"
ren-подъ-мные-механизмы-blum-blum-aventos-hk-top-25-с-tip-on-3147,hardware,"ПОДЪЁМНЫЕ МЕХАНИЗМЫ BLUM: Blum Aventos HK TOP 25 с TIP-ON",set,12670,"официальная цена · ФУРНИТУРА BLUM.pdf"
ren-подъ-мные-механизмы-blum-blum-aventos-hk-top-27-3148,hardware,"ПОДЪЁМНЫЕ МЕХАНИЗМЫ BLUM: Blum Aventos HK TOP 27",set,11380,"официальная цена · ФУРНИТУРА BLUM.pdf"
ren-подъ-мные-механизмы-blum-blum-aventos-hk-top-27-подъемник-с-tip-on-белый-3149,hardware,"ПОДЪЁМНЫЕ МЕХАНИЗМЫ BLUM: Blum Aventos HK TOP 27 Подъемник с TIP-ON белый",set,13400,"официальная цена · ФУРНИТУРА BLUM.pdf"
ren-подъ-мные-механизмы-blum-blum-aventos-hk-top-27-подъемник-серый-3150,hardware,"ПОДЪЁМНЫЕ МЕХАНИЗМЫ BLUM: Blum Aventos HK TOP 27 Подъемник серый",set,10900,"официальная цена · ФУРНИТУРА BLUM.pdf"
ren-подъ-мные-механизмы-blum-blum-aventos-hk-top-27-с-tip-on-3151,hardware,"ПОДЪЁМНЫЕ МЕХАНИЗМЫ BLUM: Blum Aventos HK TOP 27 с TIP-ON",set,13400,"официальная цена · ФУРНИТУРА BLUM.pdf"
ren-подъ-мные-механизмы-blum-blum-aventos-hk-top-29-3152,hardware,"ПОДЪЁМНЫЕ МЕХАНИЗМЫ BLUM: Blum Aventos HK TOP 29",set,13130,"официальная цена · ФУРНИТУРА BLUM.pdf"
ren-подъ-мные-механизмы-blum-blum-aventos-hk-top-29-подъемник-серый-3153,hardware,"ПОДЪЁМНЫЕ МЕХАНИЗМЫ BLUM: Blum Aventos HK TOP 29 Подъемник серый",set,12660,"официальная цена · ФУРНИТУРА BLUM.pdf"
ren-подъ-мные-механизмы-blum-blum-aventos-hk-top-29-с-tip-on-3154,hardware,"ПОДЪЁМНЫЕ МЕХАНИЗМЫ BLUM: Blum Aventos HK TOP 29 с TIP-ON",set,15170,"официальная цена · ФУРНИТУРА BLUM.pdf"
ren-подъ-мные-механизмы-blum-blum-aventos-hk-s-подъемник-c-c-3155,hardware,"ПОДЪЁМНЫЕ МЕХАНИЗМЫ BLUM: Blum Aventos HK-S Подъемник (C+C)",set,3300,"официальная цена · ФУРНИТУРА BLUM.pdf"
ren-подъ-мные-механизмы-blum-blum-aventos-hk-s-подъемник-c-c-с-tip-on-3156,hardware,"ПОДЪЁМНЫЕ МЕХАНИЗМЫ BLUM: Blum Aventos HK-S Подъемник (C+C) с TIP-ON",set,6740,"официальная цена · ФУРНИТУРА BLUM.pdf"
ren-подъ-мные-механизмы-blum-blum-aventos-hk-s-подъемник-c-e-3157,hardware,"ПОДЪЁМНЫЕ МЕХАНИЗМЫ BLUM: Blum Aventos HK-S Подъемник (C+E)",set,4550,"официальная цена · ФУРНИТУРА BLUM.pdf"
ren-подъ-мные-механизмы-blum-blum-aventos-hk-s-подъемник-e-e-3158,hardware,"ПОДЪЁМНЫЕ МЕХАНИЗМЫ BLUM: Blum Aventos HK-S Подъемник (E+E)",set,5790,"официальная цена · ФУРНИТУРА BLUM.pdf"
ren-подъ-мные-механизмы-blum-blum-aventos-hk-s-подъемник-e-e-белый-3159,hardware,"ПОДЪЁМНЫЕ МЕХАНИЗМЫ BLUM: Blum Aventos HK-S Подъемник (E+E) белый",set,5840,"официальная цена · ФУРНИТУРА BLUM.pdf"
ren-подъ-мные-механизмы-blum-blum-aventos-hk-s-подъемник-e-e-с-tip-on-3160,hardware,"ПОДЪЁМНЫЕ МЕХАНИЗМЫ BLUM: Blum Aventos HK-S Подъемник (E+E) с TIP-ON",set,6740,"официальная цена · ФУРНИТУРА BLUM.pdf"
ren-подъ-мные-механизмы-blum-blum-aventos-hk-s-подъемник-e-e-с-tip-on-белый-3161,hardware,"ПОДЪЁМНЫЕ МЕХАНИЗМЫ BLUM: Blum Aventos HK-S Подъемник (E+E) с TIP-ON белый",set,6680,"официальная цена · ФУРНИТУРА BLUM.pdf"
ren-подъ-мные-механизмы-blum-blum-aventos-hk-xs-подъемник-13-3162,hardware,"ПОДЪЁМНЫЕ МЕХАНИЗМЫ BLUM: Blum Aventos HK-XS Подъемник 13",set,3610,"официальная цена · ФУРНИТУРА BLUM.pdf"
ren-подъ-мные-механизмы-blum-blum-aventos-hk-xs-подъемник-13-силовой-мех-м-2шт-3163,hardware,"ПОДЪЁМНЫЕ МЕХАНИЗМЫ BLUM: Blum Aventos HK-XS Подъемник 13 (силовой мех-м 2шт.)",set,5820,"официальная цена · ФУРНИТУРА BLUM.pdf"
ren-подъ-мные-механизмы-blum-blum-aventos-hk-xs-подъемник-13-силовой-мех-м-2шт-с-tip-3164,hardware,"ПОДЪЁМНЫЕ МЕХАНИЗМЫ BLUM: Blum Aventos HK-XS Подъемник 13 (силовой мех-м 2шт.) с TIP-ON",set,6690,"официальная цена · ФУРНИТУРА BLUM.pdf"
ren-подъ-мные-механизмы-blum-blum-aventos-hk-xs-подъемник-15-3165,hardware,"ПОДЪЁМНЫЕ МЕХАНИЗМЫ BLUM: Blum Aventos HK-XS Подъемник 15",set,3600,"официальная цена · ФУРНИТУРА BLUM.pdf"
ren-подъ-мные-механизмы-blum-blum-aventos-hk-xs-подъемник-15-силовой-мех-м-1шт-3166,hardware,"ПОДЪЁМНЫЕ МЕХАНИЗМЫ BLUM: Blum Aventos HK-XS Подъемник 15 (силовой мех-м 1шт.)",set,3600,"официальная цена · ФУРНИТУРА BLUM.pdf"
ren-подъ-мные-механизмы-blum-blum-aventos-hk-xs-подъемник-15-силовой-мех-м-1шт-с-tip-3167,hardware,"ПОДЪЁМНЫЕ МЕХАНИЗМЫ BLUM: Blum Aventos HK-XS Подъемник 15 (силовой мех-м 1шт.) с TIP-ON",set,4240,"официальная цена · ФУРНИТУРА BLUM.pdf"
ren-подъ-мные-механизмы-blum-blum-aventos-hk-xs-подъемник-15-силовой-мех-м-2шт-3168,hardware,"ПОДЪЁМНЫЕ МЕХАНИЗМЫ BLUM: Blum Aventos HK-XS Подъемник 15 (силовой мех-м 2шт.)",set,5810,"официальная цена · ФУРНИТУРА BLUM.pdf"
ren-подъ-мные-механизмы-blum-blum-aventos-hk-xs-подъемник-15-силовой-мех-м-2шт-с-tip-3169,hardware,"ПОДЪЁМНЫЕ МЕХАНИЗМЫ BLUM: Blum Aventos HK-XS Подъемник 15 (силовой мех-м 2шт.) с TIP-ON",set,6690,"официальная цена · ФУРНИТУРА BLUM.pdf"
ren-подъ-мные-механизмы-blum-подъемник-blum-aventos-hf-top-25-35-белый-3170,hardware,"ПОДЪЁМНЫЕ МЕХАНИЗМЫ BLUM: Подъемник Blum Aventos HF TOP (25 35) белый",pcs,19240,"официальная цена · ФУРНИТУРА BLUM.pdf"
ren-подъ-мные-механизмы-blum-подъемник-blum-aventos-hf-top-25-35-серый-3171,hardware,"ПОДЪЁМНЫЕ МЕХАНИЗМЫ BLUM: Подъемник Blum Aventos HF TOP (25 35) серый",pcs,19120,"официальная цена · ФУРНИТУРА BLUM.pdf"
ren-подъ-мные-механизмы-blum-подъемник-blum-aventos-hf-top-25-39-белый-3172,hardware,"ПОДЪЁМНЫЕ МЕХАНИЗМЫ BLUM: Подъемник Blum Aventos HF TOP (25 39) белый",pcs,20060,"официальная цена · ФУРНИТУРА BLUM.pdf"
ren-подъ-мные-механизмы-blum-подъемник-blum-aventos-hf-top-25-39-серый-3173,hardware,"ПОДЪЁМНЫЕ МЕХАНИЗМЫ BLUM: Подъемник Blum Aventos HF TOP (25 39) серый",pcs,19950,"официальная цена · ФУРНИТУРА BLUM.pdf"
ren-tandembox-blum-tandembox-blum-antaro-внутренний-ящик-m-гл-350-с-поводком-3174,hardware,"TANDEMBOX BLUM: Tandembox Blum Antaro внутренний ящик M гл.350 с поводком",set,9740,"официальная цена · ФУРНИТУРА BLUM.pdf"
ren-tandembox-blum-tandembox-blum-antaro-внутренний-ящик-m-гл-350-с-ручкой-без-повод-3175,hardware,"TANDEMBOX BLUM: Tandembox Blum Antaro внутренний ящик M гл.350 с ручкой без поводка",set,9190,"официальная цена · ФУРНИТУРА BLUM.pdf"
ren-tandembox-blum-tandembox-blum-antaro-внутренний-ящик-m-гл-400-с-поводком-3176,hardware,"TANDEMBOX BLUM: Tandembox Blum Antaro внутренний ящик M гл.400 с поводком",set,11320,"официальная цена · ФУРНИТУРА BLUM.pdf"
ren-tandembox-blum-tandembox-blum-antaro-внутренний-ящик-m-гл-400-с-ручкой-без-повод-3177,hardware,"TANDEMBOX BLUM: Tandembox Blum Antaro внутренний ящик M гл.400 с ручкой без поводка",set,10780,"официальная цена · ФУРНИТУРА BLUM.pdf"
ren-tandembox-blum-tandembox-blum-antaro-внутренний-ящик-m-гл-450-с-поводком-3178,hardware,"TANDEMBOX BLUM: Tandembox Blum Antaro внутренний ящик M гл.450 с поводком",set,11000,"официальная цена · ФУРНИТУРА BLUM.pdf"
ren-tandembox-blum-tandembox-blum-antaro-внутренний-ящик-m-гл-450-с-ручкой-без-повод-3179,hardware,"TANDEMBOX BLUM: Tandembox Blum Antaro внутренний ящик M гл.450 с ручкой без поводка",set,10450,"официальная цена · ФУРНИТУРА BLUM.pdf"
ren-tandembox-blum-tandembox-blum-antaro-внутренний-ящик-m-гл-500-с-поводком-3180,hardware,"TANDEMBOX BLUM: Tandembox Blum Antaro внутренний ящик M гл.500 с поводком",set,11110,"официальная цена · ФУРНИТУРА BLUM.pdf"
ren-tandembox-blum-tandembox-blum-antaro-внутренний-ящик-m-гл-500-с-ручкой-без-повод-3181,hardware,"TANDEMBOX BLUM: Tandembox Blum Antaro внутренний ящик M гл.500 с ручкой без поводка",set,10570,"официальная цена · ФУРНИТУРА BLUM.pdf"
ren-tandembox-blum-tandembox-blum-antaro-с-высоким-фасадом-релинг-d-гл-350-3182,hardware,"TANDEMBOX BLUM: Tandembox Blum Antaro с высоким фасадом (релинг D) гл.350",set,8170,"официальная цена · ФУРНИТУРА BLUM.pdf"
ren-tandembox-blum-tandembox-blum-antaro-с-высоким-фасадом-релинг-d-гл-400-3183,hardware,"TANDEMBOX BLUM: Tandembox Blum Antaro с высоким фасадом (релинг D) гл.400",set,8630,"официальная цена · ФУРНИТУРА BLUM.pdf"
ren-tandembox-blum-tandembox-blum-antaro-с-высоким-фасадом-релинг-d-гл-450-3184,hardware,"TANDEMBOX BLUM: Tandembox Blum Antaro с высоким фасадом (релинг D) гл.450",set,8170,"официальная цена · ФУРНИТУРА BLUM.pdf"
ren-tandembox-blum-tandembox-blum-antaro-с-высоким-фасадом-релинг-d-гл-500-3185,hardware,"TANDEMBOX BLUM: Tandembox Blum Antaro с высоким фасадом (релинг D) гл.500",set,8290,"официальная цена · ФУРНИТУРА BLUM.pdf"
ren-tandembox-blum-tandembox-blum-antaro-ящик-m-гл-350-3186,hardware,"TANDEMBOX BLUM: Tandembox Blum Antaro ящик M гл.350",set,5600,"официальная цена · ФУРНИТУРА BLUM.pdf"
ren-tandembox-blum-tandembox-blum-antaro-ящик-m-гл-400-3187,hardware,"TANDEMBOX BLUM: Tandembox Blum Antaro ящик M гл.400",set,7190,"официальная цена · ФУРНИТУРА BLUM.pdf"
ren-tandembox-blum-tandembox-blum-antaro-ящик-m-гл-450-3188,hardware,"TANDEMBOX BLUM: Tandembox Blum Antaro ящик M гл.450",set,6870,"официальная цена · ФУРНИТУРА BLUM.pdf"
ren-tandembox-blum-tandembox-blum-antaro-ящик-m-гл-500-3189,hardware,"TANDEMBOX BLUM: Tandembox Blum Antaro ящик M гл.500",set,6980,"официальная цена · ФУРНИТУРА BLUM.pdf"
ren-tandembox-blum-tandembox-blum-antaro-ящик-n-гл-450-3190,hardware,"TANDEMBOX BLUM: Tandembox Blum Antaro ящик N гл.450",set,7630,"официальная цена · ФУРНИТУРА BLUM.pdf"
ren-tandembox-blum-tandembox-blum-antaro-ящик-n-гл-500-3191,hardware,"TANDEMBOX BLUM: Tandembox Blum Antaro ящик N гл.500",set,6800,"официальная цена · ФУРНИТУРА BLUM.pdf"
ren-tandem-blum-скрытый-монтаж-4107753-blum-tandem-plus-с-tip-on-полного-выдвижения--3192,hardware,"TANDEM BLUM (СКРЫТЫЙ МОНТАЖ): 4107753 Blum TANDEM plus с TIP-ON полного выдвижения, 30кг, 400мм (560H4000T)",set,5710,"официальная цена · ФУРНИТУРА BLUM.pdf"
ren-tandem-blum-скрытый-монтаж-4655230-blum-tandem-plus-с-tip-on-полного-выдвижения--3193,hardware,"TANDEM BLUM (СКРЫТЫЙ МОНТАЖ): 4655230 Blum TANDEM plus с TIP-ON полного выдвижения, 30кг, 550мм (560H5500T)",set,6180,"официальная цена · ФУРНИТУРА BLUM.pdf"
ren-tandem-blum-скрытый-монтаж-560f2500b-tandem-mp-zn-tandem-blum-с-blumotion-полног-3194,hardware,"TANDEM BLUM (СКРЫТЫЙ МОНТАЖ): 560F2500B TANDEM MP ZN TANDEM Blum с BLUMOTION полного выдвижения 30кг гл.250, 17-19мм",set,7220,"официальная цена · ФУРНИТУРА BLUM.pdf"
ren-tandem-blum-скрытый-монтаж-560f3000b-tandem-mp-zn-tandem-blum-с-blumotion-полног-3195,hardware,"TANDEM BLUM (СКРЫТЫЙ МОНТАЖ): 560F3000B TANDEM MP ZN TANDEM Blum с BLUMOTION полного выдвижения 30кг гл.300, 17-19мм",set,7220,"официальная цена · ФУРНИТУРА BLUM.pdf"
ren-tandem-blum-скрытый-монтаж-560f3500b-tandem-mp-zn-tandem-blum-с-blumotion-полног-3196,hardware,"TANDEM BLUM (СКРЫТЫЙ МОНТАЖ): 560F3500B TANDEM MP ZN TANDEM Blum с BLUMOTION полного выдвижения 30кг гл.350, 17-19мм",set,7220,"официальная цена · ФУРНИТУРА BLUM.pdf"
ren-tandem-blum-скрытый-монтаж-560f4000b-tandem-mp-zn-tandem-blum-с-blumotion-полног-3197,hardware,"TANDEM BLUM (СКРЫТЫЙ МОНТАЖ): 560F4000B TANDEM MP ZN TANDEM Blum с BLUMOTION полного выдвижения 30кг гл.400, 17-19мм",set,6370,"официальная цена · ФУРНИТУРА BLUM.pdf"
ren-tandem-blum-скрытый-монтаж-560f4500b-tandem-mp-zn-tandem-blum-с-blumotion-полног-3198,hardware,"TANDEM BLUM (СКРЫТЫЙ МОНТАЖ): 560F4500B TANDEM MP ZN TANDEM Blum с BLUMOTION полного выдвижения 30кг гл.450, 17-19мм",set,6440,"официальная цена · ФУРНИТУРА BLUM.pdf"
ren-tandem-blum-скрытый-монтаж-560f5000b-tandem-mp-zn-tandem-blum-с-blumotion-полног-3199,hardware,"TANDEM BLUM (СКРЫТЫЙ МОНТАЖ): 560F5000B TANDEM MP ZN TANDEM Blum с BLUMOTION полного выдвижения 30кг гл.500, 17-19мм",set,6590,"официальная цена · ФУРНИТУРА BLUM.pdf"
ren-tandem-blum-скрытый-монтаж-560f5500b-tandem-mp-zn-tandem-blum-с-blumotion-полног-3200,hardware,"TANDEM BLUM (СКРЫТЫЙ МОНТАЖ): 560F5500B TANDEM MP ZN TANDEM Blum с BLUMOTION полного выдвижения 30кг гл.550, 17-19мм",set,7830,"официальная цена · ФУРНИТУРА BLUM.pdf"
ren-tandem-blum-скрытый-монтаж-6041618-blum-tandem-plus-с-tip-on-полного-выдвижения--3201,hardware,"TANDEM BLUM (СКРЫТЫЙ МОНТАЖ): 6041618 Blum TANDEM plus с TIP-ON полного выдвижения, 30кг, 350мм (560H3500T)",set,5640,"официальная цена · ФУРНИТУРА BLUM.pdf"
ren-tandem-blum-скрытый-монтаж-6791102-blum-tandem-plus-с-tip-on-полного-выдвижения--3202,hardware,"TANDEM BLUM (СКРЫТЫЙ МОНТАЖ): 6791102 Blum TANDEM plus с TIP-ON полного выдвижения, 30кг, 450мм (560H4500T)",set,5790,"официальная цена · ФУРНИТУРА BLUM.pdf"
ren-tandem-blum-скрытый-монтаж-7121802-blum-tandem-plus-с-tip-on-полного-выдвижения--3203,hardware,"TANDEM BLUM (СКРЫТЫЙ МОНТАЖ): 7121802 Blum TANDEM plus с TIP-ON полного выдвижения, 30кг, 250мм (560H2500T)",set,5640,"официальная цена · ФУРНИТУРА BLUM.pdf"
ren-tandem-blum-скрытый-монтаж-8474330-blum-tandem-plus-с-tip-on-полного-выдвижения--3204,hardware,"TANDEM BLUM (СКРЫТЫЙ МОНТАЖ): 8474330 Blum TANDEM plus с TIP-ON полного выдвижения, 30кг, 300мм (560H3000T)",set,5640,"официальная цена · ФУРНИТУРА BLUM.pdf"
ren-tandem-blum-скрытый-монтаж-8558340-blum-tandem-plus-с-tip-on-полного-выдвижения--3205,hardware,"TANDEM BLUM (СКРЫТЫЙ МОНТАЖ): 8558340 Blum TANDEM plus с TIP-ON полного выдвижения, 30кг, 500мм (560H5000T)",set,5840,"официальная цена · ФУРНИТУРА BLUM.pdf"
ren-tandem-blum-скрытый-монтаж-movento-blum-направляющие-с-tip-on-blumotion-40кг-гл--3206,hardware,"TANDEM BLUM (СКРЫТЫЙ МОНТАЖ): Movento Blum направляющие с TIP-ON BLUMOTION 40кг гл.350",set,11650,"официальная цена · ФУРНИТУРА BLUM.pdf"
ren-tandem-blum-скрытый-монтаж-tandem-blum-направляющие-с-blumotion-полного-выдвижен-3207,hardware,"TANDEM BLUM (СКРЫТЫЙ МОНТАЖ): TANDEM Blum направляющие с BLUMOTION полного выдвижения 30кг гл.250",set,5220,"официальная цена · ФУРНИТУРА BLUM.pdf"
ren-tandem-blum-скрытый-монтаж-tandem-blum-направляющие-с-blumotion-полного-выдвижен-3208,hardware,"TANDEM BLUM (СКРЫТЫЙ МОНТАЖ): TANDEM Blum направляющие с BLUMOTION полного выдвижения 30кг гл.270",set,5430,"официальная цена · ФУРНИТУРА BLUM.pdf"
ren-tandem-blum-скрытый-монтаж-tandem-blum-направляющие-с-blumotion-полного-выдвижен-3209,hardware,"TANDEM BLUM (СКРЫТЫЙ МОНТАЖ): TANDEM Blum направляющие с BLUMOTION полного выдвижения 30кг гл.300",set,4900,"официальная цена · ФУРНИТУРА BLUM.pdf"
ren-tandem-blum-скрытый-монтаж-tandem-blum-направляющие-с-blumotion-полного-выдвижен-3210,hardware,"TANDEM BLUM (СКРЫТЫЙ МОНТАЖ): TANDEM Blum направляющие с BLUMOTION полного выдвижения 30кг гл.350",set,5180,"официальная цена · ФУРНИТУРА BLUM.pdf"
ren-tandem-blum-скрытый-монтаж-tandem-blum-направляющие-с-blumotion-полного-выдвижен-3211,hardware,"TANDEM BLUM (СКРЫТЫЙ МОНТАЖ): TANDEM Blum направляющие с BLUMOTION полного выдвижения 30кг гл.400",set,5280,"официальная цена · ФУРНИТУРА BLUM.pdf"
ren-tandem-blum-скрытый-монтаж-tandem-blum-направляющие-с-blumotion-полного-выдвижен-3212,hardware,"TANDEM BLUM (СКРЫТЫЙ МОНТАЖ): TANDEM Blum направляющие с BLUMOTION полного выдвижения 30кг гл.450",set,5420,"официальная цена · ФУРНИТУРА BLUM.pdf"
ren-tandem-blum-скрытый-монтаж-tandem-blum-направляющие-с-blumotion-полного-выдвижен-3213,hardware,"TANDEM BLUM (СКРЫТЫЙ МОНТАЖ): TANDEM Blum направляющие с BLUMOTION полного выдвижения 30кг гл.500",set,5500,"официальная цена · ФУРНИТУРА BLUM.pdf"
ren-tandem-blum-скрытый-монтаж-tandem-blum-направляющие-с-blumotion-полного-выдвижен-3214,hardware,"TANDEM BLUM (СКРЫТЫЙ МОНТАЖ): TANDEM Blum направляющие с BLUMOTION полного выдвижения 30кг гл.550",set,5600,"официальная цена · ФУРНИТУРА BLUM.pdf"
ren-tandem-blum-скрытый-монтаж-комплект-синхронизатора-для-tandem-tip-on-3215,hardware,"TANDEM BLUM (СКРЫТЫЙ МОНТАЖ): Комплект синхронизатора для TANDEM TIP-ON",set,1230,"официальная цена · ФУРНИТУРА BLUM.pdf"
ren-петли-blum-1181769-blum-петля-clip-top-blumotion-накладная-155-3216,hardware,"ПЕТЛИ BLUM: 1181769 Blum Петля CLIP top BLUMOTION накладная 155",pcs,1440,"официальная цена · ФУРНИТУРА BLUM.pdf"
ren-петли-blum-7655553-blum-петля-clip-top-вкладная-под-фальшпанель-95-без-пружины-д-3217,hardware,"ПЕТЛИ BLUM: 7655553 Blum Петля CLIP top вкладная, под фальшпанель 95 без пружины для Tip-On (для сфер)",pcs,920,"официальная цена · ФУРНИТУРА BLUM.pdf"
ren-петли-blum-8293246-blum-петля-clip-top-без-пружины-для-tip-on-накладная-155-3218,hardware,"ПЕТЛИ BLUM: 8293246 Blum Петля CLIP top без пружины для Tip-On накладная 155",pcs,1060,"официальная цена · ФУРНИТУРА BLUM.pdf"
ren-петли-blum-9350503-blum-петля-clip-top-blumotion-вкладная-под-фальшпанель-95-3219,hardware,"ПЕТЛИ BLUM: 9350503 Blum Петля CLIP top BLUMOTION вкладная, под фальшпанель 95",pcs,1460,"официальная цена · ФУРНИТУРА BLUM.pdf"
ren-петли-blum-blum-86-ограничитель-угла-открывания-для-петли-107-3220,hardware,"ПЕТЛИ BLUM: Blum 86° Ограничитель угла открывания для петли 107°",pcs,30,"официальная цена · ФУРНИТУРА BLUM.pdf"
ren-петли-blum-blum-86-ограничитель-угла-открывания-для-петли-110-3221,hardware,"ПЕТЛИ BLUM: Blum 86° Ограничитель угла открывания для петли 110°",pcs,110,"официальная цена · ФУРНИТУРА BLUM.pdf"
ren-петли-blum-blum-modul-ответная-планка-крест-0мм-сталь-expando-3222,hardware,"ПЕТЛИ BLUM: Blum MODUL Ответная планка, крест., 0мм, сталь, EXPANDO",pcs,100,"официальная цена · ФУРНИТУРА BLUM.pdf"
ren-петли-blum-blum-modul-петля-для-холодильника-95-3223,hardware,"ПЕТЛИ BLUM: Blum MODUL Петля для холодильника 95",pcs,480,"официальная цена · ФУРНИТУРА BLUM.pdf"
ren-петли-blum-blum-tip-on-толкатель-длинный-для-распашн-дверей-3224,hardware,"ПЕТЛИ BLUM: Blum TIP-ON толкатель длинный для распашн. дверей",set,870,"официальная цена · ФУРНИТУРА BLUM.pdf"
ren-петли-blum-blum-tip-on-толкатель-короткий-для-распашн-дверей-3225,hardware,"ПЕТЛИ BLUM: Blum TIP-ON толкатель короткий для распашн. дверей",set,710,"официальная цена · ФУРНИТУРА BLUM.pdf"
ren-петли-blum-blum-клинообразная-угловая-подкладка-5гр-подъем-0-8мм-3226,hardware,"ПЕТЛИ BLUM: Blum Клинообразная угловая подкладка +5гр, подъем 0,8мм",pcs,140,"официальная цена · ФУРНИТУРА BLUM.pdf"
ren-петли-blum-blum-петля-clip-top-110-без-пружины-для-tip-on-вкладная-3227,hardware,"ПЕТЛИ BLUM: Blum Петля CLIP top 110 без пружины для Tip-On вкладная",pcs,460,"официальная цена · ФУРНИТУРА BLUM.pdf"
ren-петли-blum-blum-петля-clip-top-110-без-пружины-для-tip-on-полунакладная-3229,hardware,"ПЕТЛИ BLUM: Blum Петля CLIP top 110 без пружины для Tip-On полунакладная",pcs,450,"официальная цена · ФУРНИТУРА BLUM.pdf"
ren-петли-blum-blum-петля-clip-top-blumotion-вкладная-110-3230,hardware,"ПЕТЛИ BLUM: Blum Петля CLIP top BLUMOTION вкладная 110",pcs,700,"официальная цена · ФУРНИТУРА BLUM.pdf"
ren-петли-blum-blum-петля-clip-top-blumotion-вкладная-под-фальшпанель-95-3231,hardware,"ПЕТЛИ BLUM: Blum Петля CLIP top BLUMOTION вкладная, под фальшпанель 95",pcs,940,"официальная цена · ФУРНИТУРА BLUM.pdf"
ren-петли-blum-blum-петля-clip-top-blumotion-вкладная-под-фальшпанель-95-для-сфер-3232,hardware,"ПЕТЛИ BLUM: Blum Петля CLIP top BLUMOTION вкладная, под фальшпанель 95 (для сфер)",pcs,1240,"официальная цена · ФУРНИТУРА BLUM.pdf"
ren-петли-blum-blum-петля-clip-top-blumotion-накладная-110-3233,hardware,"ПЕТЛИ BLUM: Blum Петля CLIP top BLUMOTION накладная 110",pcs,530,"официальная цена · ФУРНИТУРА BLUM.pdf"
ren-петли-blum-blum-петля-clip-top-blumotion-полунакладная-110-3234,hardware,"ПЕТЛИ BLUM: Blum Петля CLIP top BLUMOTION полунакладная 110",pcs,670,"официальная цена · ФУРНИТУРА BLUM.pdf"
ren-петли-blum-blum-петля-clip-top-blumotion-угловая-45-тип-i-полунакладная-3235,hardware,"ПЕТЛИ BLUM: Blum Петля CLIP top BLUMOTION угловая 45+ тип I полунакладная",pcs,910,"официальная цена · ФУРНИТУРА BLUM.pdf"
ren-петли-blum-blum-петля-clip-top-вкладная-под-фальшпанель-95-без-пружины-для-tip-o-3236,hardware,"ПЕТЛИ BLUM: Blum Петля CLIP top вкладная, под фальшпанель 95 без пружины для Tip-On",pcs,650,"официальная цена · ФУРНИТУРА BLUM.pdf"
ren-петли-blum-blum-петля-clip-top-накладная-без-пружины-для-алюм-рамок-3237,hardware,"ПЕТЛИ BLUM: Blum Петля CLIP top накладная без пружины для алюм.рамок",pcs,450,"официальная цена · ФУРНИТУРА BLUM.pdf"
ren-tandem-blum-movento-movento-blum-направляющие-c-blumotion-s-40кг-гл-250-1371889-3238,hardware,"TANDEM BLUM MOVENTO: Movento Blum направляющие c BLUMOTION S 40кг гл.250 (1371889)",set,6510,"официальная цена · ФУРНИТУРА BLUM.pdf"
ren-tandem-blum-movento-movento-blum-направляющие-c-blumotion-s-40кг-гл-300-2044824-3239,hardware,"TANDEM BLUM MOVENTO: Movento Blum направляющие c BLUMOTION S 40кг гл.300 (2044824)",set,6510,"официальная цена · ФУРНИТУРА BLUM.pdf"
ren-tandem-blum-movento-movento-blum-направляющие-c-blumotion-s-40кг-гл-350-2929806-3240,hardware,"TANDEM BLUM MOVENTO: Movento Blum направляющие c BLUMOTION S 40кг гл.350 (2929806)",set,6510,"официальная цена · ФУРНИТУРА BLUM.pdf"
ren-tandem-blum-movento-movento-blum-направляющие-c-blumotion-s-40кг-гл-400-4084545-3241,hardware,"TANDEM BLUM MOVENTO: Movento Blum направляющие c BLUMOTION S 40кг гл.400 (4084545)",set,7450,"официальная цена · ФУРНИТУРА BLUM.pdf"
ren-tandem-blum-movento-movento-blum-направляющие-c-blumotion-s-40кг-гл-450-4215867-3242,hardware,"TANDEM BLUM MOVENTO: Movento Blum направляющие c BLUMOTION S 40кг гл.450 (4215867)",set,7510,"официальная цена · ФУРНИТУРА BLUM.pdf"
ren-tandem-blum-movento-movento-blum-направляющие-c-blumotion-s-40кг-гл-500-5083446-3243,hardware,"TANDEM BLUM MOVENTO: Movento Blum направляющие c BLUMOTION S 40кг гл.500 (5083446)",set,6880,"официальная цена · ФУРНИТУРА BLUM.pdf"
ren-tandem-blum-movento-movento-blum-направляющие-c-blumotion-s-40кг-гл-550-7086828-3244,hardware,"TANDEM BLUM MOVENTO: Movento Blum направляющие c BLUMOTION S 40кг гл.550 (7086828)",set,7210,"официальная цена · ФУРНИТУРА BLUM.pdf"
ren-tandem-blum-movento-movento-blum-направляющие-c-blumotion-s-40кг-гл-600-9374474-3245,hardware,"TANDEM BLUM MOVENTO: Movento Blum направляющие c BLUMOTION S 40кг гл.600 (9374474)",set,7320,"официальная цена · ФУРНИТУРА BLUM.pdf"
ren-tandem-blum-movento-movento-blum-направляющие-с-tip-on-40кг-гл-400-8932397-3246,hardware,"TANDEM BLUM MOVENTO: Movento Blum направляющие с TIP-ON 40кг гл.400 (8932397)",set,11360,"официальная цена · ФУРНИТУРА BLUM.pdf"
ren-tandem-blum-movento-movento-blum-направляющие-с-tip-on-40кг-гл-450-6395115-3247,hardware,"TANDEM BLUM MOVENTO: Movento Blum направляющие с TIP-ON 40кг гл.450 (6395115)",set,11170,"официальная цена · ФУРНИТУРА BLUM.pdf"
ren-tandem-blum-movento-movento-blum-направляющие-с-tip-on-40кг-гл-500-8885556-3248,hardware,"TANDEM BLUM MOVENTO: Movento Blum направляющие с TIP-ON 40кг гл.500 (8885556)",set,11240,"официальная цена · ФУРНИТУРА BLUM.pdf"
ren-tandem-blum-movento-movento-blum-направляющие-с-tip-on-blumotion-40кг-гл-300-3249,hardware,"TANDEM BLUM MOVENTO: Movento Blum направляющие с TIP-ON BLUMOTION 40кг гл.300",set,11280,"официальная цена · ФУРНИТУРА BLUM.pdf"
ren-tandem-blum-movento-movento-blum-направляющие-с-tip-on-blumotion-40кг-гл-400-3250,hardware,"TANDEM BLUM MOVENTO: Movento Blum направляющие с TIP-ON BLUMOTION 40кг гл.400",set,12580,"официальная цена · ФУРНИТУРА BLUM.pdf"
ren-tandem-blum-movento-movento-blum-направляющие-с-tip-on-blumotion-40кг-гл-450-3251,hardware,"TANDEM BLUM MOVENTO: Movento Blum направляющие с TIP-ON BLUMOTION 40кг гл.450",set,12640,"официальная цена · ФУРНИТУРА BLUM.pdf"
ren-tandem-blum-movento-movento-blum-направляющие-с-tip-on-blumotion-40кг-гл-500-3252,hardware,"TANDEM BLUM MOVENTO: Movento Blum направляющие с TIP-ON BLUMOTION 40кг гл.500",set,12010,"официальная цена · ФУРНИТУРА BLUM.pdf"
ren-tandem-blum-movento-movento-blum-направляющие-с-tip-on-blumotion-40кг-гл-550-3253,hardware,"TANDEM BLUM MOVENTO: Movento Blum направляющие с TIP-ON BLUMOTION 40кг гл.550",set,12340,"официальная цена · ФУРНИТУРА BLUM.pdf"
ren-корзины-и-бутылочницы-boyard-корзина-ф-150-бок-дов-kr08-3254,other,"КОРЗИНЫ И БУТЫЛОЧНИЦЫ BOYARD: Корзина (Ф-150) бок.дов KR08",set,3430,"официальная цена · ФУРНИТУРА BOYARD.pdf"
ren-корзины-и-бутылочницы-boyard-корзина-ф-200-бок-дов-kr08-3255,other,"КОРЗИНЫ И БУТЫЛОЧНИЦЫ BOYARD: Корзина (Ф-200) бок.дов KR08",set,4000,"официальная цена · ФУРНИТУРА BOYARD.pdf"
ren-корзины-и-бутылочницы-boyard-корзина-krm-04-boyard-3256,other,"КОРЗИНЫ И БУТЫЛОЧНИЦЫ BOYARD: Корзина KRM 04 Boyard",set,18300,"официальная цена · ФУРНИТУРА BOYARD.pdf"
ren-корзины-и-бутылочницы-boyard-корзина-krm-05-boyard-3257,other,"КОРЗИНЫ И БУТЫЛОЧНИЦЫ BOYARD: Корзина KRM 05 Boyard",set,28270,"официальная цена · ФУРНИТУРА BOYARD.pdf"
ren-корзины-и-бутылочницы-boyard-корзина-krm-10-boyard-3258,other,"КОРЗИНЫ И БУТЫЛОЧНИЦЫ BOYARD: Корзина KRM 10 Boyard",set,17540,"официальная цена · ФУРНИТУРА BOYARD.pdf"
ren-посудосушители-корзина-сушка-krs06-1-3-600-с-доводчиком-на-600-мм-3259,other,"ПОСУДОСУШИТЕЛИ: Корзина-сушка KRS06 1 3 600 с доводчиком на 600 мм",set,10740,"официальная цена · ФУРНИТУРА BOYARD.pdf"
ren-посудосушители-сушка-su-02-500-3260,other,"ПОСУДОСУШИТЕЛИ: Сушка SU-02 500",set,2750,"официальная цена · ФУРНИТУРА BOYARD.pdf"
ren-посудосушители-сушка-su-02-600-3261,other,"ПОСУДОСУШИТЕЛИ: Сушка SU-02 600",set,2930,"официальная цена · ФУРНИТУРА BOYARD.pdf"
ren-посудосушители-сушка-su-02-700-3262,other,"ПОСУДОСУШИТЕЛИ: Сушка SU-02 700",set,3810,"официальная цена · ФУРНИТУРА BOYARD.pdf"
ren-посудосушители-сушка-su-02-800-3263,other,"ПОСУДОСУШИТЕЛИ: Сушка SU-02 800",set,3810,"официальная цена · ФУРНИТУРА BOYARD.pdf"
ren-посудосушители-сушка-su-02-900-3264,other,"ПОСУДОСУШИТЕЛИ: Сушка SU-02 900",set,4230,"официальная цена · ФУРНИТУРА BOYARD.pdf"
ren-газовые-лифты-газовый-лифт-100n-gl105gr-3265,other,"ГАЗОВЫЕ ЛИФТЫ: Газовый лифт 100N GL105GR",pcs,130,"официальная цена · ФУРНИТУРА BOYARD.pdf"
ren-газовые-лифты-газовый-лифт-50n-gl105gr-3266,other,"ГАЗОВЫЕ ЛИФТЫ: Газовый лифт 50N GL105GR",pcs,130,"официальная цена · ФУРНИТУРА BOYARD.pdf"
ren-газовые-лифты-газовый-лифт-80n-gl105gr-3267,other,"ГАЗОВЫЕ ЛИФТЫ: Газовый лифт 80N GL105GR",pcs,130,"официальная цена · ФУРНИТУРА BOYARD.pdf"
ren-газовые-лифты-газовый-лифт-gl106grph1003-боярд-3268,other,"ГАЗОВЫЕ ЛИФТЫ: Газовый лифт GL106GRPH1003 (Боярд)",pcs,650,"официальная цена · ФУРНИТУРА BOYARD.pdf"
ren-газовые-лифты-газовый-лифт-барный-100n-gl103-боярд-3269,other,"ГАЗОВЫЕ ЛИФТЫ: Газовый лифт барный 100N GL103 (Боярд)",pcs,450,"официальная цена · ФУРНИТУРА BOYARD.pdf"
ren-газовые-лифты-газовый-лифт-барный-50n-gl103-боярд-3270,other,"ГАЗОВЫЕ ЛИФТЫ: Газовый лифт барный 50N GL103 (Боярд)",pcs,450,"официальная цена · ФУРНИТУРА BOYARD.pdf"
ren-газовые-лифты-газовый-лифт-барный-80n-gl103-боярд-3271,other,"ГАЗОВЫЕ ЛИФТЫ: Газовый лифт барный 80N GL103 (Боярд)",pcs,450,"официальная цена · ФУРНИТУРА BOYARD.pdf"
ren-газовые-лифты-газовый-лифт-барный-80n-gl106-боярд-3272,other,"ГАЗОВЫЕ ЛИФТЫ: Газовый лифт барный 80N GL106 (Боярд)",pcs,650,"официальная цена · ФУРНИТУРА BOYARD.pdf"
ren-газовые-лифты-газовый-лифт-с-фиксацией-100n-gl104-боярд-3273,other,"ГАЗОВЫЕ ЛИФТЫ: Газовый лифт с фиксацией 100N GL104 (Боярд)",pcs,680,"официальная цена · ФУРНИТУРА BOYARD.pdf"
ren-пeтли-и-комплектующие-аммортизатор-amf11-w-с-толкателем-боярд-3274,other,"ПEТЛИ И КОМПЛЕКТУЮЩИЕ: Аммортизатор AMF11 W с толкателем (Боярд)",pcs,220,"официальная цена · ФУРНИТУРА BOYARD.pdf"
ren-пeтли-и-комплектующие-корпус-amf16-для-накладной-установки-amf14-amf15-боярд-3275,board,"ПEТЛИ И КОМПЛЕКТУЮЩИЕ: Корпус AMF16 для накладной установки AMF14, AMF15 (Боярд)",pcs,70,"официальная цена · ФУРНИТУРА BOYARD.pdf"
ren-пeтли-и-комплектующие-магнитный-толкатель-push-to-open-amf13-sst-боярд-3276,hardware,"ПEТЛИ И КОМПЛЕКТУЮЩИЕ: Магнитный толкатель Push-to-Open AMF13 SST (Боярд)",pcs,160,"официальная цена · ФУРНИТУРА BOYARD.pdf"
ren-пeтли-и-комплектующие-ограничитель-угла-открывания-петель-limit-h87-боярд-3277,other,"ПEТЛИ И КОМПЛЕКТУЮЩИЕ: Ограничитель угла открывания петель LIMIT H87 (Боярд)",pcs,30,"официальная цена · ФУРНИТУРА BOYARD.pdf"
ren-пeтли-и-комплектующие-петля-boyard-306a-с-доводчиком-с-эксцентриком-планка-h5030-3278,hardware,"ПEТЛИ И КОМПЛЕКТУЮЩИЕ: Петля Boyard 306A с доводчиком с эксцентриком (планка H5030)",pcs,260,"официальная цена · ФУРНИТУРА BOYARD.pdf"
ren-пeтли-и-комплектующие-петля-boyard-evo-h801a02-накладная-с-доводчиком-планка-h80-3279,hardware,"ПEТЛИ И КОМПЛЕКТУЮЩИЕ: Петля Boyard EVO H801A02 накладная с доводчиком (планка H8010)",pcs,190,"официальная цена · ФУРНИТУРА BOYARD.pdf"
ren-пeтли-и-комплектующие-петля-boyard-evo-h801b02-полунакладная-с-доводчиком-планка-3280,hardware,"ПEТЛИ И КОМПЛЕКТУЮЩИЕ: Петля Boyard EVO H801B02 полунакладная с доводчиком (планка H8010)",pcs,250,"официальная цена · ФУРНИТУРА BOYARD.pdf"
ren-пeтли-и-комплектующие-петля-boyard-evo-h801c02-вкладная-с-доводчиком-планка-h801-3281,hardware,"ПEТЛИ И КОМПЛЕКТУЮЩИЕ: Петля Boyard EVO H801C02 вкладная с доводчиком (планка H8010)",pcs,250,"официальная цена · ФУРНИТУРА BOYARD.pdf"
ren-пeтли-и-комплектующие-петля-boyard-evo-h89002-под-фальшпанель-с-доводчиком-планк-3282,hardware,"ПEТЛИ И КОМПЛЕКТУЮЩИЕ: Петля Boyard EVO H89002 под фальшпанель с доводчиком (планка H8012)",pcs,220,"официальная цена · ФУРНИТУРА BOYARD.pdf"
ren-пeтли-и-комплектующие-петля-boyard-evo-h901a02-накладная-без-пружины-планка-h801-3283,hardware,"ПEТЛИ И КОМПЛЕКТУЮЩИЕ: Петля Boyard EVO H901A02 накладная без пружины (планка H8010)",pcs,200,"официальная цена · ФУРНИТУРА BOYARD.pdf"
ren-пeтли-и-комплектующие-петля-boyard-evo-h901b02-полунакладная-без-пружины-планка--3284,hardware,"ПEТЛИ И КОМПЛЕКТУЮЩИЕ: Петля Boyard EVO H901B02 полунакладная без пружины (планка H8010)",pcs,230,"официальная цена · ФУРНИТУРА BOYARD.pdf"
ren-пeтли-и-комплектующие-петля-boyard-evo-h901c02-вкладная-без-пружины-планка-h8010-3285,hardware,"ПEТЛИ И КОМПЛЕКТУЮЩИЕ: Петля Boyard EVO H901C02 вкладная без пружины (планка H8010)",pcs,230,"официальная цена · ФУРНИТУРА BOYARD.pdf"
ren-пeтли-и-комплектующие-петля-boyard-evo-h99002-под-фальшпанель-без-пружины-планка-3286,hardware,"ПEТЛИ И КОМПЛЕКТУЮЩИЕ: Петля Boyard EVO H99002 под фальшпанель без пружины (планка H8010)",pcs,260,"официальная цена · ФУРНИТУРА BOYARD.pdf"
ren-пeтли-и-комплектующие-петля-boyard-evo-h99002-под-фальшпанель-без-пружины-планка-3287,hardware,"ПEТЛИ И КОМПЛЕКТУЮЩИЕ: Петля Boyard EVO H99002 под фальшпанель без пружины (планка H8012)",pcs,260,"официальная цена · ФУРНИТУРА BOYARD.pdf"
ren-пeтли-и-комплектующие-петля-boyard-h600a02-0112-накладная-165-3288,hardware,"ПEТЛИ И КОМПЛЕКТУЮЩИЕ: Петля Boyard H600A02-0112 накладная 165",pcs,410,"официальная цена · ФУРНИТУРА BOYARD.pdf"
ren-пeтли-и-комплектующие-петля-boyard-h691a02-0112-накладная-без-пружины-3289,hardware,"ПEТЛИ И КОМПЛЕКТУЮЩИЕ: Петля Boyard H691A02 0112 накладная без пружины",pcs,120,"официальная цена · ФУРНИТУРА BOYARD.pdf"
ren-пeтли-и-комплектующие-петля-boyard-h691a02-0112-полунакладная-без-пружины-3290,hardware,"ПEТЛИ И КОМПЛЕКТУЮЩИЕ: Петля Boyard H691A02 0112 полунакладная без пружины",pcs,120,"официальная цена · ФУРНИТУРА BOYARD.pdf"
ren-пeтли-и-комплектующие-петля-boyard-h691c02-0112-вкладная-без-пружины-3291,hardware,"ПEТЛИ И КОМПЛЕКТУЮЩИЕ: Петля Boyard H691C02 0112 вкладная без пружины",pcs,120,"официальная цена · ФУРНИТУРА BOYARD.pdf"
ren-пeтли-и-комплектующие-петля-boyard-для-вкладной-двери-обычная-3292,hardware,"ПEТЛИ И КОМПЛЕКТУЮЩИЕ: Петля BOYARD для вкладной двери обычная",pcs,50,"официальная цена · ФУРНИТУРА BOYARD.pdf"
ren-пeтли-и-комплектующие-петля-boyard-для-вкладной-двери-с-доводчиком-3293,hardware,"ПEТЛИ И КОМПЛЕКТУЮЩИЕ: Петля BOYARD для вкладной двери с доводчиком",pcs,120,"официальная цена · ФУРНИТУРА BOYARD.pdf"
ren-пeтли-и-комплектующие-петля-boyard-для-накладной-двери-обычная-3294,hardware,"ПEТЛИ И КОМПЛЕКТУЮЩИЕ: Петля BOYARD для накладной двери обычная",pcs,50,"официальная цена · ФУРНИТУРА BOYARD.pdf"
ren-пeтли-и-комплектующие-петля-boyard-для-накладной-двери-с-доводчиком-3295,hardware,"ПEТЛИ И КОМПЛЕКТУЮЩИЕ: Петля BOYARD для накладной двери с доводчиком",pcs,120,"официальная цена · ФУРНИТУРА BOYARD.pdf"
ren-пeтли-и-комплектующие-петля-boyard-для-полунакладной-двери-обычная-3296,hardware,"ПEТЛИ И КОМПЛЕКТУЮЩИЕ: Петля BOYARD для полунакладной двери обычная",pcs,50,"официальная цена · ФУРНИТУРА BOYARD.pdf"
ren-пeтли-и-комплектующие-петля-boyard-для-полунакладной-двери-с-доводчиком-3297,hardware,"ПEТЛИ И КОМПЛЕКТУЮЩИЕ: Петля BOYARD для полунакладной двери с доводчиком",pcs,120,"официальная цена · ФУРНИТУРА BOYARD.pdf"
ren-пeтли-и-комплектующие-петля-boyard-для-угловой-двери-на-30-3298,hardware,"ПEТЛИ И КОМПЛЕКТУЮЩИЕ: Петля BOYARD для угловой двери на 30°",pcs,110,"официальная цена · ФУРНИТУРА BOYARD.pdf"
ren-пeтли-и-комплектующие-петля-boyard-для-угловой-двери-на-30-обычная-3299,hardware,"ПEТЛИ И КОМПЛЕКТУЮЩИЕ: Петля BOYARD для угловой двери на 30° обычная",pcs,110,"официальная цена · ФУРНИТУРА BOYARD.pdf"
ren-пeтли-и-комплектующие-петля-boyard-для-угловой-двери-на-45-обычная-3300,hardware,"ПEТЛИ И КОМПЛЕКТУЮЩИЕ: Петля BOYARD для угловой двери на 45° обычная",pcs,100,"официальная цена · ФУРНИТУРА BOYARD.pdf"
ren-пeтли-и-комплектующие-петля-boyard-для-угловой-двери-на-45-обычная-3301,hardware,"ПEТЛИ И КОМПЛЕКТУЮЩИЕ: Петля BOYARD для угловой двери на -45° обычная",pcs,100,"официальная цена · ФУРНИТУРА BOYARD.pdf"
ren-пeтли-и-комплектующие-петля-boyard-для-угловой-двери-на-45-с-доводчиком-3302,hardware,"ПEТЛИ И КОМПЛЕКТУЮЩИЕ: Петля BOYARD для угловой двери на 45° с доводчиком",pcs,230,"официальная цена · ФУРНИТУРА BOYARD.pdf"
ren-пeтли-и-комплектующие-петля-boyard-для-угловой-двери-на-90-с-доводчиком-3303,hardware,"ПEТЛИ И КОМПЛЕКТУЮЩИЕ: Петля BOYARD для угловой двери на 90° с доводчиком",pcs,220,"официальная цена · ФУРНИТУРА BOYARD.pdf"
ren-пeтли-и-комплектующие-петля-boyard-н-600-накладная-165-с-евриками-кузнечик-3304,hardware,"ПEТЛИ И КОМПЛЕКТУЮЩИЕ: Петля Boyard Н-600 накладная 165° с евриками (КУЗНЕЧИК)",pcs,410,"официальная цена · ФУРНИТУРА BOYARD.pdf"
ren-пeтли-и-комплектующие-петля-н-502-а-для-стекл-створки-накладная-3305,hardware,"ПEТЛИ И КОМПЛЕКТУЮЩИЕ: Петля Н-502 А (для стекл. створки) накладная",pcs,320,"официальная цена · ФУРНИТУРА BOYARD.pdf"
ren-пeтли-и-комплектующие-петля-н-502-в-для-стекл-створки-полунакладная-3306,hardware,"ПEТЛИ И КОМПЛЕКТУЮЩИЕ: Петля Н-502 В (для стекл. створки) полунакладная",pcs,340,"официальная цена · ФУРНИТУРА BOYARD.pdf"
ren-система-выдвижения-старт-b-box-boyard-sbh32w-высокий-держатель-задней-стенки-3307,other,"СИСТЕМА ВЫДВИЖЕНИЯ СТАРТ: B-box Boyard SBH32W Высокий держатель задней стенки",pcs,270,"официальная цена · ФУРНИТУРА BOYARD.pdf"
ren-система-выдвижения-старт-b-box-boyard-sbh35gr-держатель-под-мойку-3308,other,"СИСТЕМА ВЫДВИЖЕНИЯ СТАРТ: B-box Boyard SBH35GR Держатель под мойку",pcs,910,"официальная цена · ФУРНИТУРА BOYARD.pdf"
ren-система-выдвижения-старт-b-box-boyard-sbh35w-держатель-под-мойку-3309,other,"СИСТЕМА ВЫДВИЖЕНИЯ СТАРТ: B-box Boyard SBH35W Держатель под мойку",pcs,1080,"официальная цена · ФУРНИТУРА BOYARD.pdf"
ren-система-выдвижения-старт-старт-boyard-sbh63-w-держатель-передней-стенки-sb18-3310,other,"СИСТЕМА ВЫДВИЖЕНИЯ СТАРТ: Старт Boyard SBH63 W Держатель передней стенки SB18",pcs,430,"официальная цена · ФУРНИТУРА BOYARD.pdf"
ren-система-выдвижения-старт-старт-boyard-sbw08-gr-1200-передняя-стенка-3311,other,"СИСТЕМА ВЫДВИЖЕНИЯ СТАРТ: Старт Boyard SBW08 GR 1200 Передняя стенка",pcs,2410,"официальная цена · ФУРНИТУРА BOYARD.pdf"
ren-система-выдвижения-старт-старт-boyard-sbw08-w-1200-передняя-стенка-3312,other,"СИСТЕМА ВЫДВИЖЕНИЯ СТАРТ: Старт Boyard SBW08 W 1200 Передняя стенка",pcs,2410,"официальная цена · ФУРНИТУРА BOYARD.pdf"
ren-система-выдвижения-старт-старт-boyard-тонкостенный-450-push-3313,hardware,"СИСТЕМА ВЫДВИЖЕНИЯ СТАРТ: Старт Boyard Тонкостенный 450 PUSH",pcs,3010,"официальная цена · ФУРНИТУРА BOYARD.pdf"
ren-система-выдвижения-старт-старт-boyard-тонкостенный-500-push-3314,hardware,"СИСТЕМА ВЫДВИЖЕНИЯ СТАРТ: Старт Boyard Тонкостенный 500 PUSH",pcs,3260,"официальная цена · ФУРНИТУРА BOYARD.pdf"
ren-система-выдвижения-старт-старт-boyard-тонкостенный-sb18gr-300-серый-3315,other,"СИСТЕМА ВЫДВИЖЕНИЯ СТАРТ: Старт Boyard Тонкостенный SB18GR 300 серый",set,2310,"официальная цена · ФУРНИТУРА BOYARD.pdf"
ren-система-выдвижения-старт-старт-boyard-тонкостенный-sb18gr-350-серый-3316,other,"СИСТЕМА ВЫДВИЖЕНИЯ СТАРТ: Старт Boyard Тонкостенный SB18GR 350 серый",set,2310,"официальная цена · ФУРНИТУРА BOYARD.pdf"
ren-система-выдвижения-старт-старт-boyard-тонкостенный-sb18gr-400-серый-3317,other,"СИСТЕМА ВЫДВИЖЕНИЯ СТАРТ: Старт Boyard Тонкостенный SB18GR 400 серый",set,2570,"официальная цена · ФУРНИТУРА BOYARD.pdf"
ren-система-выдвижения-старт-старт-boyard-тонкостенный-sb18gr-450-серый-3318,other,"СИСТЕМА ВЫДВИЖЕНИЯ СТАРТ: Старт Boyard Тонкостенный SB18GR 450 серый",set,2540,"официальная цена · ФУРНИТУРА BOYARD.pdf"
ren-система-выдвижения-старт-старт-boyard-тонкостенный-sb18gr-500-серый-3319,other,"СИСТЕМА ВЫДВИЖЕНИЯ СТАРТ: Старт Boyard Тонкостенный SB18GR 500 серый",set,2660,"официальная цена · ФУРНИТУРА BOYARD.pdf"
ren-система-выдвижения-старт-старт-boyard-тонкостенный-sb18w-1-350-белый-3320,other,"СИСТЕМА ВЫДВИЖЕНИЯ СТАРТ: Старт Boyard Тонкостенный SB18W.1 350 белый",set,2440,"официальная цена · ФУРНИТУРА BOYARD.pdf"
ren-система-выдвижения-старт-старт-boyard-тонкостенный-sb18w-1-400-белый-3321,other,"СИСТЕМА ВЫДВИЖЕНИЯ СТАРТ: Старт Boyard Тонкостенный SB18W.1 400 белый",set,2570,"официальная цена · ФУРНИТУРА BOYARD.pdf"
ren-система-выдвижения-старт-старт-boyard-тонкостенный-sb18w-1-450-белый-3322,other,"СИСТЕМА ВЫДВИЖЕНИЯ СТАРТ: Старт Boyard Тонкостенный SB18W.1 450 белый",set,2540,"официальная цена · ФУРНИТУРА BOYARD.pdf"
ren-система-выдвижения-старт-старт-boyard-тонкостенный-sb18w-1-500-белый-3323,other,"СИСТЕМА ВЫДВИЖЕНИЯ СТАРТ: Старт Boyard Тонкостенный SB18W.1 500 белый",set,2660,"официальная цена · ФУРНИТУРА BOYARD.pdf"
ren-система-выдвижения-старт-старт-boyard-тонкостенный-sb20w-1-350-белый-3324,other,"СИСТЕМА ВЫДВИЖЕНИЯ СТАРТ: Старт Boyard Тонкостенный SB20W.1 350 белый",set,3430,"официальная цена · ФУРНИТУРА BOYARD.pdf"
ren-система-выдвижения-старт-старт-boyard-тонкостенный-sb20w-1-400-белый-3325,other,"СИСТЕМА ВЫДВИЖЕНИЯ СТАРТ: Старт Boyard Тонкостенный SB20W.1 400 белый",set,3600,"официальная цена · ФУРНИТУРА BOYARD.pdf"
ren-система-выдвижения-старт-старт-boyard-тонкостенный-sb20w-1-450-белый-3326,other,"СИСТЕМА ВЫДВИЖЕНИЯ СТАРТ: Старт Boyard Тонкостенный SB20W.1 450 белый",set,3450,"официальная цена · ФУРНИТУРА BOYARD.pdf"
ren-система-выдвижения-старт-старт-boyard-тонкостенный-sb20w-1-500-белый-3327,other,"СИСТЕМА ВЫДВИЖЕНИЯ СТАРТ: Старт Boyard Тонкостенный SB20W.1 500 белый",set,3590,"официальная цена · ФУРНИТУРА BOYARD.pdf"
ren-система-выдвижения-старт-старт-boyard-тонкостенный-с-1-м-рейлингом-серый-300мм-3328,other,"СИСТЕМА ВЫДВИЖЕНИЯ СТАРТ: Старт Boyard Тонкостенный с 1-м рейлингом серый 300мм",set,2760,"официальная цена · ФУРНИТУРА BOYARD.pdf"
ren-система-выдвижения-старт-старт-boyard-тонкостенный-с-1-м-рейлингом-серый-350мм-3329,other,"СИСТЕМА ВЫДВИЖЕНИЯ СТАРТ: Старт Boyard Тонкостенный с 1-м рейлингом серый 350мм",set,2910,"официальная цена · ФУРНИТУРА BOYARD.pdf"
ren-система-выдвижения-старт-старт-boyard-тонкостенный-с-1-м-рейлингом-серый-400мм-3330,other,"СИСТЕМА ВЫДВИЖЕНИЯ СТАРТ: Старт Boyard Тонкостенный с 1-м рейлингом серый 400мм",set,3060,"официальная цена · ФУРНИТУРА BOYARD.pdf"
ren-система-выдвижения-старт-старт-boyard-тонкостенный-с-1-м-рейлингом-серый-450мм-3331,other,"СИСТЕМА ВЫДВИЖЕНИЯ СТАРТ: Старт Boyard Тонкостенный с 1-м рейлингом серый 450мм",set,3020,"официальная цена · ФУРНИТУРА BOYARD.pdf"
ren-система-выдвижения-старт-старт-boyard-тонкостенный-с-1-м-рейлингом-серый-500мм-3332,other,"СИСТЕМА ВЫДВИЖЕНИЯ СТАРТ: Старт Boyard Тонкостенный с 1-м рейлингом серый 500мм",set,3160,"официальная цена · ФУРНИТУРА BOYARD.pdf"
ren-система-выдвижения-старт-старт-boyard-тонкостенный-с-2-м-рейлингом-серый-300мм-3333,other,"СИСТЕМА ВЫДВИЖЕНИЯ СТАРТ: Старт Boyard Тонкостенный с 2-м рейлингом серый 300мм",set,3210,"официальная цена · ФУРНИТУРА BOYARD.pdf"
ren-система-выдвижения-старт-старт-boyard-тонкостенный-с-2-м-рейлингом-серый-350мм-3334,other,"СИСТЕМА ВЫДВИЖЕНИЯ СТАРТ: Старт Boyard Тонкостенный с 2-м рейлингом серый 350мм",set,3380,"официальная цена · ФУРНИТУРА BOYARD.pdf"
ren-система-выдвижения-старт-старт-boyard-тонкостенный-с-2-м-рейлингом-серый-400мм-3335,other,"СИСТЕМА ВЫДВИЖЕНИЯ СТАРТ: Старт Boyard Тонкостенный с 2-м рейлингом серый 400мм",set,3550,"официальная цена · ФУРНИТУРА BOYARD.pdf"
ren-система-выдвижения-старт-старт-boyard-тонкостенный-с-2-м-рейлингом-серый-450мм-3336,other,"СИСТЕМА ВЫДВИЖЕНИЯ СТАРТ: Старт Boyard Тонкостенный с 2-м рейлингом серый 450мм",set,3510,"официальная цена · ФУРНИТУРА BOYARD.pdf"
ren-система-выдвижения-старт-старт-boyard-тонкостенный-с-2-м-рейлингом-серый-500мм-3337,other,"СИСТЕМА ВЫДВИЖЕНИЯ СТАРТ: Старт Boyard Тонкостенный с 2-м рейлингом серый 500мм",set,3660,"официальная цена · ФУРНИТУРА BOYARD.pdf"
ren-направляющие-скрытого-монтажа-для-ящиков-направляющие-boyard-скрыт-db8781zn-250--3338,hardware,"НАПРАВЛЯЮЩИЕ СКРЫТОГО МОНТАЖА ДЛЯ ЯЩИКОВ: Направляющие Boyard скрыт DB8781Zn 250 B-SLIDE",set,930,"официальная цена · ФУРНИТУРА BOYARD.pdf"
ren-направляющие-скрытого-монтажа-для-ящиков-направляющие-boyard-скрыт-db8781zn-300--3339,hardware,"НАПРАВЛЯЮЩИЕ СКРЫТОГО МОНТАЖА ДЛЯ ЯЩИКОВ: Направляющие Boyard скрыт DB8781Zn 300 B-SLIDE",set,980,"официальная цена · ФУРНИТУРА BOYARD.pdf"
ren-направляющие-скрытого-монтажа-для-ящиков-направляющие-boyard-скрыт-db8781zn-350--3340,hardware,"НАПРАВЛЯЮЩИЕ СКРЫТОГО МОНТАЖА ДЛЯ ЯЩИКОВ: Направляющие Boyard скрыт DB8781Zn 350 B-SLIDE",set,1070,"официальная цена · ФУРНИТУРА BOYARD.pdf"
ren-направляющие-скрытого-монтажа-для-ящиков-направляющие-boyard-скрыт-db8781zn-400--3341,hardware,"НАПРАВЛЯЮЩИЕ СКРЫТОГО МОНТАЖА ДЛЯ ЯЩИКОВ: Направляющие Boyard скрыт DB8781Zn 400 B-SLIDE",set,1130,"официальная цена · ФУРНИТУРА BOYARD.pdf"
ren-направляющие-скрытого-монтажа-для-ящиков-направляющие-boyard-скрыт-db8781zn-450--3342,hardware,"НАПРАВЛЯЮЩИЕ СКРЫТОГО МОНТАЖА ДЛЯ ЯЩИКОВ: Направляющие Boyard скрыт DB8781Zn 450 B-SLIDE",set,1200,"официальная цена · ФУРНИТУРА BOYARD.pdf"
ren-направляющие-скрытого-монтажа-для-ящиков-направляющие-boyard-скрыт-db8781zn-500--3343,hardware,"НАПРАВЛЯЮЩИЕ СКРЫТОГО МОНТАЖА ДЛЯ ЯЩИКОВ: Направляющие Boyard скрыт DB8781Zn 500 B-SLIDE",set,1280,"официальная цена · ФУРНИТУРА BOYARD.pdf"
ren-направляющие-скрытого-монтажа-для-ящиков-направляющие-boyard-скрыт-db8781zn-550--3344,hardware,"НАПРАВЛЯЮЩИЕ СКРЫТОГО МОНТАЖА ДЛЯ ЯЩИКОВ: Направляющие Boyard скрыт DB8781Zn 550 B-SLIDE",set,1370,"официальная цена · ФУРНИТУРА BOYARD.pdf"
ren-направляющие-скрытого-монтажа-для-ящиков-направляющие-boyard-скрыт-p20-db8785zn--3345,hardware,"НАПРАВЛЯЮЩИЕ СКРЫТОГО МОНТАЖА ДЛЯ ЯЩИКОВ: Направляющие Boyard скрыт P20 DB8785Zn 300",set,1420,"официальная цена · ФУРНИТУРА BOYARD.pdf"
ren-направляющие-скрытого-монтажа-для-ящиков-направляющие-boyard-скрыт-p20-db8785zn--3346,hardware,"НАПРАВЛЯЮЩИЕ СКРЫТОГО МОНТАЖА ДЛЯ ЯЩИКОВ: Направляющие Boyard скрыт P20 DB8785Zn 350",set,1550,"официальная цена · ФУРНИТУРА BOYARD.pdf"
ren-направляющие-скрытого-монтажа-для-ящиков-направляющие-boyard-скрыт-p20-db8785zn--3347,hardware,"НАПРАВЛЯЮЩИЕ СКРЫТОГО МОНТАЖА ДЛЯ ЯЩИКОВ: Направляющие Boyard скрыт P20 DB8785Zn 400",set,1650,"официальная цена · ФУРНИТУРА BOYARD.pdf"
ren-направляющие-скрытого-монтажа-для-ящиков-направляющие-boyard-скрыт-p20-db8785zn--3348,hardware,"НАПРАВЛЯЮЩИЕ СКРЫТОГО МОНТАЖА ДЛЯ ЯЩИКОВ: Направляющие Boyard скрыт P20 DB8785Zn 450",set,1750,"официальная цена · ФУРНИТУРА BOYARD.pdf"
ren-направляющие-скрытого-монтажа-для-ящиков-направляющие-boyard-скрыт-p20-db8785zn--3349,hardware,"НАПРАВЛЯЮЩИЕ СКРЫТОГО МОНТАЖА ДЛЯ ЯЩИКОВ: Направляющие Boyard скрыт P20 DB8785Zn 500",set,1890,"официальная цена · ФУРНИТУРА BOYARD.pdf"
ren-направляющие-для-ящиков-пвш-направляющие-boyard-db4518zn-300-push-soft-closing-3350,hardware,"НАПРАВЛЯЮЩИЕ ДЛЯ ЯЩИКОВ ПВШ: Направляющие Boyard DB4518Zn 300 Push+Soft Closing",set,1510,"официальная цена · ФУРНИТУРА BOYARD.pdf"
ren-направляющие-для-ящиков-пвш-направляющие-boyard-db4518zn-350-push-soft-closing-3351,hardware,"НАПРАВЛЯЮЩИЕ ДЛЯ ЯЩИКОВ ПВШ: Направляющие Boyard DB4518Zn 350 Push+Soft Closing",set,1530,"официальная цена · ФУРНИТУРА BOYARD.pdf"
ren-направляющие-для-ящиков-пвш-направляющие-boyard-db4518zn-400-push-soft-closing-3352,hardware,"НАПРАВЛЯЮЩИЕ ДЛЯ ЯЩИКОВ ПВШ: Направляющие Boyard DB4518Zn 400 Push+Soft Closing",set,1690,"официальная цена · ФУРНИТУРА BOYARD.pdf"
ren-направляющие-для-ящиков-пвш-направляющие-boyard-db4518zn-450-push-soft-closing-3353,hardware,"НАПРАВЛЯЮЩИЕ ДЛЯ ЯЩИКОВ ПВШ: Направляющие Boyard DB4518Zn 450 Push+Soft Closing",set,1810,"официальная цена · ФУРНИТУРА BOYARD.pdf"
ren-направляющие-для-ящиков-пвш-направляющие-boyard-db4518zn-500-push-soft-closing-3354,hardware,"НАПРАВЛЯЮЩИЕ ДЛЯ ЯЩИКОВ ПВШ: Направляющие Boyard DB4518Zn 500 Push+Soft Closing",set,1950,"официальная цена · ФУРНИТУРА BOYARD.pdf"
ren-направляющие-для-ящиков-пвш-направляющие-boyard-пвш-db-3501-на-250-мм-3355,hardware,"НАПРАВЛЯЮЩИЕ ДЛЯ ЯЩИКОВ ПВШ: Направляющие Boyard ПВШ DB 3501 на 250 мм",set,150,"официальная цена · ФУРНИТУРА BOYARD.pdf"
ren-направляющие-для-ящиков-пвш-направляющие-boyard-пвш-db-3501-на-300-мм-3356,hardware,"НАПРАВЛЯЮЩИЕ ДЛЯ ЯЩИКОВ ПВШ: Направляющие Boyard ПВШ DB 3501 на 300 мм",set,180,"официальная цена · ФУРНИТУРА BOYARD.pdf"
ren-направляющие-для-ящиков-пвш-направляющие-boyard-пвш-db-3501-на-350-мм-3357,hardware,"НАПРАВЛЯЮЩИЕ ДЛЯ ЯЩИКОВ ПВШ: Направляющие Boyard ПВШ DB 3501 на 350 мм",set,270,"официальная цена · ФУРНИТУРА BOYARD.pdf"
ren-направляющие-для-ящиков-пвш-направляющие-boyard-пвш-db-3501-на-400-мм-3358,hardware,"НАПРАВЛЯЮЩИЕ ДЛЯ ЯЩИКОВ ПВШ: Направляющие Boyard ПВШ DB 3501 на 400 мм",set,240,"официальная цена · ФУРНИТУРА BOYARD.pdf"
ren-направляющие-для-ящиков-пвш-направляющие-boyard-пвш-db-3501-на-450-мм-3359,hardware,"НАПРАВЛЯЮЩИЕ ДЛЯ ЯЩИКОВ ПВШ: Направляющие Boyard ПВШ DB 3501 на 450 мм",set,260,"официальная цена · ФУРНИТУРА BOYARD.pdf"
ren-направляющие-для-ящиков-пвш-направляющие-boyard-пвш-db-3501-на-500-мм-3360,hardware,"НАПРАВЛЯЮЩИЕ ДЛЯ ЯЩИКОВ ПВШ: Направляющие Boyard ПВШ DB 3501 на 500 мм",set,370,"официальная цена · ФУРНИТУРА BOYARD.pdf"
ren-направляющие-для-ящиков-пвш-направляющие-boyard-пвш-db-3501-на-550-мм-3361,hardware,"НАПРАВЛЯЮЩИЕ ДЛЯ ЯЩИКОВ ПВШ: Направляющие Boyard ПВШ DB 3501 на 550 мм",set,400,"официальная цена · ФУРНИТУРА BOYARD.pdf"
ren-направляющие-для-ящиков-пвш-направляющие-boyard-пвш-push-open-db4515zn-300-3362,hardware,"НАПРАВЛЯЮЩИЕ ДЛЯ ЯЩИКОВ ПВШ: Направляющие Boyard ПВШ Push-Open DB4515Zn 300",set,840,"официальная цена · ФУРНИТУРА BOYARD.pdf"
ren-направляющие-для-ящиков-пвш-направляющие-boyard-пвш-push-open-db4515zn-350-3363,hardware,"НАПРАВЛЯЮЩИЕ ДЛЯ ЯЩИКОВ ПВШ: Направляющие Boyard ПВШ Push-Open DB4515Zn 350",set,950,"официальная цена · ФУРНИТУРА BOYARD.pdf"
ren-направляющие-для-ящиков-пвш-направляющие-boyard-пвш-push-open-db4515zn-400-3364,hardware,"НАПРАВЛЯЮЩИЕ ДЛЯ ЯЩИКОВ ПВШ: Направляющие Boyard ПВШ Push-Open DB4515Zn 400",set,1050,"официальная цена · ФУРНИТУРА BOYARD.pdf"
ren-направляющие-для-ящиков-пвш-направляющие-boyard-пвш-push-open-db4515zn-450-3365,hardware,"НАПРАВЛЯЮЩИЕ ДЛЯ ЯЩИКОВ ПВШ: Направляющие Boyard ПВШ Push-Open DB4515Zn 450",set,1140,"официальная цена · ФУРНИТУРА BOYARD.pdf"
ren-направляющие-для-ящиков-пвш-направляющие-boyard-пвш-push-open-db4515zn-500-3366,hardware,"НАПРАВЛЯЮЩИЕ ДЛЯ ЯЩИКОВ ПВШ: Направляющие Boyard ПВШ Push-Open DB4515Zn 500",set,1250,"официальная цена · ФУРНИТУРА BOYARD.pdf"
ren-направляющие-для-ящиков-пвш-направляющие-для-клавиатуры-пвш-на-360мм-3367,hardware,"НАПРАВЛЯЮЩИЕ ДЛЯ ЯЩИКОВ ПВШ: Направляющие для клавиатуры ПВШ на 360мм",set,230,"официальная цена · ФУРНИТУРА BOYARD.pdf"
ren-направляющие-для-ящиков-пвш-направляющие-для-ящиков-пвш-db4525-с-доводчиком-на-3-3368,hardware,"НАПРАВЛЯЮЩИЕ ДЛЯ ЯЩИКОВ ПВШ: Направляющие для ящиков ПВШ ""DB4525"" с доводчиком на 350 мм",set,630,"официальная цена · ФУРНИТУРА BOYARD.pdf"
ren-направляющие-для-ящиков-пвш-направляющие-для-ящиков-пвш-db4525-с-доводчиком-на-4-3369,hardware,"НАПРАВЛЯЮЩИЕ ДЛЯ ЯЩИКОВ ПВШ: Направляющие для ящиков ПВШ ""DB4525"" с доводчиком на 400 мм",set,690,"официальная цена · ФУРНИТУРА BOYARD.pdf"
ren-направляющие-для-ящиков-пвш-направляющие-для-ящиков-пвш-db4525-с-доводчиком-на-4-3370,hardware,"НАПРАВЛЯЮЩИЕ ДЛЯ ЯЩИКОВ ПВШ: Направляющие для ящиков ПВШ ""DB4525"" с доводчиком на 450 мм",set,760,"официальная цена · ФУРНИТУРА BOYARD.pdf"
ren-направляющие-для-ящиков-пвш-направляющие-для-ящиков-пвш-db4525-с-доводчиком-на-5-3371,hardware,"НАПРАВЛЯЮЩИЕ ДЛЯ ЯЩИКОВ ПВШ: Направляющие для ящиков ПВШ ""DB4525"" с доводчиком на 500 мм",set,820,"официальная цена · ФУРНИТУРА BOYARD.pdf"
ren-направляющие-для-ящиков-пвш-направляющие-для-ящиков-пвш-db4525-с-доводчиком-на-5-3372,hardware,"НАПРАВЛЯЮЩИЕ ДЛЯ ЯЩИКОВ ПВШ: Направляющие для ящиков ПВШ ""DB4525"" с доводчиком на 550 мм",set,880,"официальная цена · ФУРНИТУРА BOYARD.pdf"
ren-метабоксы-и-комплектующие-направляющие-механизмы-роликовые-mb-mb086-глуб-270-3373,hardware,"МЕТАБОКСЫ И КОМПЛЕКТУЮЩИЕ: Направляющие механизмы роликовые MB (MB086) глуб.270",set,510,"официальная цена · ФУРНИТУРА BOYARD.pdf"
ren-метабоксы-и-комплектующие-направляющие-механизмы-роликовые-mb-mb086-глуб-300-3374,hardware,"МЕТАБОКСЫ И КОМПЛЕКТУЮЩИЕ: Направляющие механизмы роликовые MB (MB086) глуб.300",set,600,"официальная цена · ФУРНИТУРА BOYARD.pdf"
ren-метабоксы-и-комплектующие-направляющие-механизмы-роликовые-mb-mb086-глуб-350-3375,hardware,"МЕТАБОКСЫ И КОМПЛЕКТУЮЩИЕ: Направляющие механизмы роликовые MB (MB086) глуб.350",set,670,"официальная цена · ФУРНИТУРА BOYARD.pdf"
ren-метабоксы-и-комплектующие-направляющие-механизмы-роликовые-mb-mb086-глуб-400-3376,hardware,"МЕТАБОКСЫ И КОМПЛЕКТУЮЩИЕ: Направляющие механизмы роликовые MB (MB086) глуб.400",set,970,"официальная цена · ФУРНИТУРА BOYARD.pdf"
ren-метабоксы-и-комплектующие-направляющие-механизмы-роликовые-mb-mb086-глуб-450-3377,hardware,"МЕТАБОКСЫ И КОМПЛЕКТУЮЩИЕ: Направляющие механизмы роликовые MB (MB086) глуб.450",set,1010,"официальная цена · ФУРНИТУРА BOYARD.pdf"
ren-метабоксы-и-комплектующие-направляющие-механизмы-роликовые-mb-mb086-глуб-500-3378,hardware,"МЕТАБОКСЫ И КОМПЛЕКТУЮЩИЕ: Направляющие механизмы роликовые MB (MB086) глуб.500",set,1110,"официальная цена · ФУРНИТУРА BOYARD.pdf"
ren-метабоксы-и-комплектующие-направляющие-механизмы-роликовые-mb-mb150-глуб-300-3379,hardware,"МЕТАБОКСЫ И КОМПЛЕКТУЮЩИЕ: Направляющие механизмы роликовые MB (MB150) глуб.300",set,760,"официальная цена · ФУРНИТУРА BOYARD.pdf"
ren-метабоксы-и-комплектующие-направляющие-механизмы-роликовые-mb-mb150-глуб-350-3380,hardware,"МЕТАБОКСЫ И КОМПЛЕКТУЮЩИЕ: Направляющие механизмы роликовые MB (MB150) глуб.350",set,880,"официальная цена · ФУРНИТУРА BOYARD.pdf"
ren-метабоксы-и-комплектующие-направляющие-механизмы-роликовые-mb-mb150-глуб-400-3381,hardware,"МЕТАБОКСЫ И КОМПЛЕКТУЮЩИЕ: Направляющие механизмы роликовые MB (MB150) глуб.400",set,1290,"официальная цена · ФУРНИТУРА BOYARD.pdf"
ren-метабоксы-и-комплектующие-направляющие-механизмы-роликовые-mb-mb150-глуб-450-3382,hardware,"МЕТАБОКСЫ И КОМПЛЕКТУЮЩИЕ: Направляющие механизмы роликовые MB (MB150) глуб.450",set,1410,"официальная цена · ФУРНИТУРА BOYARD.pdf"
ren-метабоксы-и-комплектующие-направляющие-механизмы-роликовые-mb-mb150-глуб-500-3383,hardware,"МЕТАБОКСЫ И КОМПЛЕКТУЮЩИЕ: Направляющие механизмы роликовые MB (MB150) глуб.500",set,1500,"официальная цена · ФУРНИТУРА BOYARD.pdf"
ren-метабоксы-и-комплектующие-рейлинг-для-мв-mb00081w-350-boyard-3384,other,"МЕТАБОКСЫ И КОМПЛЕКТУЮЩИЕ: Рейлинг для МВ MB00081W 350 (Boyard)",set,440,"официальная цена · ФУРНИТУРА BOYARD.pdf"
ren-метабоксы-и-комплектующие-рейлинг-для-мв-mb00081w-400-boyard-3385,other,"МЕТАБОКСЫ И КОМПЛЕКТУЮЩИЕ: Рейлинг для МВ MB00081W 400 (Boyard)",set,620,"официальная цена · ФУРНИТУРА BOYARD.pdf"
ren-метабоксы-и-комплектующие-рейлинг-для-мв-mb00081w-450-boyard-3386,other,"МЕТАБОКСЫ И КОМПЛЕКТУЮЩИЕ: Рейлинг для МВ MB00081W 450 (Boyard)",set,690,"официальная цена · ФУРНИТУРА BOYARD.pdf"
ren-метабоксы-и-комплектующие-рейлинг-для-мв-mb00081w-500-boyard-3387,other,"МЕТАБОКСЫ И КОМПЛЕКТУЮЩИЕ: Рейлинг для МВ MB00081W 500 (Boyard)",set,710,"официальная цена · ФУРНИТУРА BOYARD.pdf"
ren-pучки-волна-золото-на-128-rs032-3-128gp-3388,other,"PУЧКИ: Волна золото на 128 RS032.3 128GP",pcs,170,"официальная цена · ФУРНИТУРА BOYARD.pdf"
ren-pучки-волна-золото-на-128-rs032-gp-3389,other,"PУЧКИ: Волна золото на 128 RS032.GP",pcs,170,"официальная цена · ФУРНИТУРА BOYARD.pdf"
ren-pучки-волна-золото-на-96-rs032-3-96gp-3390,other,"PУЧКИ: Волна золото на 96 RS032.3 96GP",pcs,150,"официальная цена · ФУРНИТУРА BOYARD.pdf"
ren-pучки-волна-золото-на-96-rs032-gp-3391,other,"PУЧКИ: Волна золото на 96 RS032.GP",pcs,150,"официальная цена · ФУРНИТУРА BOYARD.pdf"
ren-pучки-волна-сатин-на-128-rs032-3-128sc-3392,other,"PУЧКИ: Волна сатин на 128 RS032.3 128SC",pcs,340,"официальная цена · ФУРНИТУРА BOYARD.pdf"
ren-pучки-волна-сатин-на-128-rs032-sc-3393,other,"PУЧКИ: Волна сатин на 128 RS032.SC",pcs,340,"официальная цена · ФУРНИТУРА BOYARD.pdf"
ren-pучки-волна-сатин-на-96-rs032-3-96sc-3394,other,"PУЧКИ: Волна сатин на 96 RS032.3 96SC",pcs,250,"официальная цена · ФУРНИТУРА BOYARD.pdf"
ren-pучки-волна-сатин-на-96-rs032-sc-3395,other,"PУЧКИ: Волна сатин на 96 RS032.SC",pcs,250,"официальная цена · ФУРНИТУРА BOYARD.pdf"
ren-pучки-волна-хром-на-128-rs032-3-128cр-3396,other,"PУЧКИ: Волна хром на 128 RS032.3 128CР",pcs,340,"официальная цена · ФУРНИТУРА BOYARD.pdf"
ren-pучки-волна-хром-на-128-rs032-cр-3397,other,"PУЧКИ: Волна хром на 128 RS032.CР",pcs,340,"официальная цена · ФУРНИТУРА BOYARD.pdf"
ren-pучки-волна-хром-на-96-rs032-3-96cр-3398,other,"PУЧКИ: Волна хром на 96 RS032.3 96CР",pcs,250,"официальная цена · ФУРНИТУРА BOYARD.pdf"
ren-pучки-волна-хром-на-96-rs032-cр-3399,other,"PУЧКИ: Волна хром на 96 RS032.CР",pcs,250,"официальная цена · ФУРНИТУРА BOYARD.pdf"
ren-pучки-грибок-rc-003-cp-4-боярд-3400,other,"PУЧКИ: Грибок RC 003 CP.4 (Боярд)",pcs,40,"официальная цена · ФУРНИТУРА BOYARD.pdf"
ren-pучки-грибок-rc-006-gр-4-боярд-3401,other,"PУЧКИ: Грибок RC 006 GР.4 (Боярд)",pcs,220,"официальная цена · ФУРНИТУРА BOYARD.pdf"
ren-pучки-грибок-rc-006-sc-4-боярд-3402,other,"PУЧКИ: Грибок RC 006 SC.4 (Боярд)",pcs,220,"официальная цена · ФУРНИТУРА BOYARD.pdf"
ren-pучки-грибок-rc-006-ср-4-боярд-3403,other,"PУЧКИ: Грибок RC 006 СР.4 (Боярд)",pcs,220,"официальная цена · ФУРНИТУРА BOYARD.pdf"
ren-pучки-грибок-rc-007-cp-4-боярд-3404,other,"PУЧКИ: Грибок RC 007 CP.4 (Боярд)",pcs,80,"официальная цена · ФУРНИТУРА BOYARD.pdf"
ren-pучки-грибок-rc-007-sc-4-боярд-3405,other,"PУЧКИ: Грибок RC 007 SC.4 (Боярд)",pcs,70,"официальная цена · ФУРНИТУРА BOYARD.pdf"
ren-pучки-грибок-rc-011-gр-4-золото-боярд-3406,other,"PУЧКИ: Грибок RC 011 GР.4 золото (Боярд)",pcs,70,"официальная цена · ФУРНИТУРА BOYARD.pdf"
ren-pучки-грибок-rc-011-sc-4-сатин-боярд-3407,other,"PУЧКИ: Грибок RC 011 SC.4 сатин (Боярд)",pcs,100,"официальная цена · ФУРНИТУРА BOYARD.pdf"
ren-pучки-грибок-rc-011-ср-4-хром-боярд-3408,other,"PУЧКИ: Грибок RC 011 СР.4 хром (Боярд)",pcs,90,"официальная цена · ФУРНИТУРА BOYARD.pdf"
ren-pучки-грибок-rc-012-sc-4-боярд-3409,other,"PУЧКИ: Грибок RC 012 SC.4 (Боярд)",pcs,140,"официальная цена · ФУРНИТУРА BOYARD.pdf"
ren-pучки-грибок-rc-012-ср-4-боярд-3410,other,"PУЧКИ: Грибок RC 012 СР.4 (Боярд)",pcs,60,"официальная цена · ФУРНИТУРА BOYARD.pdf"
ren-pучки-грибок-rc-013-cp-4-боярд-3411,other,"PУЧКИ: Грибок RC 013 CP.4 (Боярд)",pcs,160,"официальная цена · ФУРНИТУРА BOYARD.pdf"
ren-pучки-грибок-rc-014-sc-4-боярд-3412,other,"PУЧКИ: Грибок RC 014 SC.4 (Боярд)",pcs,260,"официальная цена · ФУРНИТУРА BOYARD.pdf"
ren-pучки-грибок-rc-014-ср-4-боярд-3413,other,"PУЧКИ: Грибок RC 014 СР.4 (Боярд)",pcs,170,"официальная цена · ФУРНИТУРА BOYARD.pdf"
ren-pучки-грибок-rc-015-sc-4-боярд-3414,other,"PУЧКИ: Грибок RC 015 SC.4 (Боярд)",pcs,50,"официальная цена · ФУРНИТУРА BOYARD.pdf"
ren-pучки-грибок-rc-016-sc-4-боярд-3415,other,"PУЧКИ: Грибок RC 016 SC.4 (Боярд)",pcs,190,"официальная цена · ФУРНИТУРА BOYARD.pdf"
ren-pучки-грибок-rc-024-ав-3-боярд-3416,other,"PУЧКИ: Грибок RC 024 АВ.3 (Боярд)",pcs,160,"официальная цена · ФУРНИТУРА BOYARD.pdf"
ren-pучки-грибок-rc-026-ав-3-боярд-3417,other,"PУЧКИ: Грибок RC 026 АВ.3 (Боярд)",pcs,270,"официальная цена · ФУРНИТУРА BOYARD.pdf"
ren-pучки-грибок-rc-027-ав-3-боярд-3418,other,"PУЧКИ: Грибок RC 027 АВ.3 (Боярд)",pcs,160,"официальная цена · ФУРНИТУРА BOYARD.pdf"
ren-pучки-грибок-rc-032-ab-4-боярд-3419,other,"PУЧКИ: Грибок RC 032 AB.4 (Боярд)",pcs,170,"официальная цена · ФУРНИТУРА BOYARD.pdf"
ren-pучки-грибок-rc-035-bsn-4-боярд-3420,other,"PУЧКИ: Грибок RC 035 BSN.4 (Боярд)",pcs,430,"официальная цена · ФУРНИТУРА BOYARD.pdf"
ren-pучки-грибок-rc-039-ab-5-боярд-3421,other,"PУЧКИ: Грибок RC 039 AB.5 (Боярд)",pcs,330,"официальная цена · ФУРНИТУРА BOYARD.pdf"
ren-pучки-грибок-rc-041-ab-4-боярд-3422,other,"PУЧКИ: Грибок RC 041 AB.4 (Боярд)",pcs,80,"официальная цена · ФУРНИТУРА BOYARD.pdf"
ren-pучки-грибок-rc-042-mbsg-4-боярд-3423,other,"PУЧКИ: Грибок RC 042 MBSG.4 (Боярд)",pcs,390,"официальная цена · ФУРНИТУРА BOYARD.pdf"
ren-pучки-грибок-rc-042-ср-4-боярд-3424,other,"PУЧКИ: Грибок RC 042 СР.4 (Боярд)",pcs,360,"официальная цена · ФУРНИТУРА BOYARD.pdf"
ren-pучки-грибок-rc-043-ab-3-боярд-3425,other,"PУЧКИ: Грибок RC 043 AB.3 (Боярд)",pcs,80,"официальная цена · ФУРНИТУРА BOYARD.pdf"
ren-pучки-грибок-rc-050-ab-3-боярд-3426,other,"PУЧКИ: Грибок RC 050 AB.3 (Боярд)",pcs,110,"официальная цена · ФУРНИТУРА BOYARD.pdf"
ren-pучки-грибок-rc-051-ab-3-боярд-3427,other,"PУЧКИ: Грибок RC 051 AB.3 (Боярд)",pcs,230,"официальная цена · ФУРНИТУРА BOYARD.pdf"
ren-pучки-грибок-rc-053-ab-4-боярд-3428,other,"PУЧКИ: Грибок RC 053 AB.4 (Боярд)",pcs,200,"официальная цена · ФУРНИТУРА BOYARD.pdf"
ren-pучки-грибок-rc-055-ab-3-bl17-боярд-3429,other,"PУЧКИ: Грибок RC 055 AB.3 BL17 (Боярд)",pcs,240,"официальная цена · ФУРНИТУРА BOYARD.pdf"
ren-pучки-грибок-rc-055-ab-3-w17-боярд-3430,other,"PУЧКИ: Грибок RC 055 AB.3 W17 (Боярд)",pcs,450,"официальная цена · ФУРНИТУРА BOYARD.pdf"
ren-pучки-грибок-rc-056-ab-4-боярд-3431,other,"PУЧКИ: Грибок RC 056 AB.4 (Боярд)",pcs,120,"официальная цена · ФУРНИТУРА BOYARD.pdf"
ren-pучки-грибок-rc-058-ab-5-боярд-3432,other,"PУЧКИ: Грибок RC 058 AB.5 (Боярд)",pcs,380,"официальная цена · ФУРНИТУРА BOYARD.pdf"
ren-pучки-грибок-rc-060-ab-5-боярд-3433,other,"PУЧКИ: Грибок RC 060 AB.5 (Боярд)",pcs,80,"официальная цена · ФУРНИТУРА BOYARD.pdf"
ren-pучки-грибок-rc-080-sc-4-боярд-3434,other,"PУЧКИ: Грибок RC 080 SC.4 (Боярд)",pcs,60,"официальная цена · ФУРНИТУРА BOYARD.pdf"
ren-pучки-грибок-rc-087-as-sg-4-боярд-3435,other,"PУЧКИ: Грибок RC 087 AS SG.4 (Боярд)",pcs,260,"официальная цена · ФУРНИТУРА BOYARD.pdf"
ren-pучки-грибок-rc-089-bl-4-боярд-3436,other,"PУЧКИ: Грибок RC 089 BL.4 (Боярд)",pcs,450,"официальная цена · ФУРНИТУРА BOYARD.pdf"
ren-pучки-грибок-rc-103-sc-1-боярд-3437,other,"PУЧКИ: Грибок RC 103 SC.1 (Боярд)",pcs,90,"официальная цена · ФУРНИТУРА BOYARD.pdf"
ren-pучки-грибок-rc-108-bab-4-w-боярд-3438,other,"PУЧКИ: Грибок RC 108 BAB.4 W (Боярд)",pcs,440,"официальная цена · ФУРНИТУРА BOYARD.pdf"
ren-pучки-грибок-rc-111-ab-5-боярд-3439,other,"PУЧКИ: Грибок RC 111 AB.5 (Боярд)",pcs,220,"официальная цена · ФУРНИТУРА BOYARD.pdf"
ren-pучки-грибок-rc-112-mab-4-bg-боярд-3440,other,"PУЧКИ: Грибок RC 112 MAB.4 Bg (Боярд)",pcs,320,"официальная цена · ФУРНИТУРА BOYARD.pdf"
ren-pучки-грибок-rc-200-sc-5-боярд-3441,other,"PУЧКИ: Грибок RC 200 SC.5 (Боярд)",pcs,200,"официальная цена · ФУРНИТУРА BOYARD.pdf"
ren-pучки-грибок-rc-289-bl-4-боярд-3442,other,"PУЧКИ: Грибок RC 289 BL.4 (Боярд)",pcs,390,"официальная цена · ФУРНИТУРА BOYARD.pdf"
ren-pучки-грибок-rc-300-cp-wwl-4-боярд-3443,other,"PУЧКИ: Грибок RC 300 CP WWL.4 (Боярд)",pcs,1010,"официальная цена · ФУРНИТУРА BOYARD.pdf"
ren-pучки-грибок-rc-308-mbsn-4-боярд-3444,other,"PУЧКИ: Грибок RC 308 MBSN.4 (Боярд)",pcs,770,"официальная цена · ФУРНИТУРА BOYARD.pdf"
ren-pучки-грибок-rc-309-mbsn-4-боярд-3445,other,"PУЧКИ: Грибок RC 309 MBSN.4 (Боярд)",pcs,510,"официальная цена · ФУРНИТУРА BOYARD.pdf"
ren-pучки-грибок-rc-400-bl-4-боярд-3446,other,"PУЧКИ: Грибок RC 400 BL.4 (Боярд)",pcs,250,"официальная цена · ФУРНИТУРА BOYARD.pdf"
ren-pучки-грибок-rc-402-baz-4-боярд-3447,other,"PУЧКИ: Грибок RC 402 BAZ.4 (Боярд)",pcs,140,"официальная цена · ФУРНИТУРА BOYARD.pdf"
ren-pучки-грибок-rc-404-bab-4-боярд-3448,other,"PУЧКИ: Грибок RC 404 BAB.4 (Боярд)",pcs,140,"официальная цена · ФУРНИТУРА BOYARD.pdf"
ren-pучки-грибок-rc-408-eab-4-боярд-3449,other,"PУЧКИ: Грибок RC 408 EAB.4 (Боярд)",pcs,320,"официальная цена · ФУРНИТУРА BOYARD.pdf"
ren-pучки-грибок-rc-409-bab-4-боярд-3450,other,"PУЧКИ: Грибок RC 409 BAB.4 (Боярд)",pcs,130,"официальная цена · ФУРНИТУРА BOYARD.pdf"
ren-pучки-грибок-rc-411cp-crw-4-боярд-3451,other,"PУЧКИ: Грибок RC 411CP CrW.4 (Боярд)",pcs,330,"официальная цена · ФУРНИТУРА BOYARD.pdf"
ren-pучки-грибок-rc-414-bap-1-боярд-3452,other,"PУЧКИ: Грибок RC 414 BAP.1 (Боярд)",pcs,330,"официальная цена · ФУРНИТУРА BOYARD.pdf"
ren-pучки-грибок-rc-415-bab-5-боярд-3453,other,"PУЧКИ: Грибок RC 415 BAB.5 (Боярд)",pcs,480,"официальная цена · ФУРНИТУРА BOYARD.pdf"
ren-pучки-грибок-rc-415-bac-5-боярд-3454,other,"PУЧКИ: Грибок RC 415 BAC.5 (Боярд)",pcs,600,"официальная цена · ФУРНИТУРА BOYARD.pdf"
ren-pучки-грибок-rc-417-bap-5-боярд-3455,other,"PУЧКИ: Грибок RC 417 BAP.5 (Боярд)",pcs,150,"официальная цена · ФУРНИТУРА BOYARD.pdf"
ren-pучки-грибок-rc-433-bl-4-боярд-3456,other,"PУЧКИ: Грибок RC 433 BL.4 (Боярд)",pcs,220,"официальная цена · ФУРНИТУРА BOYARD.pdf"
ren-pучки-грибок-rc-503-ac-1-боярд-3457,other,"PУЧКИ: Грибок RC 503 AC.1 (Боярд)",pcs,560,"официальная цена · ФУРНИТУРА BOYARD.pdf"
ren-pучки-грибок-rc-506-rchmp-1-боярд-3458,other,"PУЧКИ: Грибок RC 506 RCHMP.1 (Боярд)",pcs,430,"официальная цена · ФУРНИТУРА BOYARD.pdf"
ren-pучки-грибок-rc-512-gr-4-боярд-3459,other,"PУЧКИ: Грибок RC 512 GR.4 (Боярд)",pcs,290,"официальная цена · ФУРНИТУРА BOYARD.pdf"
ren-pучки-грибок-rc-514-db-br-4-боярд-3460,other,"PУЧКИ: Грибок RC 514 DB Br.4 (Боярд)",pcs,200,"официальная цена · ФУРНИТУРА BOYARD.pdf"
ren-pучки-грибок-rc-517-gr-4-боярд-зайчик-3461,other,"PУЧКИ: Грибок RC 517 GR.4 (Боярд) зайчик",pcs,180,"официальная цена · ФУРНИТУРА BOYARD.pdf"
ren-pучки-нактали-золото-на-128-rs002-4-128gр-3462,other,"PУЧКИ: Нактали золото на 128 RS002.4 128GР",pcs,190,"официальная цена · ФУРНИТУРА BOYARD.pdf"
ren-pучки-нактали-золото-на-96-rs002-4-96gр-3463,other,"PУЧКИ: Нактали золото на 96 RS002.4 96GР",pcs,110,"официальная цена · ФУРНИТУРА BOYARD.pdf"
ren-pучки-нактали-сатин-на-128-rs002-4-128sc-3464,other,"PУЧКИ: Нактали сатин на 128 RS002.4 128SC",pcs,390,"официальная цена · ФУРНИТУРА BOYARD.pdf"
ren-pучки-нактали-сатин-на-96-rs002-4-96sc-3465,other,"PУЧКИ: Нактали сатин на 96 RS002.4 96SC",pcs,220,"официальная цена · ФУРНИТУРА BOYARD.pdf"